ticket_id,customer_id,issue_type,priority,status,created_date,resolved_date,channel
TKT00000001,CUST000989,Card Block,High,Resolved,2024-02-02,2024-02-10,Branch
TKT00000002,CUST000167,Chargeback,Low,In Progress,2024-04-29,,Branch
TKT00000003,CUST000863,KYC Update,Critical,Resolved,2026-01-25,2026-02-02,Mobile App
TKT00000004,CUST000388,Loan Query,Low,In Progress,2024-12-01,,Mobile App
TKT00000005,CUST000536,Loan Query,Low,Resolved,2025-10-23,2025-11-01,Email
TKT00000006,CUST000248,Loan Query,Critical,Closed,2025-02-24,2025-02-26,Mobile App
TKT00000007,CUST000759,Statement Request,Medium,Resolved,2026-01-05,2026-01-08,Branch
TKT00000008,CUST000581,Loan Query,Critical,Resolved,2026-03-23,2026-04-01,Mobile App
TKT00000009,CUST000774,Loan Query,High,Resolved,2024-02-26,2024-02-28,Phone
TKT00000010,CUST000989,Account Access,High,Closed,2024-06-19,2024-06-25,Branch
TKT00000011,CUST000058,Fraud Complaint,Medium,Resolved,2024-03-15,2024-03-29,Branch
TKT00000012,CUST000777,Statement Request,Low,Resolved,2025-05-20,2025-06-01,Phone
TKT00000013,CUST000288,Account Access,Medium,Open,2024-08-20,,Mobile App
TKT00000014,CUST000989,Failed Transaction,High,In Progress,2024-05-31,,Chat
TKT00000015,CUST000198,Chargeback,Low,Resolved,2024-07-23,2024-07-29,Mobile App
TKT00000016,CUST000316,Statement Request,Medium,Resolved,2025-09-20,2025-09-26,Branch
TKT00000017,CUST000467,Statement Request,Low,In Progress,2025-02-14,,Branch
TKT00000018,CUST000584,Account Access,Medium,Resolved,2025-03-15,2025-03-29,Email
TKT00000019,CUST000320,Statement Request,Medium,Resolved,2024-06-27,2024-06-28,Chat
TKT00000020,CUST000625,KYC Update,Low,Resolved,2024-09-12,2024-09-25,Branch
TKT00000021,CUST000226,Chargeback,High,Closed,2025-08-16,2025-08-30,Phone
TKT00000022,CUST000363,Card Block,Critical,Open,2026-01-02,,Chat
TKT00000023,CUST000975,Account Access,Critical,In Progress,2025-10-13,,Phone
TKT00000024,CUST000591,Failed Transaction,High,Open,2025-05-03,,Email
TKT00000025,CUST000443,Card Block,Low,Resolved,2026-05-15,2026-05-16,Mobile App
TKT00000026,CUST000099,Statement Request,Medium,Resolved,2025-01-18,2025-01-24,Phone
TKT00000027,CUST000352,Failed Transaction,Low,Resolved,2026-04-10,2026-04-23,Mobile App
TKT00000028,CUST000947,Fraud Complaint,Critical,Closed,2024-08-02,2024-08-17,Branch
TKT00000029,CUST000456,Chargeback,Low,Resolved,2025-06-08,2025-06-10,Mobile App
TKT00000030,CUST000068,Fraud Complaint,Medium,Closed,2025-02-12,2025-02-14,Mobile App
TKT00000031,CUST000274,Loan Query,Critical,Closed,2024-02-15,2024-02-19,Branch
TKT00000032,CUST000974,Statement Request,High,Resolved,2025-03-30,2025-04-08,Branch
TKT00000033,CUST000003,Fraud Complaint,High,Open,2026-03-18,,Email
TKT00000034,CUST000110,Card Block,High,Closed,2025-01-19,2025-01-26,Email
TKT00000035,CUST000173,Fraud Complaint,Low,Closed,2024-04-16,2024-04-21,Email
TKT00000036,CUST000603,KYC Update,Critical,Open,2024-08-09,,Email
TKT00000037,CUST000474,Account Access,Critical,Closed,2024-12-13,2024-12-22,Email
TKT00000038,CUST000906,Chargeback,High,Resolved,2024-04-30,2024-05-04,Branch
TKT00000039,CUST000899,Loan Query,Low,In Progress,2025-06-13,,Email
TKT00000040,CUST000803,Account Access,High,Open,2026-02-23,,Phone
TKT00000041,CUST000950,Failed Transaction,Low,Closed,2024-12-30,2025-01-13,Branch
TKT00000042,CUST000857,Fraud Complaint,Critical,Closed,2024-12-24,2025-01-05,Chat
TKT00000043,CUST000796,Statement Request,High,Resolved,2025-09-16,2025-09-30,Mobile App
TKT00000044,CUST000544,Account Access,Critical,Closed,2024-12-29,2025-01-02,Phone
TKT00000045,CUST000765,Statement Request,Medium,Closed,2024-02-21,2024-03-06,Phone
TKT00000046,CUST000456,Account Access,High,Resolved,2024-02-22,2024-02-25,Phone
TKT00000047,CUST000404,Loan Query,Low,In Progress,2024-01-03,,Branch
TKT00000048,CUST000971,Failed Transaction,High,Open,2025-12-01,,Mobile App
TKT00000049,CUST000220,Loan Query,Low,Closed,2026-01-26,2026-02-02,Phone
TKT00000050,CUST000363,Loan Query,Medium,Resolved,2025-07-08,2025-07-17,Email
TKT00000051,CUST000725,Loan Query,High,Resolved,2026-04-18,2026-05-03,Mobile App
TKT00000052,CUST000023,Card Block,High,Resolved,2025-09-27,2025-10-05,Mobile App
TKT00000053,CUST000185,Card Block,Critical,Resolved,2024-09-28,2024-10-03,Email
TKT00000054,CUST000584,Fraud Complaint,Medium,Resolved,2025-02-22,2025-03-04,Phone
TKT00000055,CUST000190,Failed Transaction,Medium,Resolved,2026-04-28,2026-05-02,Branch
TKT00000056,CUST000759,Chargeback,Critical,Open,2025-07-31,,Branch
TKT00000057,CUST000150,KYC Update,Medium,Closed,2026-04-24,2026-04-28,Email
TKT00000058,CUST000722,Failed Transaction,Medium,Open,2025-08-24,,Mobile App
TKT00000059,CUST000245,Chargeback,Low,In Progress,2025-02-26,,Chat
TKT00000060,CUST000334,Card Block,Medium,Resolved,2024-07-07,2024-07-09,Mobile App
TKT00000061,CUST000958,Statement Request,High,In Progress,2025-03-11,,Phone
TKT00000062,CUST000331,Fraud Complaint,Medium,Closed,2024-11-03,2024-11-11,Branch
TKT00000063,CUST000204,Failed Transaction,Critical,Resolved,2025-09-18,2025-09-28,Mobile App
TKT00000064,CUST000922,KYC Update,Low,Resolved,2024-02-22,2024-03-03,Chat
TKT00000065,CUST000497,Account Access,Critical,Closed,2024-05-24,2024-06-08,Phone
TKT00000066,CUST000815,Card Block,Medium,Open,2024-04-08,,Mobile App
TKT00000067,CUST000490,Loan Query,Medium,Closed,2025-07-03,2025-07-14,Phone
TKT00000068,CUST000470,Failed Transaction,Medium,Closed,2024-10-22,2024-10-23,Branch
TKT00000069,CUST000564,Card Block,Medium,Resolved,2025-01-20,2025-01-24,Branch
TKT00000070,CUST000964,Failed Transaction,Low,Resolved,2024-12-02,2024-12-16,Phone
TKT00000071,CUST000450,Failed Transaction,High,Open,2024-11-03,,Mobile App
TKT00000072,CUST000260,Chargeback,Critical,Resolved,2025-04-01,2025-04-10,Branch
TKT00000073,CUST000378,Fraud Complaint,Critical,In Progress,2024-07-16,,Branch
TKT00000074,CUST000706,Failed Transaction,High,Closed,2026-03-10,2026-03-12,Phone
TKT00000075,CUST000461,Failed Transaction,High,In Progress,2026-03-02,,Phone
TKT00000076,CUST000236,Chargeback,Low,Closed,2025-05-17,2025-05-23,Chat
TKT00000077,CUST000671,Statement Request,Critical,In Progress,2024-05-19,,Mobile App
TKT00000078,CUST000762,KYC Update,Low,Resolved,2025-08-24,2025-09-08,Email
TKT00000079,CUST000613,Card Block,Low,Open,2024-08-31,,Branch
TKT00000080,CUST000364,Card Block,Low,In Progress,2024-01-13,,Email
TKT00000081,CUST000829,KYC Update,Medium,Closed,2024-07-03,2024-07-06,Email
TKT00000082,CUST000121,Chargeback,High,Closed,2024-10-09,2024-10-17,Branch
TKT00000083,CUST000930,Loan Query,High,Resolved,2024-08-19,2024-08-20,Mobile App
TKT00000084,CUST000800,Statement Request,Low,Closed,2024-08-23,2024-09-03,Phone
TKT00000085,CUST000529,Loan Query,High,Resolved,2024-11-13,2024-11-15,Branch
TKT00000086,CUST000193,Fraud Complaint,Low,Closed,2025-12-12,2025-12-13,Phone
TKT00000087,CUST000053,KYC Update,Critical,Closed,2026-03-20,2026-03-28,Phone
TKT00000088,CUST000461,KYC Update,Low,Closed,2024-02-11,2024-02-14,Chat
TKT00000089,CUST000255,KYC Update,Critical,Open,2024-08-27,,Mobile App
TKT00000090,CUST000352,Fraud Complaint,High,Closed,2025-10-02,2025-10-15,Email
TKT00000091,CUST000191,Chargeback,Medium,Resolved,2024-07-14,2024-07-18,Mobile App
TKT00000092,CUST000763,Chargeback,Critical,Closed,2024-08-15,2024-08-21,Mobile App
TKT00000093,CUST000744,KYC Update,Medium,Resolved,2024-12-20,2024-12-30,Chat
TKT00000094,CUST000830,Statement Request,Medium,In Progress,2025-03-10,,Phone
TKT00000095,CUST000924,Chargeback,Medium,Resolved,2025-11-27,2025-12-12,Chat
TKT00000096,CUST000125,KYC Update,Low,Closed,2024-10-14,2024-10-18,Branch
TKT00000097,CUST000208,Account Access,Low,Closed,2024-08-15,2024-08-28,Mobile App
TKT00000098,CUST000539,Account Access,High,Closed,2024-07-18,2024-07-25,Email
TKT00000099,CUST000384,Statement Request,Medium,Closed,2025-10-29,2025-11-04,Branch
TKT00000100,CUST000842,Statement Request,Medium,Closed,2025-08-01,2025-08-08,Branch
TKT00000101,CUST000304,KYC Update,Critical,Resolved,2025-03-28,2025-04-12,Branch
TKT00000102,CUST000847,Statement Request,High,Open,2024-03-29,,Phone
TKT00000103,CUST000175,KYC Update,High,Resolved,2025-01-09,2025-01-18,Email
TKT00000104,CUST000320,Account Access,Medium,In Progress,2025-09-13,,Chat
TKT00000105,CUST000280,Statement Request,Low,In Progress,2025-06-12,,Branch
TKT00000106,CUST000435,Loan Query,High,In Progress,2024-01-22,,Email
TKT00000107,CUST000435,Loan Query,Low,Open,2024-10-04,,Branch
TKT00000108,CUST000692,Chargeback,High,Closed,2024-03-19,2024-03-21,Email
TKT00000109,CUST000301,Failed Transaction,High,Resolved,2025-11-05,2025-11-08,Branch
TKT00000110,CUST000220,Loan Query,Low,Resolved,2025-10-24,2025-10-26,Chat
TKT00000111,CUST000372,Card Block,Critical,Closed,2026-01-29,2026-02-06,Phone
TKT00000112,CUST000577,Statement Request,Critical,Closed,2025-05-11,2025-05-21,Email
TKT00000113,CUST000632,Chargeback,Critical,Open,2024-08-23,,Phone
TKT00000114,CUST000100,Chargeback,Critical,Closed,2024-09-26,2024-10-04,Chat
TKT00000115,CUST000596,Fraud Complaint,Low,In Progress,2025-09-20,,Phone
TKT00000116,CUST000504,Card Block,Low,Closed,2024-11-27,2024-12-02,Mobile App
TKT00000117,CUST000689,Statement Request,Medium,Resolved,2025-01-11,2025-01-18,Mobile App
TKT00000118,CUST000812,Fraud Complaint,Critical,Closed,2025-07-24,2025-07-27,Chat
TKT00000119,CUST000211,KYC Update,Critical,Open,2026-03-28,,Mobile App
TKT00000120,CUST000543,Fraud Complaint,High,Closed,2026-02-08,2026-02-12,Mobile App
TKT00000121,CUST000262,Loan Query,High,Resolved,2024-10-19,2024-10-31,Mobile App
TKT00000122,CUST000558,Account Access,Critical,Closed,2026-05-11,2026-05-17,Email
TKT00000123,CUST000134,Chargeback,Low,Resolved,2024-08-11,2024-08-25,Phone
TKT00000124,CUST000767,KYC Update,Medium,Closed,2024-09-06,2024-09-18,Phone
TKT00000125,CUST000129,Account Access,Low,Resolved,2026-03-06,2026-03-13,Mobile App
TKT00000126,CUST000082,Chargeback,High,Resolved,2025-09-02,2025-09-12,Branch
TKT00000127,CUST000753,Card Block,Medium,In Progress,2025-12-14,,Email
TKT00000128,CUST000660,Fraud Complaint,Low,Resolved,2026-03-16,2026-03-20,Email
TKT00000129,CUST000582,Account Access,Low,Resolved,2026-02-12,2026-02-27,Chat
TKT00000130,CUST000929,Account Access,Critical,Closed,2024-05-05,2024-05-18,Branch
TKT00000131,CUST000751,Loan Query,Medium,Resolved,2025-07-07,2025-07-20,Phone
TKT00000132,CUST000486,Fraud Complaint,Critical,Open,2025-03-13,,Mobile App
TKT00000133,CUST000119,Loan Query,Medium,Open,2024-12-01,,Email
TKT00000134,CUST000289,Account Access,Critical,Resolved,2024-07-29,2024-08-10,Chat
TKT00000135,CUST000860,Chargeback,Critical,Resolved,2024-08-13,2024-08-23,Branch
TKT00000136,CUST000281,Chargeback,Medium,Resolved,2025-07-27,2025-08-02,Chat
TKT00000137,CUST000741,Card Block,Medium,Closed,2025-09-14,2025-09-25,Branch
TKT00000138,CUST000461,Account Access,Medium,Open,2024-05-10,,Email
TKT00000139,CUST000788,Fraud Complaint,Low,Resolved,2024-08-07,2024-08-10,Phone
TKT00000140,CUST000316,Fraud Complaint,High,Open,2024-05-15,,Chat
TKT00000141,CUST000069,Card Block,Low,Resolved,2024-04-27,2024-05-11,Email
TKT00000142,CUST000589,Statement Request,High,Resolved,2025-10-23,2025-10-30,Email
TKT00000143,CUST000676,KYC Update,Medium,In Progress,2024-11-08,,Email
TKT00000144,CUST000835,KYC Update,Critical,In Progress,2026-03-14,,Mobile App
TKT00000145,CUST000814,Loan Query,Low,Resolved,2025-01-10,2025-01-12,Phone
TKT00000146,CUST000127,Card Block,Low,Closed,2024-01-30,2024-01-31,Branch
TKT00000147,CUST000283,KYC Update,Low,Closed,2025-10-12,2025-10-23,Branch
TKT00000148,CUST000969,Card Block,Low,Resolved,2025-04-28,2025-05-13,Branch
TKT00000149,CUST000890,KYC Update,Critical,Resolved,2025-02-19,2025-02-27,Mobile App
TKT00000150,CUST000658,Chargeback,Low,In Progress,2025-09-09,,Mobile App
TKT00000151,CUST000453,Card Block,Medium,In Progress,2025-05-03,,Chat
TKT00000152,CUST000147,Loan Query,High,Resolved,2026-01-11,2026-01-13,Email
TKT00000153,CUST000914,Account Access,Low,In Progress,2026-03-14,,Chat
TKT00000154,CUST000340,Fraud Complaint,High,Open,2026-04-06,,Email
TKT00000155,CUST000943,Loan Query,High,Resolved,2024-05-23,2024-05-27,Branch
TKT00000156,CUST000553,Loan Query,Critical,Closed,2025-07-12,2025-07-27,Mobile App
TKT00000157,CUST000617,Account Access,Critical,Resolved,2024-06-15,2024-06-18,Chat
TKT00000158,CUST000321,Failed Transaction,Low,Closed,2025-04-08,2025-04-19,Branch
TKT00000159,CUST000761,Failed Transaction,High,Closed,2025-03-19,2025-04-02,Chat
TKT00000160,CUST000584,Failed Transaction,Critical,Closed,2024-08-09,2024-08-24,Chat
TKT00000161,CUST000670,KYC Update,Low,Resolved,2025-07-23,2025-07-30,Chat
TKT00000162,CUST000166,Account Access,High,In Progress,2025-03-19,,Chat
TKT00000163,CUST000922,Account Access,Medium,Resolved,2024-06-20,2024-07-04,Email
TKT00000164,CUST000052,Failed Transaction,Critical,Resolved,2025-08-23,2025-09-07,Phone
TKT00000165,CUST000334,Loan Query,Critical,Resolved,2025-11-27,2025-12-06,Mobile App
TKT00000166,CUST000276,Fraud Complaint,High,Resolved,2025-08-30,2025-09-14,Phone
TKT00000167,CUST000941,Account Access,Medium,Resolved,2024-11-01,2024-11-13,Chat
TKT00000168,CUST000822,Chargeback,Medium,Resolved,2025-11-27,2025-12-05,Branch
TKT00000169,CUST000513,Account Access,High,Resolved,2024-08-29,2024-09-01,Phone
TKT00000170,CUST000374,Card Block,Low,Open,2024-05-02,,Mobile App
TKT00000171,CUST000085,KYC Update,Low,Resolved,2024-01-12,2024-01-15,Mobile App
TKT00000172,CUST000455,Fraud Complaint,High,Resolved,2025-04-24,2025-04-29,Email
TKT00000173,CUST000117,Loan Query,High,Resolved,2025-09-11,2025-09-13,Chat
TKT00000174,CUST000827,Loan Query,High,Closed,2026-02-19,2026-03-03,Email
TKT00000175,CUST000988,KYC Update,Critical,Resolved,2026-01-15,2026-01-19,Phone
TKT00000176,CUST000029,Card Block,Medium,Open,2025-10-01,,Phone
TKT00000177,CUST000300,KYC Update,Critical,Resolved,2024-01-24,2024-01-31,Branch
TKT00000178,CUST000887,Account Access,Medium,In Progress,2024-10-17,,Branch
TKT00000179,CUST000165,Statement Request,High,Resolved,2024-06-23,2024-06-24,Chat
TKT00000180,CUST000650,Chargeback,Critical,Resolved,2025-05-23,2025-05-31,Mobile App
TKT00000181,CUST000459,Statement Request,Low,Resolved,2025-06-18,2025-07-01,Phone
TKT00000182,CUST000626,Chargeback,Medium,Open,2024-10-14,,Chat
TKT00000183,CUST000140,Card Block,Critical,Open,2025-12-23,,Chat
TKT00000184,CUST000031,Loan Query,Low,Resolved,2024-12-07,2024-12-09,Chat
TKT00000185,CUST000230,Card Block,High,Resolved,2025-09-13,2025-09-24,Chat
TKT00000186,CUST000828,Loan Query,Critical,In Progress,2025-06-18,,Branch
TKT00000187,CUST000267,Chargeback,Critical,Closed,2025-05-15,2025-05-26,Email
TKT00000188,CUST000268,Fraud Complaint,Medium,Open,2025-06-29,,Branch
TKT00000189,CUST000115,Chargeback,High,Closed,2024-04-20,2024-04-25,Chat
TKT00000190,CUST000541,Account Access,Low,Resolved,2024-02-01,2024-02-05,Email
TKT00000191,CUST000294,Chargeback,Critical,Resolved,2025-06-23,2025-07-07,Email
TKT00000192,CUST000331,Chargeback,Critical,In Progress,2026-04-20,,Phone
TKT00000193,CUST000720,Chargeback,Low,Closed,2024-05-14,2024-05-17,Email
TKT00000194,CUST000522,Fraud Complaint,High,Open,2025-04-10,,Email
TKT00000195,CUST000906,Statement Request,High,Resolved,2024-05-03,2024-05-07,Chat
TKT00000196,CUST000040,Loan Query,Low,Resolved,2024-01-05,2024-01-09,Phone
TKT00000197,CUST000036,Fraud Complaint,Low,In Progress,2026-05-20,,Mobile App
TKT00000198,CUST000634,Chargeback,High,Closed,2026-04-03,2026-04-05,Mobile App
TKT00000199,CUST000793,Statement Request,High,In Progress,2024-04-07,,Mobile App
TKT00000200,CUST000876,Chargeback,Critical,Resolved,2025-04-02,2025-04-17,Email
TKT00000201,CUST000309,Account Access,Critical,In Progress,2024-12-11,,Chat
TKT00000202,CUST000027,Failed Transaction,High,Resolved,2026-01-07,2026-01-08,Phone
TKT00000203,CUST000539,Failed Transaction,Critical,In Progress,2024-07-13,,Email
TKT00000204,CUST000625,Card Block,High,Resolved,2024-02-29,2024-03-07,Email
TKT00000205,CUST000658,Statement Request,High,Resolved,2024-02-14,2024-02-15,Branch
TKT00000206,CUST000345,Loan Query,Medium,Resolved,2024-11-05,2024-11-14,Branch
TKT00000207,CUST000858,Account Access,Critical,Closed,2024-12-16,2024-12-17,Chat
TKT00000208,CUST000489,Fraud Complaint,Low,Open,2024-12-31,,Branch
TKT00000209,CUST000536,KYC Update,Medium,Resolved,2024-12-21,2024-12-24,Branch
TKT00000210,CUST000463,Chargeback,Low,Resolved,2026-01-26,2026-02-02,Mobile App
TKT00000211,CUST000406,Fraud Complaint,Medium,Resolved,2026-04-11,2026-04-13,Email
TKT00000212,CUST000470,Card Block,Medium,In Progress,2026-04-05,,Branch
TKT00000213,CUST000902,Account Access,Medium,Resolved,2024-07-31,2024-08-02,Branch
TKT00000214,CUST000437,Fraud Complaint,Critical,Resolved,2024-02-07,2024-02-16,Phone
TKT00000215,CUST000514,Fraud Complaint,Critical,Closed,2026-01-06,2026-01-17,Email
TKT00000216,CUST000685,Card Block,Critical,Resolved,2025-06-01,2025-06-12,Branch
TKT00000217,CUST000646,Card Block,Critical,In Progress,2025-03-05,,Phone
TKT00000218,CUST000351,Card Block,Critical,Resolved,2025-05-15,2025-05-27,Chat
TKT00000219,CUST000661,Fraud Complaint,High,Open,2024-04-28,,Mobile App
TKT00000220,CUST000470,Loan Query,High,Open,2024-12-12,,Chat
TKT00000221,CUST000355,Failed Transaction,Low,Closed,2025-07-14,2025-07-28,Chat
TKT00000222,CUST000836,Statement Request,High,Open,2024-08-28,,Mobile App
TKT00000223,CUST000704,Chargeback,High,Open,2025-01-28,,Branch
TKT00000224,CUST000329,Card Block,Medium,Closed,2025-02-10,2025-02-11,Phone
TKT00000225,CUST000699,Chargeback,Low,Resolved,2025-10-22,2025-11-02,Branch
TKT00000226,CUST000334,Fraud Complaint,Low,Closed,2024-12-09,2024-12-17,Chat
TKT00000227,CUST000010,Chargeback,Critical,In Progress,2025-02-22,,Chat
TKT00000228,CUST000544,Account Access,Low,In Progress,2025-06-14,,Chat
TKT00000229,CUST000335,Card Block,Low,Resolved,2025-05-31,2025-06-13,Branch
TKT00000230,CUST000404,Account Access,Low,Resolved,2024-05-25,2024-05-30,Mobile App
TKT00000231,CUST000662,Card Block,High,Resolved,2025-01-10,2025-01-11,Chat
TKT00000232,CUST000008,Card Block,Critical,In Progress,2026-02-12,,Branch
TKT00000233,CUST000134,KYC Update,Low,In Progress,2026-02-05,,Email
TKT00000234,CUST000398,Account Access,High,Resolved,2024-06-26,2024-07-06,Branch
TKT00000235,CUST000002,Chargeback,High,Closed,2024-02-21,2024-02-25,Branch
TKT00000236,CUST000719,Loan Query,Low,Resolved,2025-04-18,2025-04-20,Email
TKT00000237,CUST000351,Account Access,High,Open,2026-03-18,,Email
TKT00000238,CUST000053,Failed Transaction,Critical,Resolved,2026-03-31,2026-04-10,Mobile App
TKT00000239,CUST000033,Failed Transaction,Critical,Open,2024-07-01,,Mobile App
TKT00000240,CUST000558,Statement Request,Medium,Resolved,2024-10-30,2024-10-31,Phone
TKT00000241,CUST000668,Fraud Complaint,High,Resolved,2024-04-28,2024-05-06,Email
TKT00000242,CUST000359,Loan Query,Low,Resolved,2026-01-18,2026-01-30,Branch
TKT00000243,CUST000955,Fraud Complaint,High,Resolved,2025-02-26,2025-03-13,Chat
TKT00000244,CUST000727,Card Block,Low,Resolved,2025-05-12,2025-05-13,Branch
TKT00000245,CUST000181,Fraud Complaint,Medium,Resolved,2025-10-11,2025-10-22,Branch
TKT00000246,CUST000253,Card Block,Medium,Resolved,2024-10-14,2024-10-22,Phone
TKT00000247,CUST000416,Account Access,High,Closed,2025-03-17,2025-03-30,Chat
TKT00000248,CUST000332,KYC Update,Medium,Resolved,2024-12-27,2025-01-08,Phone
TKT00000249,CUST000765,KYC Update,Critical,Resolved,2024-01-26,2024-02-01,Branch
TKT00000250,CUST000039,Account Access,Critical,Closed,2024-08-02,2024-08-10,Mobile App
TKT00000251,CUST000528,Chargeback,Critical,Closed,2026-04-22,2026-05-02,Branch
TKT00000252,CUST000992,KYC Update,Low,In Progress,2026-03-22,,Phone
TKT00000253,CUST000098,Fraud Complaint,Critical,Resolved,2026-01-20,2026-01-24,Email
TKT00000254,CUST000827,Loan Query,Critical,Closed,2025-09-03,2025-09-18,Phone
TKT00000255,CUST000122,KYC Update,Medium,Closed,2025-12-28,2026-01-11,Chat
TKT00000256,CUST000041,Failed Transaction,Medium,Closed,2026-02-09,2026-02-22,Mobile App
TKT00000257,CUST000650,Fraud Complaint,Critical,Resolved,2024-07-29,2024-08-05,Phone
TKT00000258,CUST000133,KYC Update,High,Open,2025-05-11,,Mobile App
TKT00000259,CUST000856,Failed Transaction,High,Closed,2024-02-02,2024-02-16,Mobile App
TKT00000260,CUST000891,Fraud Complaint,Medium,In Progress,2024-07-01,,Email
TKT00000261,CUST000602,Statement Request,Medium,Resolved,2025-04-17,2025-04-18,Mobile App
TKT00000262,CUST000718,Statement Request,Medium,Resolved,2024-07-01,2024-07-10,Phone
TKT00000263,CUST000778,Account Access,Critical,Resolved,2025-03-28,2025-03-29,Chat
TKT00000264,CUST000065,Failed Transaction,High,In Progress,2025-04-02,,Email
TKT00000265,CUST000433,Chargeback,Medium,Closed,2025-08-01,2025-08-02,Chat
TKT00000266,CUST000790,Chargeback,High,Resolved,2025-08-01,2025-08-06,Phone
TKT00000267,CUST000488,Fraud Complaint,Medium,Resolved,2024-10-21,2024-10-29,Email
TKT00000268,CUST000167,KYC Update,Critical,Closed,2026-05-20,2026-05-31,Branch
TKT00000269,CUST000869,Statement Request,Medium,Resolved,2025-06-02,2025-06-07,Phone
TKT00000270,CUST000868,Statement Request,High,Resolved,2025-09-17,2025-09-21,Chat
TKT00000271,CUST000811,Failed Transaction,Low,Closed,2024-03-23,2024-03-30,Phone
TKT00000272,CUST000055,Card Block,Low,Resolved,2025-03-05,2025-03-07,Mobile App
TKT00000273,CUST000867,KYC Update,Critical,Closed,2025-09-19,2025-09-23,Email
TKT00000274,CUST000137,Fraud Complaint,Low,Closed,2024-09-20,2024-10-04,Email
TKT00000275,CUST000903,Chargeback,Medium,Resolved,2024-08-09,2024-08-14,Mobile App
TKT00000276,CUST000276,Loan Query,Low,Resolved,2025-09-22,2025-10-02,Email
TKT00000277,CUST000256,Account Access,Medium,Resolved,2025-12-28,2026-01-06,Mobile App
TKT00000278,CUST000139,Fraud Complaint,Low,Resolved,2025-11-03,2025-11-11,Email
TKT00000279,CUST000059,KYC Update,Critical,Closed,2024-05-13,2024-05-14,Branch
TKT00000280,CUST000864,KYC Update,Critical,Closed,2025-08-26,2025-09-07,Chat
TKT00000281,CUST000391,Statement Request,Low,Closed,2025-12-11,2025-12-15,Email
TKT00000282,CUST000571,Card Block,High,In Progress,2025-04-19,,Chat
TKT00000283,CUST000245,Chargeback,High,Closed,2024-11-20,2024-12-02,Branch
TKT00000284,CUST000071,Card Block,Medium,Resolved,2025-02-13,2025-02-19,Email
TKT00000285,CUST000054,Loan Query,Medium,Closed,2025-07-20,2025-07-26,Email
TKT00000286,CUST000742,Failed Transaction,Low,Resolved,2025-02-28,2025-03-02,Email
TKT00000287,CUST000031,Card Block,High,Closed,2024-07-28,2024-07-31,Mobile App
TKT00000288,CUST000438,Account Access,Low,Closed,2024-12-23,2024-12-30,Phone
TKT00000289,CUST000603,Failed Transaction,Low,Resolved,2024-04-01,2024-04-15,Email
TKT00000290,CUST000055,Statement Request,High,Resolved,2025-12-23,2025-12-25,Mobile App
TKT00000291,CUST000258,Loan Query,Critical,In Progress,2025-01-29,,Email
TKT00000292,CUST000185,Statement Request,High,Resolved,2024-09-23,2024-10-02,Mobile App
TKT00000293,CUST000522,Card Block,Critical,Resolved,2025-01-15,2025-01-26,Email
TKT00000294,CUST000567,Account Access,Low,In Progress,2024-12-11,,Email
TKT00000295,CUST000581,Failed Transaction,Critical,Resolved,2024-06-10,2024-06-12,Chat
TKT00000296,CUST000841,KYC Update,Low,In Progress,2025-07-21,,Branch
TKT00000297,CUST000493,Statement Request,Medium,Resolved,2024-04-07,2024-04-18,Mobile App
TKT00000298,CUST000368,Account Access,High,Resolved,2024-07-02,2024-07-09,Branch
TKT00000299,CUST000960,Statement Request,High,Open,2026-03-08,,Phone
TKT00000300,CUST000618,Card Block,Medium,Resolved,2024-04-21,2024-05-05,Branch
TKT00000301,CUST000981,Account Access,Critical,In Progress,2026-02-11,,Email
TKT00000302,CUST000173,Failed Transaction,Low,Closed,2024-12-02,2024-12-11,Branch
TKT00000303,CUST000445,Failed Transaction,Critical,Resolved,2026-04-16,2026-04-26,Email
TKT00000304,CUST000018,Card Block,Low,In Progress,2025-03-18,,Mobile App
TKT00000305,CUST000842,Card Block,High,Resolved,2026-03-16,2026-03-29,Chat
TKT00000306,CUST000027,Loan Query,Critical,Resolved,2025-06-14,2025-06-24,Mobile App
TKT00000307,CUST000830,Loan Query,High,Closed,2025-07-06,2025-07-15,Phone
TKT00000308,CUST000584,Failed Transaction,Medium,Resolved,2024-05-24,2024-05-28,Phone
TKT00000309,CUST000330,Statement Request,Medium,Resolved,2025-09-24,2025-10-03,Chat
TKT00000310,CUST000137,Chargeback,Low,Resolved,2025-12-12,2025-12-21,Email
TKT00000311,CUST000110,Statement Request,Critical,Open,2025-08-26,,Mobile App
TKT00000312,CUST000421,Loan Query,Low,Closed,2024-06-28,2024-07-10,Chat
TKT00000313,CUST000222,Loan Query,Medium,Resolved,2024-02-11,2024-02-26,Mobile App
TKT00000314,CUST000400,KYC Update,Medium,In Progress,2024-11-05,,Branch
TKT00000315,CUST000850,Chargeback,Low,In Progress,2025-10-17,,Branch
TKT00000316,CUST000346,Account Access,Medium,Resolved,2025-12-08,2025-12-21,Phone
TKT00000317,CUST000130,KYC Update,Critical,In Progress,2024-10-30,,Email
TKT00000318,CUST000865,Fraud Complaint,Medium,Resolved,2025-11-01,2025-11-10,Mobile App
TKT00000319,CUST000644,Failed Transaction,High,Open,2025-01-01,,Email
TKT00000320,CUST000037,Fraud Complaint,Medium,Resolved,2025-12-19,2025-12-23,Mobile App
TKT00000321,CUST000897,Failed Transaction,Low,Resolved,2025-09-08,2025-09-17,Branch
TKT00000322,CUST000506,Statement Request,Critical,Open,2024-02-08,,Mobile App
TKT00000323,CUST000913,Chargeback,Medium,In Progress,2026-05-17,,Branch
TKT00000324,CUST000579,KYC Update,High,Closed,2026-04-03,2026-04-08,Email
TKT00000325,CUST000470,Chargeback,Critical,Open,2024-03-02,,Email
TKT00000326,CUST000865,Chargeback,High,Resolved,2024-01-02,2024-01-16,Email
TKT00000327,CUST000294,Loan Query,Low,Open,2025-03-09,,Email
TKT00000328,CUST000755,Chargeback,High,Resolved,2025-01-27,2025-02-05,Phone
TKT00000329,CUST000265,Chargeback,Critical,Resolved,2024-01-14,2024-01-18,Branch
TKT00000330,CUST000325,Loan Query,High,Closed,2024-01-20,2024-01-30,Branch
TKT00000331,CUST000571,Loan Query,High,Resolved,2024-11-10,2024-11-25,Chat
TKT00000332,CUST000623,Chargeback,Medium,In Progress,2025-05-20,,Phone
TKT00000333,CUST000842,Card Block,High,In Progress,2024-10-20,,Chat
TKT00000334,CUST000260,Statement Request,High,Resolved,2025-09-20,2025-09-22,Email
TKT00000335,CUST000521,Fraud Complaint,Medium,Closed,2024-07-11,2024-07-14,Phone
TKT00000336,CUST000032,Fraud Complaint,Medium,Resolved,2025-10-01,2025-10-02,Chat
TKT00000337,CUST000180,Failed Transaction,Medium,Resolved,2026-04-17,2026-04-27,Chat
TKT00000338,CUST000865,Chargeback,Medium,Resolved,2024-04-19,2024-05-01,Mobile App
TKT00000339,CUST000790,Chargeback,Critical,Closed,2024-04-14,2024-04-20,Phone
TKT00000340,CUST000006,Account Access,Critical,Resolved,2025-01-27,2025-02-05,Phone
TKT00000341,CUST000521,Chargeback,Medium,In Progress,2025-02-02,,Chat
TKT00000342,CUST000509,Chargeback,Low,In Progress,2025-11-28,,Phone
TKT00000343,CUST000589,KYC Update,Low,Resolved,2026-03-03,2026-03-14,Email
TKT00000344,CUST000781,Fraud Complaint,Critical,Closed,2024-04-04,2024-04-09,Email
TKT00000345,CUST000297,KYC Update,Medium,Closed,2026-05-12,2026-05-26,Chat
TKT00000346,CUST000874,Account Access,Low,Resolved,2024-07-02,2024-07-09,Chat
TKT00000347,CUST000783,Statement Request,Low,Resolved,2024-05-08,2024-05-18,Mobile App
TKT00000348,CUST000867,Loan Query,Medium,In Progress,2025-11-03,,Branch
TKT00000349,CUST000248,Account Access,Low,Open,2025-10-11,,Email
TKT00000350,CUST000516,Account Access,Low,Resolved,2025-05-24,2025-06-07,Mobile App
TKT00000351,CUST000268,Loan Query,High,Resolved,2025-02-09,2025-02-22,Phone
TKT00000352,CUST000418,Statement Request,Critical,Closed,2024-09-13,2024-09-22,Phone
TKT00000353,CUST000161,Card Block,Critical,Resolved,2024-01-29,2024-02-09,Mobile App
TKT00000354,CUST000974,Card Block,Critical,Resolved,2024-12-09,2024-12-21,Branch
TKT00000355,CUST000585,Chargeback,Critical,In Progress,2024-04-25,,Chat
TKT00000356,CUST000591,Failed Transaction,Low,Resolved,2025-05-15,2025-05-23,Branch
TKT00000357,CUST000365,Card Block,Medium,Resolved,2024-05-07,2024-05-10,Email
TKT00000358,CUST000311,Failed Transaction,Critical,Resolved,2024-04-01,2024-04-12,Chat
TKT00000359,CUST000423,Failed Transaction,High,Closed,2026-05-15,2026-05-25,Branch
TKT00000360,CUST000436,Card Block,High,In Progress,2025-03-22,,Email
TKT00000361,CUST000869,Card Block,High,Resolved,2025-02-04,2025-02-19,Phone
TKT00000362,CUST000547,Fraud Complaint,Medium,In Progress,2026-03-29,,Chat
TKT00000363,CUST000843,Fraud Complaint,Critical,Closed,2024-08-02,2024-08-13,Chat
TKT00000364,CUST000282,KYC Update,High,Closed,2025-08-20,2025-09-02,Chat
TKT00000365,CUST000293,Chargeback,Medium,Resolved,2025-11-04,2025-11-16,Chat
TKT00000366,CUST000765,Account Access,Critical,Resolved,2024-12-10,2024-12-25,Email
TKT00000367,CUST000712,KYC Update,Low,In Progress,2024-08-10,,Email
TKT00000368,CUST000512,Card Block,Low,Closed,2025-01-31,2025-02-04,Mobile App
TKT00000369,CUST000811,Account Access,Critical,Resolved,2024-02-26,2024-03-05,Chat
TKT00000370,CUST000524,Statement Request,Critical,Closed,2025-06-30,2025-07-06,Branch
TKT00000371,CUST000749,Account Access,Low,Resolved,2024-02-26,2024-02-29,Chat
TKT00000372,CUST000407,Fraud Complaint,Critical,Resolved,2024-03-24,2024-04-01,Mobile App
TKT00000373,CUST000332,Card Block,High,Closed,2025-06-30,2025-07-05,Chat
TKT00000374,CUST000765,Failed Transaction,Medium,Resolved,2024-03-27,2024-03-31,Email
TKT00000375,CUST000517,Failed Transaction,Critical,Closed,2025-11-08,2025-11-23,Mobile App
TKT00000376,CUST000712,Statement Request,Low,In Progress,2024-07-22,,Branch
TKT00000377,CUST000431,Failed Transaction,High,In Progress,2026-01-19,,Chat
TKT00000378,CUST000006,Loan Query,Low,In Progress,2024-05-14,,Chat
TKT00000379,CUST000537,Account Access,Low,Resolved,2025-01-04,2025-01-12,Phone
TKT00000380,CUST000554,Statement Request,Critical,In Progress,2026-02-15,,Branch
TKT00000381,CUST000344,Failed Transaction,Low,Resolved,2025-06-20,2025-06-23,Phone
TKT00000382,CUST000512,Statement Request,Critical,In Progress,2024-11-14,,Email
TKT00000383,CUST000890,Failed Transaction,Low,Closed,2024-11-30,2024-12-02,Chat
TKT00000384,CUST000628,Statement Request,Medium,Resolved,2024-06-06,2024-06-17,Mobile App
TKT00000385,CUST000941,Fraud Complaint,Medium,Closed,2024-03-21,2024-03-24,Branch
TKT00000386,CUST000731,Loan Query,High,In Progress,2026-02-25,,Phone
TKT00000387,CUST000474,KYC Update,Low,Resolved,2025-02-26,2025-03-10,Phone
TKT00000388,CUST000715,Statement Request,Medium,Closed,2024-08-05,2024-08-17,Phone
TKT00000389,CUST000707,Account Access,Low,Resolved,2025-08-31,2025-09-07,Mobile App
TKT00000390,CUST000183,Chargeback,High,Closed,2026-05-02,2026-05-08,Branch
TKT00000391,CUST000961,Fraud Complaint,Critical,In Progress,2025-05-11,,Branch
TKT00000392,CUST000908,Chargeback,Critical,Resolved,2024-02-11,2024-02-25,Email
TKT00000393,CUST000805,Account Access,Critical,In Progress,2025-05-21,,Branch
TKT00000394,CUST000164,Card Block,High,Resolved,2025-08-18,2025-08-24,Email
TKT00000395,CUST000525,Chargeback,High,Open,2025-09-29,,Email
TKT00000396,CUST000954,KYC Update,Medium,Open,2025-07-06,,Chat
TKT00000397,CUST000886,KYC Update,High,In Progress,2024-05-09,,Chat
TKT00000398,CUST000212,Card Block,Critical,Closed,2024-05-31,2024-06-15,Email
TKT00000399,CUST000817,Chargeback,Medium,Closed,2025-09-18,2025-09-19,Mobile App
TKT00000400,CUST000537,Failed Transaction,Low,Resolved,2024-05-13,2024-05-15,Email
TKT00000401,CUST000914,Failed Transaction,Critical,Closed,2026-04-12,2026-04-26,Email
TKT00000402,CUST000651,Loan Query,High,Resolved,2024-08-16,2024-08-30,Email
TKT00000403,CUST000717,KYC Update,Medium,Resolved,2024-05-27,2024-06-07,Email
TKT00000404,CUST000499,Chargeback,Medium,Closed,2025-09-15,2025-09-27,Chat
TKT00000405,CUST000189,Card Block,Medium,In Progress,2026-04-24,,Email
TKT00000406,CUST000008,Card Block,Critical,Resolved,2024-07-16,2024-07-25,Mobile App
TKT00000407,CUST000360,KYC Update,Medium,Resolved,2024-04-01,2024-04-12,Branch
TKT00000408,CUST000375,Statement Request,Critical,Open,2026-04-10,,Mobile App
TKT00000409,CUST000104,Fraud Complaint,Critical,Resolved,2025-04-01,2025-04-15,Phone
TKT00000410,CUST000200,Failed Transaction,Medium,Resolved,2025-07-02,2025-07-17,Phone
TKT00000411,CUST000660,KYC Update,Low,Resolved,2026-05-12,2026-05-14,Email
TKT00000412,CUST000541,Card Block,Low,Resolved,2025-09-14,2025-09-21,Mobile App
TKT00000413,CUST000484,Loan Query,Medium,Resolved,2024-03-17,2024-03-21,Mobile App
TKT00000414,CUST000557,Loan Query,Medium,Resolved,2024-05-27,2024-05-31,Phone
TKT00000415,CUST000797,Account Access,Low,Closed,2025-11-22,2025-11-30,Chat
TKT00000416,CUST000190,Statement Request,Critical,Open,2026-04-14,,Branch
TKT00000417,CUST000164,Loan Query,Low,Resolved,2024-05-05,2024-05-15,Email
TKT00000418,CUST000150,Fraud Complaint,High,Resolved,2025-06-06,2025-06-10,Phone
TKT00000419,CUST000100,Account Access,Medium,Resolved,2026-01-05,2026-01-15,Branch
TKT00000420,CUST000249,Card Block,Medium,Resolved,2024-04-16,2024-05-01,Email
TKT00000421,CUST000213,Fraud Complaint,Medium,Resolved,2024-07-07,2024-07-16,Mobile App
TKT00000422,CUST000142,Chargeback,Medium,Resolved,2025-03-28,2025-03-30,Chat
TKT00000423,CUST000442,Chargeback,Critical,Resolved,2025-03-30,2025-04-02,Mobile App
TKT00000424,CUST000718,Failed Transaction,High,Resolved,2026-03-29,2026-04-03,Mobile App
TKT00000425,CUST000661,Account Access,High,Closed,2025-09-06,2025-09-20,Phone
TKT00000426,CUST000021,Account Access,Critical,Open,2025-01-22,,Chat
TKT00000427,CUST000926,Chargeback,High,Resolved,2025-10-24,2025-10-28,Branch
TKT00000428,CUST000602,Loan Query,Critical,Closed,2025-10-04,2025-10-11,Email
TKT00000429,CUST000626,Account Access,Medium,Resolved,2025-04-03,2025-04-14,Branch
TKT00000430,CUST000241,Account Access,High,Resolved,2024-03-08,2024-03-15,Email
TKT00000431,CUST000254,Fraud Complaint,High,Resolved,2024-09-18,2024-09-28,Branch
TKT00000432,CUST000771,Chargeback,Medium,In Progress,2024-10-08,,Chat
TKT00000433,CUST000938,Statement Request,Critical,Resolved,2024-01-23,2024-02-02,Mobile App
TKT00000434,CUST000935,Account Access,Medium,In Progress,2024-01-23,,Phone
TKT00000435,CUST000206,KYC Update,Medium,Resolved,2024-11-08,2024-11-21,Branch
TKT00000436,CUST000173,Chargeback,Critical,Open,2026-04-14,,Email
TKT00000437,CUST000838,Failed Transaction,Critical,Closed,2024-04-14,2024-04-16,Chat
TKT00000438,CUST000720,Account Access,Critical,Resolved,2026-05-09,2026-05-22,Chat
TKT00000439,CUST000359,Failed Transaction,Critical,In Progress,2025-02-01,,Phone
TKT00000440,CUST000496,Card Block,High,Resolved,2025-11-23,2025-11-27,Branch
TKT00000441,CUST000409,KYC Update,Critical,Resolved,2024-03-19,2024-03-28,Mobile App
TKT00000442,CUST000554,Account Access,Critical,In Progress,2024-03-19,,Branch
TKT00000443,CUST000414,Chargeback,Critical,Resolved,2024-12-14,2024-12-19,Phone
TKT00000444,CUST000849,Failed Transaction,Critical,Resolved,2024-05-06,2024-05-17,Mobile App
TKT00000445,CUST000134,Chargeback,Critical,Open,2025-05-12,,Branch
TKT00000446,CUST000441,Failed Transaction,Medium,Resolved,2025-10-24,2025-11-07,Branch
TKT00000447,CUST000426,Failed Transaction,Low,Resolved,2024-09-25,2024-10-01,Branch
TKT00000448,CUST000744,Fraud Complaint,Low,Closed,2025-05-01,2025-05-09,Branch
TKT00000449,CUST000549,Chargeback,Critical,Resolved,2024-03-27,2024-03-31,Phone
TKT00000450,CUST000660,Card Block,High,Resolved,2024-07-25,2024-08-02,Mobile App
TKT00000451,CUST000467,Account Access,Critical,Closed,2025-09-13,2025-09-21,Phone
TKT00000452,CUST000907,Statement Request,Medium,Resolved,2024-09-21,2024-09-30,Mobile App
TKT00000453,CUST000221,Statement Request,Critical,Open,2025-06-10,,Phone
TKT00000454,CUST000800,Failed Transaction,High,Open,2026-03-03,,Mobile App
TKT00000455,CUST000391,Fraud Complaint,Critical,Open,2026-03-05,,Email
TKT00000456,CUST000624,KYC Update,Low,Closed,2024-08-07,2024-08-17,Email
TKT00000457,CUST000693,Statement Request,Medium,In Progress,2024-05-05,,Branch
TKT00000458,CUST000218,Statement Request,Critical,Resolved,2024-08-09,2024-08-20,Phone
TKT00000459,CUST000800,Failed Transaction,Critical,In Progress,2024-07-18,,Email
TKT00000460,CUST000288,Fraud Complaint,Critical,Resolved,2024-04-18,2024-04-22,Email
TKT00000461,CUST000394,Loan Query,High,Closed,2024-02-16,2024-02-26,Chat
TKT00000462,CUST000209,Chargeback,Low,Closed,2024-07-31,2024-08-03,Branch
TKT00000463,CUST000998,Loan Query,Critical,Open,2024-07-15,,Chat
TKT00000464,CUST000761,Chargeback,Low,In Progress,2024-02-09,,Mobile App
TKT00000465,CUST000031,Card Block,Critical,Closed,2024-12-14,2024-12-21,Chat
TKT00000466,CUST000437,Failed Transaction,High,Closed,2026-01-16,2026-01-26,Email
TKT00000467,CUST000729,Account Access,Low,Closed,2024-05-22,2024-05-23,Mobile App
TKT00000468,CUST000680,Statement Request,Medium,Closed,2026-05-06,2026-05-18,Email
TKT00000469,CUST000991,Statement Request,Medium,Closed,2024-03-01,2024-03-11,Phone
TKT00000470,CUST000123,KYC Update,Critical,Resolved,2025-02-13,2025-02-23,Email
TKT00000471,CUST000646,KYC Update,High,Resolved,2025-12-02,2025-12-04,Mobile App
TKT00000472,CUST000619,Chargeback,Medium,Closed,2024-10-17,2024-10-21,Branch
TKT00000473,CUST000603,Chargeback,High,In Progress,2024-01-18,,Chat
TKT00000474,CUST000269,Fraud Complaint,Low,Resolved,2026-01-09,2026-01-12,Phone
TKT00000475,CUST000863,Fraud Complaint,High,Resolved,2024-02-18,2024-02-19,Mobile App
TKT00000476,CUST000246,KYC Update,Medium,Resolved,2024-01-01,2024-01-03,Chat
TKT00000477,CUST000269,KYC Update,Medium,In Progress,2026-04-25,,Email
TKT00000478,CUST000383,Loan Query,Medium,Closed,2024-08-24,2024-09-04,Mobile App
TKT00000479,CUST000326,Statement Request,High,In Progress,2024-09-09,,Mobile App
TKT00000480,CUST000440,Chargeback,Critical,Resolved,2025-01-17,2025-01-19,Branch
TKT00000481,CUST000279,Account Access,Low,Closed,2024-08-13,2024-08-14,Email
TKT00000482,CUST000213,KYC Update,Critical,Resolved,2026-04-13,2026-04-19,Mobile App
TKT00000483,CUST000897,Loan Query,Critical,Closed,2026-04-13,2026-04-25,Chat
TKT00000484,CUST000284,KYC Update,Critical,Resolved,2026-04-06,2026-04-13,Chat
TKT00000485,CUST000916,Chargeback,Critical,Closed,2025-05-19,2025-05-26,Phone
TKT00000486,CUST000810,Loan Query,High,Closed,2026-01-06,2026-01-11,Branch
TKT00000487,CUST000503,Failed Transaction,High,Closed,2025-09-28,2025-10-06,Email
TKT00000488,CUST000034,Fraud Complaint,Critical,In Progress,2026-02-18,,Email
TKT00000489,CUST000791,Chargeback,Critical,In Progress,2025-12-24,,Phone
TKT00000490,CUST000210,Failed Transaction,High,Resolved,2024-10-26,2024-11-02,Chat
TKT00000491,CUST000511,Failed Transaction,High,Closed,2024-08-14,2024-08-27,Branch
TKT00000492,CUST000108,KYC Update,High,In Progress,2025-04-01,,Phone
TKT00000493,CUST000146,Account Access,High,Resolved,2024-07-13,2024-07-23,Branch
TKT00000494,CUST000943,Statement Request,High,Closed,2024-05-24,2024-06-07,Mobile App
TKT00000495,CUST000924,Card Block,Low,In Progress,2026-04-19,,Mobile App
TKT00000496,CUST000661,Card Block,Medium,Resolved,2025-01-22,2025-01-31,Mobile App
TKT00000497,CUST000224,KYC Update,Medium,Closed,2024-04-26,2024-05-08,Mobile App
TKT00000498,CUST000062,Loan Query,Low,Closed,2024-04-29,2024-05-05,Chat
TKT00000499,CUST000236,KYC Update,Critical,In Progress,2025-08-20,,Branch
TKT00000500,CUST000071,KYC Update,Critical,Resolved,2025-11-09,2025-11-11,Chat
TKT00000501,CUST000493,Chargeback,Low,Closed,2025-12-29,2026-01-06,Phone
TKT00000502,CUST000950,KYC Update,Low,Open,2024-03-09,,Chat
TKT00000503,CUST000720,Statement Request,Critical,Closed,2026-03-14,2026-03-16,Email
TKT00000504,CUST000392,Fraud Complaint,High,Closed,2025-07-18,2025-07-19,Phone
TKT00000505,CUST000119,Card Block,High,Open,2024-05-23,,Email
TKT00000506,CUST000376,Account Access,Low,Open,2024-12-23,,Branch
TKT00000507,CUST000330,Statement Request,Low,Resolved,2025-03-06,2025-03-09,Chat
TKT00000508,CUST000773,Failed Transaction,High,Resolved,2025-12-25,2025-12-30,Chat
TKT00000509,CUST000316,Loan Query,Medium,Resolved,2025-10-11,2025-10-20,Phone
TKT00000510,CUST000276,KYC Update,Low,Resolved,2024-12-26,2025-01-08,Chat
TKT00000511,CUST000028,KYC Update,High,Resolved,2024-10-12,2024-10-27,Phone
TKT00000512,CUST000325,Chargeback,Critical,Resolved,2025-11-10,2025-11-14,Branch
TKT00000513,CUST000643,Chargeback,Critical,Open,2025-12-30,,Branch
TKT00000514,CUST000499,Card Block,Medium,Resolved,2024-01-19,2024-01-28,Email
TKT00000515,CUST000974,Fraud Complaint,Medium,Open,2024-11-23,,Branch
TKT00000516,CUST000748,Chargeback,Critical,Closed,2026-01-23,2026-02-05,Chat
TKT00000517,CUST000440,Fraud Complaint,Critical,Closed,2026-03-08,2026-03-16,Email
TKT00000518,CUST000517,Failed Transaction,Low,Resolved,2024-05-07,2024-05-19,Chat
TKT00000519,CUST000993,Loan Query,Medium,Resolved,2024-01-14,2024-01-29,Chat
TKT00000520,CUST000738,KYC Update,High,Resolved,2025-10-25,2025-11-08,Email
TKT00000521,CUST000925,Card Block,Critical,Resolved,2024-10-19,2024-11-03,Chat
TKT00000522,CUST000525,Account Access,Medium,Open,2026-03-04,,Phone
TKT00000523,CUST000830,Fraud Complaint,High,In Progress,2025-12-02,,Branch
TKT00000524,CUST000857,Statement Request,Low,Resolved,2025-01-17,2025-01-27,Chat
TKT00000525,CUST000317,Loan Query,High,Open,2024-10-01,,Phone
TKT00000526,CUST000636,Statement Request,Critical,Resolved,2024-11-20,2024-11-30,Chat
TKT00000527,CUST000971,Chargeback,Medium,Resolved,2026-01-24,2026-01-25,Phone
TKT00000528,CUST000943,Card Block,High,Open,2024-02-08,,Mobile App
TKT00000529,CUST000326,Chargeback,High,Resolved,2025-07-08,2025-07-18,Branch
TKT00000530,CUST000832,Account Access,Critical,Closed,2024-06-23,2024-06-24,Branch
TKT00000531,CUST000763,Fraud Complaint,Low,Closed,2025-02-25,2025-03-12,Email
TKT00000532,CUST000157,Account Access,Critical,Closed,2025-05-02,2025-05-07,Chat
TKT00000533,CUST000794,Loan Query,Critical,Closed,2024-02-01,2024-02-05,Chat
TKT00000534,CUST000905,Loan Query,Low,In Progress,2024-03-11,,Phone
TKT00000535,CUST000491,KYC Update,High,Open,2026-02-20,,Phone
TKT00000536,CUST000957,Card Block,Critical,Resolved,2025-02-05,2025-02-06,Mobile App
TKT00000537,CUST000419,Fraud Complaint,High,Open,2025-07-15,,Mobile App
TKT00000538,CUST000017,Account Access,Medium,Closed,2026-04-08,2026-04-15,Email
TKT00000539,CUST000715,Loan Query,High,Resolved,2025-05-20,2025-06-03,Phone
TKT00000540,CUST000481,Loan Query,Medium,Closed,2025-05-10,2025-05-22,Branch
TKT00000541,CUST000580,Card Block,High,In Progress,2024-05-27,,Email
TKT00000542,CUST000794,KYC Update,High,Resolved,2024-06-17,2024-06-30,Mobile App
TKT00000543,CUST000810,Failed Transaction,Medium,Resolved,2025-11-14,2025-11-17,Branch
TKT00000544,CUST000182,Card Block,Medium,Resolved,2024-04-07,2024-04-15,Email
TKT00000545,CUST000863,KYC Update,Critical,Resolved,2025-09-23,2025-09-29,Mobile App
TKT00000546,CUST000647,Account Access,Low,Resolved,2024-01-01,2024-01-05,Phone
TKT00000547,CUST000184,Account Access,Critical,Resolved,2026-05-20,2026-06-01,Mobile App
TKT00000548,CUST000271,Account Access,Low,Resolved,2025-08-13,2025-08-14,Branch
TKT00000549,CUST000284,Account Access,Medium,In Progress,2025-09-10,,Chat
TKT00000550,CUST000302,Loan Query,Medium,Closed,2024-09-07,2024-09-14,Phone
TKT00000551,CUST000300,Failed Transaction,Low,Resolved,2025-11-15,2025-11-24,Branch
TKT00000552,CUST000033,Loan Query,Medium,Closed,2025-07-19,2025-08-02,Mobile App
TKT00000553,CUST000110,Fraud Complaint,Low,Resolved,2024-12-09,2024-12-11,Email
TKT00000554,CUST000757,Loan Query,High,Closed,2025-08-21,2025-09-02,Phone
TKT00000555,CUST000684,Fraud Complaint,Low,Resolved,2025-06-24,2025-07-09,Phone
TKT00000556,CUST000814,Statement Request,Medium,Resolved,2025-01-30,2025-02-13,Phone
TKT00000557,CUST000877,Fraud Complaint,Medium,Resolved,2025-04-23,2025-05-03,Phone
TKT00000558,CUST000834,Loan Query,High,Closed,2025-03-30,2025-04-05,Email
TKT00000559,CUST000390,Failed Transaction,Critical,Closed,2025-02-01,2025-02-10,Chat
TKT00000560,CUST000576,Failed Transaction,Critical,In Progress,2026-01-25,,Phone
TKT00000561,CUST000066,Card Block,High,Resolved,2025-01-11,2025-01-24,Phone
TKT00000562,CUST000036,Loan Query,Low,Resolved,2025-07-23,2025-07-29,Email
TKT00000563,CUST000911,Failed Transaction,Medium,Resolved,2024-05-28,2024-06-10,Email
TKT00000564,CUST000810,Chargeback,Low,Resolved,2024-07-17,2024-07-25,Chat
TKT00000565,CUST000512,Failed Transaction,Low,In Progress,2025-05-21,,Mobile App
TKT00000566,CUST000381,Fraud Complaint,Critical,Closed,2025-09-11,2025-09-17,Email
TKT00000567,CUST000165,Statement Request,High,Resolved,2024-07-25,2024-07-31,Chat
TKT00000568,CUST000881,Fraud Complaint,Medium,In Progress,2025-02-10,,Chat
TKT00000569,CUST000275,Account Access,High,In Progress,2025-06-30,,Email
TKT00000570,CUST000742,Account Access,Medium,Resolved,2024-10-09,2024-10-18,Phone
TKT00000571,CUST000871,Fraud Complaint,High,Closed,2026-04-29,2026-05-09,Email
TKT00000572,CUST000204,Chargeback,Critical,Open,2026-03-11,,Mobile App
TKT00000573,CUST000821,Fraud Complaint,Low,Resolved,2025-05-23,2025-06-07,Chat
TKT00000574,CUST000599,Fraud Complaint,High,Resolved,2025-11-21,2025-11-23,Email
TKT00000575,CUST000425,Failed Transaction,High,Open,2024-07-18,,Chat
TKT00000576,CUST000920,Account Access,High,Closed,2025-01-02,2025-01-06,Branch
TKT00000577,CUST000775,Account Access,High,Open,2025-07-29,,Email
TKT00000578,CUST000685,KYC Update,Low,In Progress,2024-02-21,,Phone
TKT00000579,CUST000056,Statement Request,Critical,Open,2026-02-10,,Chat
TKT00000580,CUST000327,KYC Update,High,Closed,2024-02-05,2024-02-10,Phone
TKT00000581,CUST000412,Fraud Complaint,Critical,Resolved,2025-01-09,2025-01-11,Chat
TKT00000582,CUST000344,Failed Transaction,High,In Progress,2025-02-13,,Chat
TKT00000583,CUST000682,Fraud Complaint,Medium,Resolved,2026-04-17,2026-04-25,Branch
TKT00000584,CUST000879,Account Access,High,Resolved,2025-06-05,2025-06-10,Mobile App
TKT00000585,CUST000752,Failed Transaction,High,Closed,2024-09-22,2024-10-04,Phone
TKT00000586,CUST000641,Chargeback,Low,Closed,2024-02-17,2024-02-24,Email
TKT00000587,CUST000805,Statement Request,Critical,Resolved,2026-01-24,2026-02-04,Phone
TKT00000588,CUST000357,KYC Update,High,Closed,2024-02-26,2024-03-10,Mobile App
TKT00000589,CUST000826,Loan Query,High,Resolved,2025-07-09,2025-07-24,Mobile App
TKT00000590,CUST000070,Fraud Complaint,Low,In Progress,2024-04-02,,Email
TKT00000591,CUST000991,Card Block,Critical,In Progress,2024-02-29,,Email
TKT00000592,CUST000202,Loan Query,Critical,Resolved,2024-01-22,2024-02-03,Chat
TKT00000593,CUST000850,KYC Update,Low,Resolved,2026-01-16,2026-01-29,Branch
TKT00000594,CUST000696,Card Block,Critical,Open,2024-07-01,,Chat
TKT00000595,CUST000996,Statement Request,High,Resolved,2024-02-26,2024-03-03,Branch
TKT00000596,CUST000012,Failed Transaction,Critical,Closed,2025-04-08,2025-04-18,Phone
TKT00000597,CUST000934,Statement Request,Medium,Resolved,2025-04-03,2025-04-14,Chat
TKT00000598,CUST000191,Failed Transaction,Medium,Resolved,2026-02-23,2026-03-09,Chat
TKT00000599,CUST000452,Account Access,Critical,In Progress,2025-09-03,,Email
TKT00000600,CUST000566,Loan Query,Low,Closed,2025-08-12,2025-08-14,Mobile App
TKT00000601,CUST000253,Failed Transaction,Medium,In Progress,2025-04-22,,Phone
TKT00000602,CUST000457,Card Block,Low,Closed,2025-06-22,2025-06-28,Branch
TKT00000603,CUST000666,Fraud Complaint,Medium,Open,2024-01-28,,Mobile App
TKT00000604,CUST000480,Account Access,Critical,Resolved,2024-11-15,2024-11-17,Chat
TKT00000605,CUST000471,Loan Query,Critical,Resolved,2025-11-24,2025-11-27,Branch
TKT00000606,CUST000585,Statement Request,Medium,Resolved,2025-02-18,2025-02-25,Branch
TKT00000607,CUST000230,Loan Query,Medium,Resolved,2024-07-06,2024-07-19,Email
TKT00000608,CUST000787,Statement Request,Medium,Closed,2024-06-22,2024-06-30,Chat
TKT00000609,CUST000456,Failed Transaction,Medium,Resolved,2025-01-11,2025-01-26,Branch
TKT00000610,CUST000189,Statement Request,Low,Resolved,2024-06-03,2024-06-05,Email
TKT00000611,CUST000402,KYC Update,High,Resolved,2024-11-23,2024-12-01,Chat
TKT00000612,CUST000025,Chargeback,Critical,Resolved,2024-02-17,2024-02-21,Branch
TKT00000613,CUST000561,Statement Request,High,Closed,2024-02-02,2024-02-15,Mobile App
TKT00000614,CUST000945,Failed Transaction,Low,Closed,2025-08-14,2025-08-16,Phone
TKT00000615,CUST000255,Fraud Complaint,Critical,Resolved,2025-02-18,2025-03-02,Phone
TKT00000616,CUST000973,Fraud Complaint,Low,Resolved,2025-09-09,2025-09-22,Chat
TKT00000617,CUST000452,Loan Query,High,Resolved,2024-10-23,2024-11-06,Branch
TKT00000618,CUST000137,Account Access,Low,Open,2024-11-13,,Chat
TKT00000619,CUST000170,KYC Update,High,Open,2026-04-06,,Email
TKT00000620,CUST000405,KYC Update,High,Closed,2025-05-03,2025-05-15,Mobile App
TKT00000621,CUST000841,KYC Update,Medium,Closed,2026-05-10,2026-05-18,Mobile App
TKT00000622,CUST000285,Card Block,Critical,Closed,2025-01-05,2025-01-08,Chat
TKT00000623,CUST000860,Account Access,Medium,Resolved,2025-06-18,2025-06-21,Chat
TKT00000624,CUST000116,Fraud Complaint,Medium,Closed,2024-01-22,2024-02-04,Chat
TKT00000625,CUST000857,KYC Update,Medium,Closed,2025-10-27,2025-11-01,Branch
TKT00000626,CUST000814,Account Access,High,Closed,2024-08-22,2024-08-24,Phone
TKT00000627,CUST000574,Chargeback,Low,Resolved,2024-09-08,2024-09-16,Branch
TKT00000628,CUST000999,KYC Update,Low,Resolved,2026-01-02,2026-01-12,Branch
TKT00000629,CUST000015,Failed Transaction,Critical,Closed,2024-07-06,2024-07-19,Chat
TKT00000630,CUST000340,Loan Query,High,In Progress,2026-01-03,,Chat
TKT00000631,CUST000830,Chargeback,Medium,Resolved,2026-03-28,2026-03-31,Phone
TKT00000632,CUST000998,Loan Query,High,Resolved,2026-04-13,2026-04-27,Email
TKT00000633,CUST000524,Fraud Complaint,Critical,Resolved,2024-10-24,2024-10-25,Phone
TKT00000634,CUST000317,Chargeback,Low,Resolved,2025-08-17,2025-08-26,Branch
TKT00000635,CUST000218,Account Access,Critical,Closed,2025-07-02,2025-07-07,Email
TKT00000636,CUST000458,Loan Query,Critical,Closed,2025-12-13,2025-12-26,Mobile App
TKT00000637,CUST000369,KYC Update,Low,Closed,2024-06-16,2024-06-19,Email
TKT00000638,CUST000253,Failed Transaction,High,Resolved,2024-04-24,2024-05-09,Phone
TKT00000639,CUST000616,Card Block,High,Resolved,2025-09-22,2025-09-29,Email
TKT00000640,CUST000424,Account Access,Medium,Resolved,2025-04-28,2025-05-04,Phone
TKT00000641,CUST000289,KYC Update,Low,Resolved,2025-02-20,2025-03-02,Mobile App
TKT00000642,CUST000212,Chargeback,Medium,Closed,2025-12-23,2026-01-03,Branch
TKT00000643,CUST000656,Account Access,Low,Resolved,2025-05-23,2025-06-05,Phone
TKT00000644,CUST000023,Account Access,Low,Open,2025-03-18,,Chat
TKT00000645,CUST000551,Account Access,Medium,Resolved,2025-11-14,2025-11-17,Branch
TKT00000646,CUST000954,Account Access,Medium,Resolved,2024-11-10,2024-11-11,Email
TKT00000647,CUST000880,Statement Request,Medium,Closed,2024-12-23,2024-12-26,Chat
TKT00000648,CUST000145,KYC Update,Critical,In Progress,2024-12-22,,Branch
TKT00000649,CUST000212,KYC Update,High,In Progress,2026-01-04,,Chat
TKT00000650,CUST000841,Card Block,Medium,Open,2025-08-18,,Chat
TKT00000651,CUST000090,KYC Update,High,Resolved,2026-01-10,2026-01-17,Phone
TKT00000652,CUST000708,Chargeback,Low,Closed,2024-11-07,2024-11-13,Email
TKT00000653,CUST000198,Loan Query,Low,Resolved,2024-11-19,2024-11-26,Chat
TKT00000654,CUST000055,Fraud Complaint,Critical,In Progress,2025-01-31,,Phone
TKT00000655,CUST000539,Fraud Complaint,Low,In Progress,2026-04-05,,Email
TKT00000656,CUST000475,Card Block,Medium,Closed,2026-04-10,2026-04-23,Email
TKT00000657,CUST000508,Loan Query,Low,Resolved,2025-07-20,2025-07-31,Email
TKT00000658,CUST000240,Failed Transaction,Medium,Resolved,2025-11-08,2025-11-10,Branch
TKT00000659,CUST000051,Card Block,Low,In Progress,2024-07-11,,Branch
TKT00000660,CUST000208,Loan Query,Critical,Closed,2025-07-05,2025-07-17,Phone
TKT00000661,CUST000055,KYC Update,Critical,Closed,2024-12-26,2025-01-07,Chat
TKT00000662,CUST000606,Failed Transaction,Critical,In Progress,2024-07-01,,Email
TKT00000663,CUST000010,Account Access,Low,Resolved,2025-10-16,2025-10-30,Phone
TKT00000664,CUST000194,Fraud Complaint,Low,Resolved,2024-12-10,2024-12-13,Chat
TKT00000665,CUST000925,Statement Request,Medium,Open,2024-04-08,,Email
TKT00000666,CUST000807,Chargeback,Critical,Resolved,2025-04-23,2025-04-25,Branch
TKT00000667,CUST000834,Card Block,Critical,Resolved,2024-05-15,2024-05-27,Phone
TKT00000668,CUST000102,Card Block,Low,Resolved,2024-01-18,2024-01-23,Mobile App
TKT00000669,CUST000626,Chargeback,Low,Resolved,2025-06-23,2025-06-29,Branch
TKT00000670,CUST000079,Failed Transaction,Low,Resolved,2025-12-03,2025-12-11,Branch
TKT00000671,CUST000312,Failed Transaction,Low,In Progress,2026-02-21,,Branch
TKT00000672,CUST000328,Account Access,Medium,Closed,2025-10-11,2025-10-24,Branch
TKT00000673,CUST000928,Fraud Complaint,Medium,Closed,2024-11-11,2024-11-16,Email
TKT00000674,CUST000709,Loan Query,Medium,Resolved,2024-11-29,2024-12-07,Mobile App
TKT00000675,CUST000584,KYC Update,Critical,Closed,2025-08-22,2025-08-26,Chat
TKT00000676,CUST000074,Statement Request,Medium,Resolved,2024-12-06,2024-12-10,Branch
TKT00000677,CUST000111,Statement Request,Low,In Progress,2024-08-06,,Chat
TKT00000678,CUST000983,Statement Request,Critical,Resolved,2025-03-26,2025-04-07,Email
TKT00000679,CUST000060,Chargeback,Low,In Progress,2026-04-13,,Branch
TKT00000680,CUST000772,Failed Transaction,Medium,Resolved,2025-09-11,2025-09-26,Mobile App
TKT00000681,CUST000843,Fraud Complaint,High,Resolved,2024-02-21,2024-02-25,Mobile App
TKT00000682,CUST000431,Failed Transaction,Critical,Open,2025-10-16,,Mobile App
TKT00000683,CUST000324,KYC Update,Medium,Closed,2025-08-01,2025-08-07,Chat
TKT00000684,CUST000523,Card Block,Low,Closed,2025-12-05,2025-12-06,Mobile App
TKT00000685,CUST000998,Fraud Complaint,High,In Progress,2025-02-21,,Chat
TKT00000686,CUST000145,Fraud Complaint,Medium,Closed,2024-12-02,2024-12-13,Email
TKT00000687,CUST000156,Account Access,Low,Resolved,2024-04-07,2024-04-11,Branch
TKT00000688,CUST000369,Card Block,Medium,Resolved,2025-12-10,2025-12-22,Chat
TKT00000689,CUST000213,Fraud Complaint,Critical,Resolved,2024-03-06,2024-03-20,Branch
TKT00000690,CUST000011,Statement Request,High,Closed,2025-09-11,2025-09-17,Mobile App
TKT00000691,CUST000890,Fraud Complaint,Critical,Closed,2026-04-09,2026-04-15,Branch
TKT00000692,CUST000172,Account Access,Critical,Resolved,2025-08-27,2025-08-31,Chat
TKT00000693,CUST000285,Failed Transaction,High,Open,2025-09-29,,Mobile App
TKT00000694,CUST000395,Chargeback,High,Open,2026-02-09,,Email
TKT00000695,CUST000706,Chargeback,High,Closed,2026-03-29,2026-04-10,Branch
TKT00000696,CUST000602,Loan Query,Medium,Open,2024-04-08,,Phone
TKT00000697,CUST000695,KYC Update,High,Resolved,2025-04-19,2025-05-02,Email
TKT00000698,CUST000760,Chargeback,Critical,Resolved,2024-11-21,2024-11-27,Chat
TKT00000699,CUST000221,Card Block,High,In Progress,2026-04-21,,Mobile App
TKT00000700,CUST000505,Card Block,Low,Resolved,2026-02-19,2026-02-27,Chat
TKT00000701,CUST000370,Card Block,Critical,In Progress,2024-06-13,,Branch
TKT00000702,CUST000771,Statement Request,High,In Progress,2025-09-27,,Mobile App
TKT00000703,CUST000513,Card Block,Critical,Closed,2025-09-23,2025-09-28,Branch
TKT00000704,CUST000699,KYC Update,Medium,Closed,2026-02-14,2026-02-27,Chat
TKT00000705,CUST000138,Chargeback,High,Closed,2024-04-28,2024-05-03,Email
TKT00000706,CUST000216,KYC Update,Critical,Resolved,2026-05-02,2026-05-14,Mobile App
TKT00000707,CUST000514,KYC Update,Medium,Resolved,2026-01-01,2026-01-11,Branch
TKT00000708,CUST000099,Statement Request,High,Closed,2024-02-18,2024-02-22,Mobile App
TKT00000709,CUST000503,Loan Query,Medium,Resolved,2024-08-14,2024-08-21,Chat
TKT00000710,CUST000571,Failed Transaction,Critical,In Progress,2026-01-17,,Mobile App
TKT00000711,CUST000481,Statement Request,High,Resolved,2026-02-28,2026-03-05,Branch
TKT00000712,CUST000882,Loan Query,Low,Closed,2026-01-11,2026-01-25,Phone
TKT00000713,CUST000845,KYC Update,Medium,In Progress,2024-07-18,,Branch
TKT00000714,CUST000509,Account Access,Critical,Resolved,2024-10-15,2024-10-25,Mobile App
TKT00000715,CUST000703,Card Block,Low,Resolved,2024-11-10,2024-11-24,Email
TKT00000716,CUST000087,Fraud Complaint,Medium,Resolved,2025-10-29,2025-11-06,Mobile App
TKT00000717,CUST000240,Chargeback,Medium,Resolved,2024-07-31,2024-08-03,Chat
TKT00000718,CUST000507,Card Block,High,Closed,2025-03-05,2025-03-14,Chat
TKT00000719,CUST000972,Account Access,High,Resolved,2025-07-23,2025-08-02,Branch
TKT00000720,CUST000495,Statement Request,Critical,Closed,2025-09-05,2025-09-06,Email
TKT00000721,CUST000675,Card Block,Critical,Resolved,2024-05-18,2024-05-24,Chat
TKT00000722,CUST000028,Failed Transaction,Critical,Open,2024-05-26,,Email
TKT00000723,CUST000711,Account Access,Critical,Closed,2024-02-11,2024-02-21,Email
TKT00000724,CUST000341,Failed Transaction,Medium,Resolved,2025-08-22,2025-09-06,Mobile App
TKT00000725,CUST000627,Fraud Complaint,Critical,Resolved,2025-01-04,2025-01-12,Phone
TKT00000726,CUST000713,Card Block,Medium,Resolved,2025-12-15,2025-12-16,Branch
TKT00000727,CUST000384,Statement Request,Low,Resolved,2026-03-16,2026-03-23,Email
TKT00000728,CUST000937,KYC Update,Medium,Resolved,2025-01-27,2025-01-30,Branch
TKT00000729,CUST000706,Chargeback,Low,Closed,2025-02-21,2025-03-08,Phone
TKT00000730,CUST000699,Loan Query,Medium,In Progress,2024-10-15,,Branch
TKT00000731,CUST000405,KYC Update,High,Closed,2025-07-29,2025-08-06,Branch
TKT00000732,CUST000328,Account Access,High,In Progress,2024-11-12,,Email
TKT00000733,CUST000435,Chargeback,High,Closed,2024-07-21,2024-07-24,Email
TKT00000734,CUST000717,Chargeback,High,Closed,2024-04-01,2024-04-04,Phone
TKT00000735,CUST000387,Failed Transaction,Medium,In Progress,2024-04-03,,Branch
TKT00000736,CUST000718,Loan Query,High,Resolved,2024-09-01,2024-09-10,Phone
TKT00000737,CUST000686,Fraud Complaint,Low,In Progress,2025-07-06,,Branch
TKT00000738,CUST000559,Loan Query,High,In Progress,2024-10-29,,Chat
TKT00000739,CUST000570,Fraud Complaint,Critical,Open,2025-07-14,,Email
TKT00000740,CUST000367,Statement Request,Low,Resolved,2025-06-19,2025-06-24,Email
TKT00000741,CUST000950,Statement Request,Medium,Resolved,2025-11-09,2025-11-16,Branch
TKT00000742,CUST000067,KYC Update,High,Open,2024-08-03,,Email
TKT00000743,CUST000050,Account Access,Critical,In Progress,2024-10-25,,Phone
TKT00000744,CUST000613,Account Access,Low,Resolved,2024-06-17,2024-06-28,Mobile App
TKT00000745,CUST000823,Chargeback,Low,Resolved,2025-01-11,2025-01-15,Phone
TKT00000746,CUST000628,Chargeback,Low,In Progress,2025-05-10,,Branch
TKT00000747,CUST000498,Statement Request,Critical,Resolved,2025-10-21,2025-10-24,Phone
TKT00000748,CUST000660,Failed Transaction,Medium,Resolved,2024-08-08,2024-08-11,Branch
TKT00000749,CUST000390,Fraud Complaint,Medium,Closed,2025-07-31,2025-08-05,Phone
TKT00000750,CUST000362,KYC Update,Medium,Resolved,2024-06-06,2024-06-11,Email
TKT00000751,CUST000590,KYC Update,Critical,Closed,2024-07-02,2024-07-11,Phone
TKT00000752,CUST000689,Loan Query,Medium,Resolved,2024-02-29,2024-03-11,Chat
TKT00000753,CUST000872,Card Block,Critical,Resolved,2025-09-10,2025-09-14,Phone
TKT00000754,CUST000711,Account Access,Medium,Resolved,2025-06-06,2025-06-14,Phone
TKT00000755,CUST000371,Loan Query,Critical,Resolved,2025-01-19,2025-02-02,Chat
TKT00000756,CUST000777,Failed Transaction,Medium,Resolved,2025-08-08,2025-08-19,Chat
TKT00000757,CUST000776,Fraud Complaint,Low,Resolved,2024-09-13,2024-09-19,Phone
TKT00000758,CUST000133,KYC Update,Low,Resolved,2026-04-12,2026-04-24,Phone
TKT00000759,CUST000577,KYC Update,Low,Closed,2025-11-05,2025-11-17,Branch
TKT00000760,CUST000064,Card Block,Low,Closed,2026-01-09,2026-01-16,Email
TKT00000761,CUST000166,Account Access,High,Resolved,2025-04-09,2025-04-23,Chat
TKT00000762,CUST000469,Statement Request,High,Open,2025-06-12,,Phone
TKT00000763,CUST000212,Fraud Complaint,Low,Resolved,2025-09-15,2025-09-16,Chat
TKT00000764,CUST000308,KYC Update,Critical,Closed,2024-01-12,2024-01-27,Mobile App
TKT00000765,CUST000785,Failed Transaction,Low,In Progress,2024-03-14,,Chat
TKT00000766,CUST000059,Failed Transaction,High,Resolved,2024-07-09,2024-07-11,Branch
TKT00000767,CUST000817,Failed Transaction,High,In Progress,2024-10-24,,Branch
TKT00000768,CUST000806,Fraud Complaint,High,Closed,2024-08-07,2024-08-09,Chat
TKT00000769,CUST000465,KYC Update,Critical,Resolved,2024-02-06,2024-02-12,Phone
TKT00000770,CUST000435,Chargeback,Critical,Resolved,2026-02-13,2026-02-14,Mobile App
TKT00000771,CUST000167,KYC Update,Medium,In Progress,2026-03-07,,Branch
TKT00000772,CUST000672,Failed Transaction,High,Resolved,2025-02-16,2025-02-28,Phone
TKT00000773,CUST000528,KYC Update,Critical,In Progress,2024-01-05,,Email
TKT00000774,CUST000172,Chargeback,Critical,Closed,2024-12-12,2024-12-27,Branch
TKT00000775,CUST000110,KYC Update,High,Resolved,2025-11-11,2025-11-18,Chat
TKT00000776,CUST000170,Chargeback,High,In Progress,2025-12-18,,Phone
TKT00000777,CUST000391,Fraud Complaint,High,Resolved,2025-12-13,2025-12-23,Chat
TKT00000778,CUST000061,Chargeback,Low,Closed,2026-01-12,2026-01-24,Chat
TKT00000779,CUST000324,Fraud Complaint,High,Closed,2026-02-15,2026-02-21,Phone
TKT00000780,CUST000685,Account Access,High,Closed,2026-05-13,2026-05-24,Branch
TKT00000781,CUST000514,Fraud Complaint,Critical,Closed,2026-01-24,2026-02-02,Email
TKT00000782,CUST000742,Account Access,Low,In Progress,2025-11-06,,Mobile App
TKT00000783,CUST000174,KYC Update,Low,Resolved,2024-08-14,2024-08-18,Mobile App
TKT00000784,CUST000733,Statement Request,Critical,Closed,2026-01-04,2026-01-19,Email
TKT00000785,CUST000181,Loan Query,Low,Closed,2024-11-02,2024-11-06,Phone
TKT00000786,CUST000731,Loan Query,Critical,Closed,2024-03-25,2024-04-03,Branch
TKT00000787,CUST000068,Chargeback,Low,In Progress,2025-04-24,,Chat
TKT00000788,CUST000464,Chargeback,High,Closed,2025-05-24,2025-05-29,Phone
TKT00000789,CUST000906,KYC Update,High,Resolved,2025-07-11,2025-07-13,Branch
TKT00000790,CUST000747,Failed Transaction,Low,Resolved,2026-01-31,2026-02-10,Email
TKT00000791,CUST000354,Card Block,Medium,Resolved,2025-04-25,2025-05-02,Chat
TKT00000792,CUST000055,Account Access,Medium,Closed,2024-03-21,2024-03-30,Mobile App
TKT00000793,CUST000049,Fraud Complaint,Medium,Closed,2025-12-05,2025-12-19,Chat
TKT00000794,CUST000687,KYC Update,Critical,Resolved,2025-01-11,2025-01-14,Phone
TKT00000795,CUST000641,KYC Update,High,Open,2026-02-05,,Branch
TKT00000796,CUST000068,Fraud Complaint,Critical,Open,2024-10-10,,Phone
TKT00000797,CUST000390,Statement Request,High,Open,2025-05-07,,Chat
TKT00000798,CUST000058,Chargeback,High,Resolved,2025-11-10,2025-11-11,Email
TKT00000799,CUST000670,Account Access,High,Open,2026-04-11,,Mobile App
TKT00000800,CUST000672,KYC Update,Critical,Open,2026-01-21,,Email
TKT00000801,CUST000328,KYC Update,Low,In Progress,2025-05-07,,Email
TKT00000802,CUST000109,KYC Update,Medium,Closed,2024-05-20,2024-05-26,Mobile App
TKT00000803,CUST000396,Statement Request,High,Resolved,2025-01-07,2025-01-20,Email
TKT00000804,CUST000631,Loan Query,Medium,Resolved,2025-04-25,2025-04-30,Branch
TKT00000805,CUST000295,KYC Update,Medium,Resolved,2025-11-18,2025-11-28,Branch
TKT00000806,CUST000336,Account Access,High,Resolved,2024-07-29,2024-07-30,Chat
TKT00000807,CUST000846,Card Block,Critical,Closed,2025-02-13,2025-02-21,Chat
TKT00000808,CUST000393,Failed Transaction,Medium,In Progress,2024-05-23,,Chat
TKT00000809,CUST000214,Fraud Complaint,Critical,Closed,2024-01-26,2024-02-05,Email
TKT00000810,CUST000149,Statement Request,High,In Progress,2024-04-08,,Branch
TKT00000811,CUST000648,Loan Query,Low,In Progress,2026-02-17,,Email
TKT00000812,CUST000049,Card Block,Medium,Open,2025-12-07,,Chat
TKT00000813,CUST000756,Card Block,Critical,Open,2024-10-29,,Chat
TKT00000814,CUST000196,Failed Transaction,Medium,Resolved,2025-10-05,2025-10-12,Phone
TKT00000815,CUST000919,Statement Request,Critical,In Progress,2024-06-07,,Branch
TKT00000816,CUST000536,Account Access,Critical,Closed,2024-03-09,2024-03-10,Chat
TKT00000817,CUST000879,Statement Request,High,Resolved,2026-05-16,2026-05-24,Branch
TKT00000818,CUST000247,Fraud Complaint,Critical,Resolved,2024-09-13,2024-09-28,Branch
TKT00000819,CUST000144,Fraud Complaint,Medium,Resolved,2025-12-27,2026-01-04,Phone
TKT00000820,CUST000524,Statement Request,Critical,In Progress,2025-12-15,,Phone
TKT00000821,CUST000917,Failed Transaction,Critical,Resolved,2025-04-21,2025-04-24,Branch
TKT00000822,CUST000077,Chargeback,High,Resolved,2025-02-07,2025-02-16,Phone
TKT00000823,CUST000038,Fraud Complaint,Low,Open,2024-03-10,,Mobile App
TKT00000824,CUST000061,Chargeback,High,In Progress,2024-09-25,,Branch
TKT00000825,CUST000109,Failed Transaction,Low,In Progress,2026-01-05,,Email
TKT00000826,CUST000122,Loan Query,Medium,Resolved,2026-01-31,2026-02-09,Email
TKT00000827,CUST000592,Fraud Complaint,Low,Resolved,2024-02-05,2024-02-15,Mobile App
TKT00000828,CUST000583,Loan Query,Low,Closed,2024-12-04,2024-12-14,Mobile App
TKT00000829,CUST000087,Fraud Complaint,High,Closed,2024-03-10,2024-03-23,Branch
TKT00000830,CUST000653,Failed Transaction,High,Resolved,2025-06-05,2025-06-19,Phone
TKT00000831,CUST000384,Chargeback,High,Closed,2024-11-22,2024-11-25,Phone
TKT00000832,CUST000614,Loan Query,Critical,Resolved,2024-01-04,2024-01-14,Email
TKT00000833,CUST000238,Fraud Complaint,Low,Resolved,2025-10-02,2025-10-06,Chat
TKT00000834,CUST000234,Statement Request,Medium,Closed,2025-09-06,2025-09-10,Mobile App
TKT00000835,CUST000373,Account Access,High,Open,2024-10-28,,Phone
TKT00000836,CUST000006,Account Access,Critical,Closed,2024-10-18,2024-10-31,Mobile App
TKT00000837,CUST000746,Chargeback,Critical,In Progress,2024-11-01,,Chat
TKT00000838,CUST000294,Chargeback,Critical,Resolved,2024-04-26,2024-05-05,Email
TKT00000839,CUST000286,Fraud Complaint,Critical,Resolved,2025-07-03,2025-07-12,Mobile App
TKT00000840,CUST000893,Loan Query,High,Resolved,2024-05-28,2024-05-30,Mobile App
TKT00000841,CUST000729,Loan Query,High,Closed,2024-06-29,2024-07-04,Phone
TKT00000842,CUST000035,Loan Query,Medium,Resolved,2025-09-19,2025-09-27,Mobile App
TKT00000843,CUST000367,Failed Transaction,Critical,Resolved,2026-05-11,2026-05-23,Branch
TKT00000844,CUST000798,Card Block,Medium,Closed,2024-12-18,2025-01-01,Mobile App
TKT00000845,CUST000342,Card Block,Low,Open,2024-09-05,,Email
TKT00000846,CUST000443,Account Access,Low,Resolved,2025-10-12,2025-10-25,Email
TKT00000847,CUST000926,Failed Transaction,Critical,Closed,2026-03-06,2026-03-07,Email
TKT00000848,CUST000352,Statement Request,Critical,Closed,2024-02-18,2024-02-24,Branch
TKT00000849,CUST000555,Failed Transaction,Low,Closed,2026-03-17,2026-04-01,Branch
TKT00000850,CUST000020,Fraud Complaint,Critical,Resolved,2025-10-23,2025-10-30,Branch
TKT00000851,CUST000073,Loan Query,High,Closed,2026-02-14,2026-02-16,Email
TKT00000852,CUST000023,Card Block,Medium,Closed,2024-06-25,2024-07-09,Chat
TKT00000853,CUST000934,Loan Query,Medium,Resolved,2024-05-15,2024-05-27,Phone
TKT00000854,CUST000264,Loan Query,Critical,In Progress,2025-12-31,,Branch
TKT00000855,CUST000960,KYC Update,High,Resolved,2024-03-06,2024-03-19,Branch
TKT00000856,CUST000029,Card Block,High,Resolved,2024-03-25,2024-04-03,Mobile App
TKT00000857,CUST000967,Statement Request,Medium,Open,2024-08-10,,Branch
TKT00000858,CUST000316,Card Block,Medium,Open,2025-02-14,,Chat
TKT00000859,CUST000489,Failed Transaction,Medium,Closed,2025-05-17,2025-05-24,Email
TKT00000860,CUST000036,Statement Request,Critical,Closed,2024-02-25,2024-03-04,Chat
TKT00000861,CUST000060,Chargeback,Low,Closed,2025-04-07,2025-04-13,Phone
TKT00000862,CUST000797,Failed Transaction,Low,Resolved,2025-07-11,2025-07-24,Email
TKT00000863,CUST000360,Statement Request,High,In Progress,2024-04-18,,Mobile App
TKT00000864,CUST000298,Statement Request,Medium,Closed,2024-12-08,2024-12-16,Chat
TKT00000865,CUST000006,Fraud Complaint,Critical,Closed,2025-07-03,2025-07-11,Branch
TKT00000866,CUST000425,Chargeback,Critical,Resolved,2024-03-09,2024-03-10,Phone
TKT00000867,CUST000886,Card Block,Low,Resolved,2024-11-26,2024-12-11,Branch
TKT00000868,CUST000979,Account Access,Critical,Resolved,2024-05-26,2024-06-01,Chat
TKT00000869,CUST000672,Card Block,Critical,Resolved,2024-08-23,2024-08-28,Chat
TKT00000870,CUST000132,Card Block,Low,Resolved,2025-04-07,2025-04-13,Chat
TKT00000871,CUST000083,Fraud Complaint,Medium,Open,2025-12-12,,Branch
TKT00000872,CUST000877,Failed Transaction,Medium,Closed,2026-03-31,2026-04-09,Branch
TKT00000873,CUST000392,Failed Transaction,Critical,Resolved,2024-11-11,2024-11-15,Chat
TKT00000874,CUST000232,Loan Query,Low,Resolved,2024-06-05,2024-06-18,Chat
TKT00000875,CUST000678,Fraud Complaint,Low,Resolved,2025-02-05,2025-02-11,Email
TKT00000876,CUST000853,Chargeback,Medium,Resolved,2025-05-29,2025-05-30,Mobile App
TKT00000877,CUST000167,Statement Request,High,Closed,2024-02-27,2024-03-01,Phone
TKT00000878,CUST000515,Loan Query,Critical,Resolved,2025-05-21,2025-05-29,Email
TKT00000879,CUST000653,Card Block,High,Open,2024-11-24,,Email
TKT00000880,CUST000720,Statement Request,Low,Resolved,2024-02-26,2024-03-07,Branch
TKT00000881,CUST000283,Statement Request,Low,Open,2025-09-18,,Branch
TKT00000882,CUST000682,Account Access,High,In Progress,2026-03-05,,Mobile App
TKT00000883,CUST000554,Loan Query,High,In Progress,2024-06-28,,Mobile App
TKT00000884,CUST000870,Card Block,High,Resolved,2024-10-31,2024-11-08,Mobile App
TKT00000885,CUST000001,Loan Query,High,In Progress,2026-01-18,,Branch
TKT00000886,CUST000629,Failed Transaction,Critical,Closed,2026-05-08,2026-05-21,Phone
TKT00000887,CUST000055,Card Block,Low,Closed,2025-05-17,2025-05-19,Phone
TKT00000888,CUST000803,Statement Request,Medium,Resolved,2025-04-26,2025-05-01,Branch
TKT00000889,CUST000434,Fraud Complaint,Critical,In Progress,2024-02-05,,Email
TKT00000890,CUST000097,Failed Transaction,Low,Resolved,2025-03-14,2025-03-26,Phone
TKT00000891,CUST000227,Loan Query,Critical,Resolved,2024-03-03,2024-03-09,Mobile App
TKT00000892,CUST000901,Statement Request,Medium,Resolved,2024-04-02,2024-04-09,Email
TKT00000893,CUST000721,Account Access,High,In Progress,2026-03-05,,Chat
TKT00000894,CUST000447,Failed Transaction,Medium,Closed,2026-01-06,2026-01-11,Branch
TKT00000895,CUST000251,Loan Query,Critical,Resolved,2026-03-17,2026-03-22,Email
TKT00000896,CUST000724,Fraud Complaint,Medium,Resolved,2025-09-15,2025-09-16,Email
TKT00000897,CUST000673,Card Block,Low,Resolved,2026-02-05,2026-02-18,Branch
TKT00000898,CUST000027,Fraud Complaint,High,Resolved,2025-09-10,2025-09-19,Mobile App
TKT00000899,CUST000409,KYC Update,Critical,In Progress,2024-07-28,,Branch
TKT00000900,CUST000444,Card Block,Low,Closed,2024-06-30,2024-07-11,Chat
TKT00000901,CUST000394,Fraud Complaint,Medium,Resolved,2024-02-22,2024-03-06,Mobile App
TKT00000902,CUST000939,Card Block,Low,In Progress,2026-04-26,,Phone
TKT00000903,CUST000969,Failed Transaction,Low,In Progress,2024-12-19,,Branch
TKT00000904,CUST000596,KYC Update,High,Closed,2025-11-07,2025-11-13,Branch
TKT00000905,CUST000732,Chargeback,Critical,Open,2026-03-01,,Mobile App
TKT00000906,CUST000016,KYC Update,Low,Resolved,2024-08-23,2024-08-25,Email
TKT00000907,CUST000506,Fraud Complaint,Critical,In Progress,2026-02-02,,Branch
TKT00000908,CUST000988,Chargeback,Low,Resolved,2025-06-20,2025-06-29,Chat
TKT00000909,CUST000389,Failed Transaction,Critical,Resolved,2024-12-30,2025-01-03,Branch
TKT00000910,CUST000445,Chargeback,Medium,Closed,2024-08-31,2024-09-11,Phone
TKT00000911,CUST000368,Fraud Complaint,Critical,Open,2026-04-13,,Mobile App
TKT00000912,CUST000984,Statement Request,Critical,Closed,2025-11-07,2025-11-10,Mobile App
TKT00000913,CUST000758,KYC Update,Critical,Closed,2024-07-16,2024-07-21,Chat
TKT00000914,CUST000457,Loan Query,Low,Resolved,2024-05-25,2024-06-06,Branch
TKT00000915,CUST000366,Card Block,Low,Resolved,2025-05-16,2025-05-26,Branch
TKT00000916,CUST000680,Statement Request,High,Resolved,2024-06-08,2024-06-15,Email
TKT00000917,CUST000208,Fraud Complaint,Medium,In Progress,2025-10-21,,Mobile App
TKT00000918,CUST000681,Account Access,Critical,Closed,2024-11-30,2024-12-08,Mobile App
TKT00000919,CUST000360,Loan Query,Low,Resolved,2024-07-05,2024-07-09,Chat
TKT00000920,CUST000222,Failed Transaction,Low,Resolved,2026-01-11,2026-01-18,Phone
TKT00000921,CUST000967,Chargeback,Low,Closed,2024-02-06,2024-02-09,Chat
TKT00000922,CUST000865,KYC Update,Medium,Resolved,2024-12-15,2024-12-26,Email
TKT00000923,CUST000088,Chargeback,Critical,Open,2024-06-22,,Branch
TKT00000924,CUST000928,Statement Request,Medium,Resolved,2024-07-23,2024-07-31,Mobile App
TKT00000925,CUST000058,Statement Request,Medium,Resolved,2024-08-22,2024-09-05,Mobile App
TKT00000926,CUST000729,Card Block,Medium,Closed,2025-06-09,2025-06-17,Mobile App
TKT00000927,CUST000745,Card Block,Low,Closed,2024-09-06,2024-09-18,Mobile App
TKT00000928,CUST000491,Card Block,High,Resolved,2025-03-12,2025-03-19,Email
TKT00000929,CUST000869,Card Block,Medium,Resolved,2026-05-17,2026-05-28,Mobile App
TKT00000930,CUST000702,KYC Update,High,Open,2024-07-12,,Branch
TKT00000931,CUST000211,Loan Query,Critical,Resolved,2024-06-10,2024-06-21,Phone
TKT00000932,CUST000794,Chargeback,High,Resolved,2025-02-06,2025-02-08,Chat
TKT00000933,CUST000831,Account Access,Critical,In Progress,2026-04-15,,Branch
TKT00000934,CUST000584,Failed Transaction,Low,In Progress,2025-10-10,,Branch
TKT00000935,CUST000983,KYC Update,Critical,In Progress,2025-11-22,,Phone
TKT00000936,CUST000317,Account Access,Low,Resolved,2025-11-24,2025-11-30,Branch
TKT00000937,CUST000980,Chargeback,High,Open,2024-03-30,,Email
TKT00000938,CUST000862,KYC Update,High,In Progress,2026-05-19,,Branch
TKT00000939,CUST000317,Chargeback,Low,Closed,2025-10-19,2025-10-20,Branch
TKT00000940,CUST000785,Account Access,Medium,Closed,2025-11-16,2025-11-19,Phone
TKT00000941,CUST000766,Loan Query,Medium,Closed,2024-11-16,2024-11-21,Mobile App
TKT00000942,CUST000169,Statement Request,Medium,In Progress,2025-05-10,,Chat
TKT00000943,CUST000872,Fraud Complaint,Medium,Closed,2024-04-13,2024-04-22,Phone
TKT00000944,CUST000618,KYC Update,Low,In Progress,2024-03-11,,Chat
TKT00000945,CUST000029,Failed Transaction,High,Open,2024-05-10,,Mobile App
TKT00000946,CUST000997,Fraud Complaint,Low,Resolved,2024-01-26,2024-02-09,Email
TKT00000947,CUST000917,Loan Query,High,Resolved,2026-04-07,2026-04-17,Branch
TKT00000948,CUST000388,Chargeback,Critical,In Progress,2025-09-09,,Email
TKT00000949,CUST000766,Failed Transaction,Critical,Open,2025-07-09,,Phone
TKT00000950,CUST000907,Card Block,Low,Open,2024-09-06,,Branch
TKT00000951,CUST000497,Chargeback,High,Resolved,2024-01-13,2024-01-21,Email
TKT00000952,CUST000158,Loan Query,Low,In Progress,2025-12-22,,Phone
TKT00000953,CUST000609,Account Access,Critical,Closed,2024-10-23,2024-11-04,Branch
TKT00000954,CUST000910,Chargeback,High,Closed,2024-07-19,2024-08-01,Chat
TKT00000955,CUST000563,Failed Transaction,Low,In Progress,2025-04-03,,Phone
TKT00000956,CUST000034,KYC Update,High,In Progress,2024-12-05,,Email
TKT00000957,CUST000468,Fraud Complaint,Medium,Closed,2025-12-02,2025-12-07,Branch
TKT00000958,CUST000707,Failed Transaction,High,Resolved,2024-06-08,2024-06-09,Chat
TKT00000959,CUST000817,Failed Transaction,High,In Progress,2025-02-12,,Branch
TKT00000960,CUST000329,KYC Update,High,Closed,2024-11-18,2024-11-27,Mobile App
TKT00000961,CUST000720,Statement Request,Medium,In Progress,2025-07-12,,Mobile App
TKT00000962,CUST000645,Fraud Complaint,High,Open,2025-10-31,,Mobile App
TKT00000963,CUST000554,Loan Query,Critical,Closed,2024-12-11,2024-12-12,Branch
TKT00000964,CUST000124,Account Access,Critical,Closed,2025-12-13,2025-12-17,Email
TKT00000965,CUST000873,Card Block,Medium,Resolved,2025-01-22,2025-01-28,Branch
TKT00000966,CUST000418,Fraud Complaint,Medium,In Progress,2026-05-06,,Mobile App
TKT00000967,CUST000932,KYC Update,Low,In Progress,2025-08-03,,Phone
TKT00000968,CUST000775,KYC Update,Low,Closed,2026-03-02,2026-03-15,Phone
TKT00000969,CUST000250,Card Block,High,In Progress,2025-11-19,,Phone
TKT00000970,CUST000509,Fraud Complaint,Low,In Progress,2024-12-05,,Phone
TKT00000971,CUST000787,Chargeback,Medium,Resolved,2025-01-05,2025-01-13,Phone
TKT00000972,CUST000348,Fraud Complaint,High,Resolved,2024-04-17,2024-04-18,Chat
TKT00000973,CUST000302,KYC Update,Medium,In Progress,2024-12-11,,Phone
TKT00000974,CUST000074,Statement Request,Critical,Resolved,2026-05-18,2026-05-25,Chat
TKT00000975,CUST000037,Failed Transaction,Medium,In Progress,2024-04-15,,Mobile App
TKT00000976,CUST000916,Statement Request,Medium,Resolved,2024-03-23,2024-04-02,Email
TKT00000977,CUST000999,Account Access,High,Resolved,2024-12-29,2024-12-30,Chat
TKT00000978,CUST000136,Card Block,High,Resolved,2025-01-10,2025-01-24,Email
TKT00000979,CUST000374,Card Block,Critical,Closed,2025-07-14,2025-07-28,Email
TKT00000980,CUST000191,Statement Request,Medium,Closed,2024-12-29,2025-01-13,Branch
TKT00000981,CUST000535,Account Access,Low,Resolved,2024-01-22,2024-01-24,Email
TKT00000982,CUST000466,Failed Transaction,Critical,Resolved,2025-01-03,2025-01-06,Email
TKT00000983,CUST000382,Chargeback,Low,Closed,2024-01-10,2024-01-16,Branch
TKT00000984,CUST000770,Loan Query,High,Open,2024-01-30,,Phone
TKT00000985,CUST000645,Chargeback,Critical,Closed,2024-05-15,2024-05-18,Phone
TKT00000986,CUST000514,Account Access,Critical,Open,2025-09-02,,Branch
TKT00000987,CUST000131,Fraud Complaint,Critical,Open,2026-04-27,,Phone
TKT00000988,CUST000793,Account Access,Medium,Resolved,2025-06-11,2025-06-19,Mobile App
TKT00000989,CUST000633,Statement Request,Low,In Progress,2026-01-17,,Phone
TKT00000990,CUST000636,Chargeback,Critical,In Progress,2024-11-05,,Mobile App
TKT00000991,CUST000120,KYC Update,Critical,Closed,2025-01-14,2025-01-22,Phone
TKT00000992,CUST000892,Card Block,Critical,In Progress,2025-11-02,,Mobile App
TKT00000993,CUST000444,Statement Request,Low,Open,2024-03-09,,Email
TKT00000994,CUST000567,Card Block,Critical,Resolved,2025-08-03,2025-08-14,Branch
TKT00000995,CUST000473,Card Block,Critical,Resolved,2024-07-31,2024-08-10,Chat
TKT00000996,CUST000619,Account Access,Medium,Resolved,2025-07-25,2025-08-04,Phone
TKT00000997,CUST000403,KYC Update,High,Closed,2025-04-17,2025-04-28,Email
TKT00000998,CUST000861,Chargeback,High,Closed,2024-09-14,2024-09-18,Phone
TKT00000999,CUST000923,Account Access,Low,Closed,2024-07-14,2024-07-15,Phone
TKT00001000,CUST000709,Account Access,Critical,In Progress,2025-01-20,,Chat
TKT00001001,CUST000497,Account Access,Medium,Closed,2024-08-30,2024-09-07,Branch
TKT00001002,CUST000349,Loan Query,Medium,Open,2024-12-04,,Branch
TKT00001003,CUST000565,Failed Transaction,High,Closed,2024-06-14,2024-06-20,Email
TKT00001004,CUST000879,Fraud Complaint,High,Open,2024-11-06,,Mobile App
TKT00001005,CUST000897,Card Block,Critical,Closed,2025-10-07,2025-10-20,Mobile App
TKT00001006,CUST000104,Fraud Complaint,Critical,Open,2025-03-23,,Branch
TKT00001007,CUST000173,Card Block,High,Resolved,2024-12-15,2024-12-19,Mobile App
TKT00001008,CUST000783,Failed Transaction,High,Resolved,2024-05-08,2024-05-13,Mobile App
TKT00001009,CUST000245,Loan Query,Low,Open,2024-03-09,,Phone
TKT00001010,CUST000933,Chargeback,Medium,Resolved,2026-02-17,2026-02-28,Email
TKT00001011,CUST000948,Chargeback,High,Resolved,2024-09-15,2024-09-20,Phone
TKT00001012,CUST000601,KYC Update,Critical,Closed,2025-05-19,2025-05-23,Email
TKT00001013,CUST000374,Fraud Complaint,Critical,Resolved,2026-04-05,2026-04-07,Chat
TKT00001014,CUST000229,Statement Request,High,Resolved,2026-02-23,2026-02-28,Branch
TKT00001015,CUST000935,Chargeback,Medium,Closed,2026-01-10,2026-01-15,Chat
TKT00001016,CUST000788,Loan Query,High,Closed,2026-04-17,2026-04-20,Chat
TKT00001017,CUST000591,Failed Transaction,High,Resolved,2026-02-27,2026-03-03,Email
TKT00001018,CUST000770,Fraud Complaint,Medium,Resolved,2024-08-12,2024-08-22,Mobile App
TKT00001019,CUST000125,Failed Transaction,Low,Resolved,2025-12-08,2025-12-15,Phone
TKT00001020,CUST000551,Failed Transaction,Critical,Resolved,2025-09-06,2025-09-10,Email
TKT00001021,CUST000071,Loan Query,Critical,Resolved,2026-04-29,2026-05-01,Chat
TKT00001022,CUST000045,Account Access,Medium,Closed,2024-05-03,2024-05-08,Email
TKT00001023,CUST000223,Fraud Complaint,Critical,Resolved,2024-03-01,2024-03-02,Email
TKT00001024,CUST000931,Statement Request,Critical,Closed,2024-08-28,2024-09-08,Mobile App
TKT00001025,CUST000013,Chargeback,Low,Resolved,2024-11-15,2024-11-25,Phone
TKT00001026,CUST000905,Statement Request,Critical,In Progress,2024-01-20,,Branch
TKT00001027,CUST000490,Account Access,Low,Resolved,2025-03-28,2025-03-31,Branch
TKT00001028,CUST000349,Chargeback,Medium,Closed,2024-01-06,2024-01-15,Mobile App
TKT00001029,CUST000901,Fraud Complaint,High,In Progress,2025-08-26,,Email
TKT00001030,CUST000445,Chargeback,Critical,In Progress,2024-12-24,,Email
TKT00001031,CUST000754,Failed Transaction,Critical,In Progress,2025-06-16,,Email
TKT00001032,CUST000232,Statement Request,Medium,Closed,2024-03-15,2024-03-29,Chat
TKT00001033,CUST000617,Chargeback,Medium,In Progress,2024-02-14,,Chat
TKT00001034,CUST000729,Chargeback,Critical,Resolved,2025-07-11,2025-07-13,Email
TKT00001035,CUST000039,Chargeback,Medium,Resolved,2025-03-25,2025-04-05,Email
TKT00001036,CUST000571,KYC Update,Medium,Closed,2025-01-04,2025-01-10,Mobile App
TKT00001037,CUST000293,Chargeback,High,In Progress,2025-03-09,,Mobile App
TKT00001038,CUST000321,Failed Transaction,Critical,Resolved,2025-01-10,2025-01-24,Chat
TKT00001039,CUST000699,Failed Transaction,High,In Progress,2025-04-17,,Mobile App
TKT00001040,CUST000786,Failed Transaction,Low,Closed,2024-02-29,2024-03-13,Mobile App
TKT00001041,CUST000603,Failed Transaction,Critical,Resolved,2025-09-22,2025-09-25,Phone
TKT00001042,CUST000589,Failed Transaction,High,Open,2025-07-21,,Mobile App
TKT00001043,CUST000621,Account Access,Low,Closed,2025-06-13,2025-06-26,Phone
TKT00001044,CUST000534,Loan Query,High,Resolved,2025-11-07,2025-11-08,Email
TKT00001045,CUST000459,Account Access,Low,In Progress,2025-12-05,,Phone
TKT00001046,CUST000746,Fraud Complaint,Medium,In Progress,2025-12-03,,Chat
TKT00001047,CUST000526,Loan Query,High,Closed,2024-09-10,2024-09-21,Chat
TKT00001048,CUST000980,KYC Update,Critical,Resolved,2025-10-03,2025-10-10,Branch
TKT00001049,CUST000854,KYC Update,Medium,Resolved,2025-11-16,2025-11-30,Phone
TKT00001050,CUST000932,Failed Transaction,High,Open,2024-07-24,,Email
TKT00001051,CUST000024,Loan Query,High,Resolved,2024-08-02,2024-08-13,Mobile App
TKT00001052,CUST000878,Statement Request,Medium,Closed,2024-05-23,2024-05-27,Phone
TKT00001053,CUST000162,Statement Request,High,Closed,2025-07-04,2025-07-06,Branch
TKT00001054,CUST000627,Chargeback,Critical,Resolved,2025-09-04,2025-09-07,Email
TKT00001055,CUST000649,Chargeback,High,Resolved,2024-05-04,2024-05-09,Email
TKT00001056,CUST000141,Chargeback,High,In Progress,2025-04-20,,Branch
TKT00001057,CUST000289,Fraud Complaint,High,Resolved,2025-12-15,2025-12-26,Branch
TKT00001058,CUST000915,Card Block,Low,Open,2025-07-18,,Chat
TKT00001059,CUST000779,Card Block,Low,In Progress,2024-10-07,,Chat
TKT00001060,CUST000539,Account Access,Low,Resolved,2025-07-14,2025-07-16,Phone
TKT00001061,CUST000541,Account Access,Critical,In Progress,2025-02-27,,Chat
TKT00001062,CUST000912,Card Block,High,Closed,2026-04-21,2026-05-03,Branch
TKT00001063,CUST000642,Statement Request,Medium,Closed,2025-07-19,2025-07-23,Chat
TKT00001064,CUST000595,Failed Transaction,Low,Resolved,2024-05-18,2024-05-20,Branch
TKT00001065,CUST000911,Failed Transaction,Medium,Open,2026-02-05,,Phone
TKT00001066,CUST000923,Loan Query,High,Resolved,2025-02-06,2025-02-13,Email
TKT00001067,CUST000448,Statement Request,Critical,Closed,2025-02-06,2025-02-08,Email
TKT00001068,CUST000797,Failed Transaction,High,Resolved,2026-01-07,2026-01-21,Chat
TKT00001069,CUST000677,KYC Update,Medium,Resolved,2025-09-14,2025-09-29,Mobile App
TKT00001070,CUST000773,KYC Update,Low,Resolved,2026-02-25,2026-03-03,Branch
TKT00001071,CUST000846,Card Block,High,Closed,2024-09-03,2024-09-07,Branch
TKT00001072,CUST000806,KYC Update,High,In Progress,2025-01-20,,Chat
TKT00001073,CUST000528,Fraud Complaint,Medium,Resolved,2024-04-04,2024-04-13,Mobile App
TKT00001074,CUST000802,Loan Query,Medium,Closed,2026-04-05,2026-04-12,Mobile App
TKT00001075,CUST000827,Account Access,Low,Resolved,2025-04-04,2025-04-08,Mobile App
TKT00001076,CUST000655,Failed Transaction,Low,Resolved,2025-03-12,2025-03-24,Chat
TKT00001077,CUST000887,Card Block,Low,Resolved,2025-01-14,2025-01-15,Chat
TKT00001078,CUST000081,Chargeback,High,Resolved,2025-02-17,2025-02-20,Phone
TKT00001079,CUST000619,KYC Update,High,Resolved,2025-07-08,2025-07-18,Branch
TKT00001080,CUST000541,Account Access,Critical,Resolved,2025-03-30,2025-04-08,Branch
TKT00001081,CUST000376,Failed Transaction,Low,Closed,2024-08-24,2024-08-27,Chat
TKT00001082,CUST000471,KYC Update,Low,Closed,2024-04-04,2024-04-09,Phone
TKT00001083,CUST000841,Loan Query,Medium,Open,2024-08-02,,Email
TKT00001084,CUST000909,Card Block,Critical,Resolved,2024-07-17,2024-07-30,Email
TKT00001085,CUST000778,Failed Transaction,Low,Resolved,2025-01-02,2025-01-06,Branch
TKT00001086,CUST000027,Statement Request,Low,Closed,2025-07-21,2025-07-31,Mobile App
TKT00001087,CUST000336,Card Block,High,Open,2025-04-12,,Branch
TKT00001088,CUST000981,Statement Request,Low,Closed,2024-09-18,2024-10-01,Mobile App
TKT00001089,CUST000031,KYC Update,Critical,Resolved,2024-01-15,2024-01-17,Chat
TKT00001090,CUST000131,Account Access,Low,Open,2024-09-14,,Chat
TKT00001091,CUST000562,Account Access,Low,Open,2026-02-24,,Email
TKT00001092,CUST000784,KYC Update,Medium,Resolved,2024-03-05,2024-03-07,Chat
TKT00001093,CUST000096,Card Block,Medium,In Progress,2024-02-10,,Mobile App
TKT00001094,CUST000163,Loan Query,High,Open,2025-09-13,,Branch
TKT00001095,CUST000748,Fraud Complaint,Low,Resolved,2024-12-20,2024-12-28,Phone
TKT00001096,CUST000951,Card Block,Medium,In Progress,2024-10-04,,Email
TKT00001097,CUST000220,Statement Request,Critical,In Progress,2024-05-20,,Chat
TKT00001098,CUST000787,Fraud Complaint,Medium,In Progress,2026-02-17,,Phone
TKT00001099,CUST000578,Account Access,Critical,Open,2024-08-26,,Phone
TKT00001100,CUST000901,Account Access,High,Resolved,2024-08-09,2024-08-17,Email
TKT00001101,CUST000998,Chargeback,Critical,Resolved,2026-04-10,2026-04-25,Email
TKT00001102,CUST000324,Fraud Complaint,Low,Resolved,2024-04-08,2024-04-16,Email
TKT00001103,CUST000149,Card Block,High,In Progress,2025-09-05,,Chat
TKT00001104,CUST000660,Failed Transaction,Critical,Resolved,2025-08-11,2025-08-14,Email
TKT00001105,CUST000967,Failed Transaction,High,Resolved,2024-08-13,2024-08-17,Email
TKT00001106,CUST000715,Statement Request,Critical,Resolved,2026-04-01,2026-04-11,Branch
TKT00001107,CUST000865,Card Block,High,Closed,2025-12-07,2025-12-16,Mobile App
TKT00001108,CUST000516,Loan Query,Medium,Open,2024-11-22,,Branch
TKT00001109,CUST000108,Statement Request,Low,Closed,2024-11-08,2024-11-13,Phone
TKT00001110,CUST000104,Chargeback,Medium,Resolved,2025-02-16,2025-02-24,Mobile App
TKT00001111,CUST000402,Fraud Complaint,High,Resolved,2026-02-14,2026-02-25,Phone
TKT00001112,CUST000287,Card Block,Medium,In Progress,2024-08-24,,Phone
TKT00001113,CUST000527,Failed Transaction,High,Closed,2026-03-26,2026-04-04,Branch
TKT00001114,CUST000695,Card Block,Critical,Closed,2026-03-15,2026-03-18,Phone
TKT00001115,CUST000780,Statement Request,Critical,Open,2024-11-02,,Mobile App
TKT00001116,CUST000269,Fraud Complaint,Low,Resolved,2025-12-13,2025-12-24,Mobile App
TKT00001117,CUST000844,KYC Update,Critical,In Progress,2024-11-25,,Chat
TKT00001118,CUST000379,Statement Request,High,Closed,2024-12-14,2024-12-15,Mobile App
TKT00001119,CUST000823,Statement Request,High,Closed,2024-06-20,2024-07-03,Mobile App
TKT00001120,CUST000891,Failed Transaction,Low,Resolved,2024-01-09,2024-01-18,Chat
TKT00001121,CUST000571,KYC Update,High,Resolved,2024-05-09,2024-05-11,Chat
TKT00001122,CUST000125,Account Access,High,Open,2026-05-18,,Mobile App
TKT00001123,CUST000253,Card Block,Critical,Resolved,2026-02-16,2026-02-20,Chat
TKT00001124,CUST000456,KYC Update,Critical,Resolved,2024-05-03,2024-05-12,Mobile App
TKT00001125,CUST000610,Chargeback,High,Resolved,2024-04-10,2024-04-23,Mobile App
TKT00001126,CUST000130,Account Access,Low,Resolved,2024-07-08,2024-07-14,Chat
TKT00001127,CUST000916,Fraud Complaint,Critical,In Progress,2025-01-09,,Email
TKT00001128,CUST000106,Loan Query,Low,Closed,2025-03-27,2025-04-06,Chat
TKT00001129,CUST000742,Chargeback,Medium,Closed,2024-02-05,2024-02-20,Phone
TKT00001130,CUST000640,Fraud Complaint,High,Closed,2025-10-22,2025-11-01,Branch
TKT00001131,CUST000670,Statement Request,Low,Resolved,2024-12-10,2024-12-16,Branch
TKT00001132,CUST000866,Card Block,Medium,Closed,2024-09-25,2024-10-06,Phone
TKT00001133,CUST000039,Loan Query,Medium,In Progress,2024-03-07,,Branch
TKT00001134,CUST000255,KYC Update,High,Resolved,2025-03-20,2025-03-21,Mobile App
TKT00001135,CUST000050,Account Access,High,Resolved,2026-03-18,2026-03-30,Mobile App
TKT00001136,CUST000673,Account Access,Critical,Resolved,2024-02-25,2024-02-27,Branch
TKT00001137,CUST000230,Account Access,Low,Open,2024-09-07,,Mobile App
TKT00001138,CUST000709,Loan Query,Low,In Progress,2025-10-24,,Mobile App
TKT00001139,CUST000955,Card Block,High,Resolved,2024-02-11,2024-02-26,Branch
TKT00001140,CUST000667,Failed Transaction,High,Open,2025-07-01,,Email
TKT00001141,CUST000532,Loan Query,Medium,Resolved,2024-08-24,2024-09-04,Chat
TKT00001142,CUST000494,Fraud Complaint,Critical,Resolved,2025-09-30,2025-10-13,Phone
TKT00001143,CUST000319,Fraud Complaint,Critical,Resolved,2024-02-26,2024-03-08,Chat
TKT00001144,CUST000415,Statement Request,Critical,In Progress,2024-09-26,,Email
TKT00001145,CUST000927,KYC Update,Critical,Closed,2026-03-05,2026-03-13,Phone
TKT00001146,CUST000846,Account Access,High,In Progress,2024-09-22,,Mobile App
TKT00001147,CUST000744,Statement Request,Critical,Closed,2026-01-31,2026-02-13,Phone
TKT00001148,CUST000832,Chargeback,Medium,Resolved,2025-10-30,2025-11-10,Chat
TKT00001149,CUST000290,Account Access,Medium,Closed,2025-07-19,2025-07-28,Email
TKT00001150,CUST000831,Fraud Complaint,High,Resolved,2026-04-18,2026-05-01,Chat
TKT00001151,CUST000781,Statement Request,Low,Open,2024-02-04,,Mobile App
TKT00001152,CUST000317,Chargeback,Low,Closed,2024-10-23,2024-11-05,Phone
TKT00001153,CUST000198,Account Access,High,Open,2024-08-06,,Branch
TKT00001154,CUST000397,Fraud Complaint,High,In Progress,2024-02-20,,Email
TKT00001155,CUST000845,KYC Update,Critical,Resolved,2025-09-13,2025-09-20,Branch
TKT00001156,CUST000501,Statement Request,Critical,In Progress,2024-05-14,,Phone
TKT00001157,CUST000179,Failed Transaction,High,Resolved,2024-02-22,2024-03-08,Branch
TKT00001158,CUST000987,Loan Query,Critical,Resolved,2024-02-10,2024-02-11,Email
TKT00001159,CUST000445,KYC Update,Medium,In Progress,2024-08-14,,Chat
TKT00001160,CUST000317,Card Block,High,In Progress,2025-12-19,,Mobile App
TKT00001161,CUST000578,Card Block,Critical,Resolved,2024-07-30,2024-08-04,Mobile App
TKT00001162,CUST000716,Statement Request,Low,In Progress,2025-08-08,,Phone
TKT00001163,CUST000921,Failed Transaction,Medium,Resolved,2024-09-27,2024-09-28,Branch
TKT00001164,CUST000135,Statement Request,Low,Resolved,2024-01-04,2024-01-15,Email
TKT00001165,CUST000437,Account Access,Low,Resolved,2024-09-13,2024-09-24,Email
TKT00001166,CUST000841,KYC Update,Low,In Progress,2025-09-16,,Branch
TKT00001167,CUST000581,Account Access,Critical,Resolved,2024-06-07,2024-06-11,Mobile App
TKT00001168,CUST000343,KYC Update,Critical,Resolved,2025-04-05,2025-04-06,Branch
TKT00001169,CUST000711,Card Block,Low,Resolved,2025-09-14,2025-09-15,Phone
TKT00001170,CUST000805,Statement Request,Low,Closed,2025-12-16,2025-12-19,Email
TKT00001171,CUST000718,Chargeback,Medium,In Progress,2025-06-16,,Email
TKT00001172,CUST000656,Card Block,High,Resolved,2025-01-05,2025-01-13,Chat
TKT00001173,CUST000800,Loan Query,High,Closed,2025-04-29,2025-04-30,Email
TKT00001174,CUST000850,KYC Update,Low,Resolved,2025-04-29,2025-05-04,Email
TKT00001175,CUST000404,KYC Update,Low,Closed,2026-03-21,2026-03-27,Mobile App
TKT00001176,CUST000954,Failed Transaction,Medium,In Progress,2026-02-03,,Email
TKT00001177,CUST000037,Chargeback,Medium,Closed,2025-11-10,2025-11-21,Branch
TKT00001178,CUST000407,Statement Request,Critical,Resolved,2024-09-18,2024-10-02,Phone
TKT00001179,CUST000601,Chargeback,Low,Closed,2025-05-11,2025-05-12,Chat
TKT00001180,CUST000824,Chargeback,Critical,Resolved,2024-12-19,2024-12-31,Mobile App
TKT00001181,CUST000896,Account Access,Medium,In Progress,2025-11-11,,Email
TKT00001182,CUST000532,KYC Update,Low,Resolved,2025-07-09,2025-07-24,Chat
TKT00001183,CUST000563,Statement Request,Medium,Resolved,2025-10-31,2025-11-06,Branch
TKT00001184,CUST000429,Loan Query,Medium,Resolved,2026-02-20,2026-02-23,Chat
TKT00001185,CUST000775,KYC Update,Critical,Resolved,2026-01-02,2026-01-10,Chat
TKT00001186,CUST000600,KYC Update,Low,Resolved,2024-01-16,2024-01-26,Chat
TKT00001187,CUST000888,KYC Update,Critical,Closed,2025-07-30,2025-08-01,Mobile App
TKT00001188,CUST000143,Failed Transaction,Medium,In Progress,2024-12-17,,Mobile App
TKT00001189,CUST000782,KYC Update,Critical,Closed,2025-02-10,2025-02-18,Email
TKT00001190,CUST000883,Account Access,High,Resolved,2025-03-08,2025-03-12,Mobile App
TKT00001191,CUST000049,Chargeback,High,In Progress,2026-01-29,,Branch
TKT00001192,CUST000793,Statement Request,Low,Resolved,2024-08-10,2024-08-25,Mobile App
TKT00001193,CUST000049,Fraud Complaint,Low,Open,2026-02-22,,Branch
TKT00001194,CUST000104,Card Block,Low,Resolved,2024-08-06,2024-08-12,Chat
TKT00001195,CUST000462,Card Block,Critical,Resolved,2026-04-09,2026-04-12,Chat
TKT00001196,CUST000708,Fraud Complaint,Medium,Closed,2026-01-29,2026-02-08,Phone
TKT00001197,CUST000909,Chargeback,Medium,Resolved,2024-11-01,2024-11-12,Mobile App
TKT00001198,CUST000909,KYC Update,Low,Resolved,2025-08-26,2025-09-02,Mobile App
TKT00001199,CUST000077,Card Block,Critical,In Progress,2024-07-30,,Chat
TKT00001200,CUST000176,Account Access,High,Closed,2025-02-08,2025-02-15,Phone
