fraud_id,transaction_id,fraud_type,risk_score,detected_date,investigation_status,loss_amount
FRD0000001,TXN000003872,Phishing,95,2026-05-17,Confirmed Fraud,68039.04
FRD0000002,TXN000008978,Suspicious High Value Transfer,99,2024-08-19,Open,7349.94
FRD0000003,TXN000004186,Account Takeover,97,2026-05-13,Open,42348.5
FRD0000004,TXN000009230,UPI Scam,59,2024-09-26,False Positive,11975.5
FRD0000005,TXN000007178,Card Skimming,57,2025-04-25,Open,68213.24
FRD0000006,TXN000000875,Identity Theft,60,2024-06-25,Open,50523.08
FRD0000007,TXN000000218,Suspicious High Value Transfer,63,2025-02-27,Confirmed Fraud,45892.21
FRD0000008,TXN000002248,Card Skimming,72,2024-03-16,Confirmed Fraud,9854.45
FRD0000009,TXN000005793,Account Takeover,56,2025-11-23,Confirmed Fraud,11054.96
FRD0000010,TXN000009538,UPI Scam,78,2025-03-06,False Positive,13909.9
FRD0000011,TXN000002256,UPI Scam,69,2024-07-31,Open,8089.33
FRD0000012,TXN000007073,Identity Theft,67,2025-09-09,Open,12233.77
FRD0000013,TXN000007169,UPI Scam,66,2024-09-30,In Progress,54842.2
FRD0000014,TXN000005255,UPI Scam,73,2026-01-22,Confirmed Fraud,13243.99
FRD0000015,TXN000007428,Identity Theft,78,2025-12-31,Confirmed Fraud,16642.79
FRD0000016,TXN000001280,Account Takeover,78,2025-07-10,Open,24924.21
FRD0000017,TXN000003197,UPI Scam,82,2026-03-14,False Positive,9369.19
FRD0000018,TXN000003765,Account Takeover,81,2025-03-27,Open,126630.0
FRD0000019,TXN000005480,Suspicious High Value Transfer,74,2024-01-20,Closed,12334.1
FRD0000020,TXN000004812,Identity Theft,69,2024-06-30,Closed,54980.02
FRD0000021,TXN000002242,Suspicious High Value Transfer,58,2024-06-25,False Positive,48826.98
FRD0000022,TXN000007200,Identity Theft,73,2025-02-01,Closed,5018.23
FRD0000023,TXN000001383,Account Takeover,85,2025-09-25,False Positive,10237.57
FRD0000024,TXN000005650,Account Takeover,100,2025-05-30,Open,75708.0
FRD0000025,TXN000002141,Phishing,55,2024-10-05,In Progress,5294.74
FRD0000026,TXN000003937,Account Takeover,83,2024-11-05,Open,12225.81
FRD0000027,TXN000003175,Identity Theft,62,2025-01-27,Open,43666.27
FRD0000028,TXN000006909,Identity Theft,89,2025-11-13,Open,31035.77
FRD0000029,TXN000001679,Suspicious High Value Transfer,66,2025-03-25,Open,21813.72
FRD0000030,TXN000009746,Card Skimming,57,2024-09-23,Closed,61267.94
FRD0000031,TXN000003510,UPI Scam,88,2024-02-23,Confirmed Fraud,22189.55
FRD0000032,TXN000006794,Suspicious High Value Transfer,98,2024-06-18,In Progress,3983.76
FRD0000033,TXN000008899,Card Skimming,70,2024-08-18,False Positive,60503.59
FRD0000034,TXN000001161,UPI Scam,71,2024-04-25,Open,7506.51
FRD0000035,TXN000004793,Phishing,57,2024-08-06,Closed,20690.13
FRD0000036,TXN000005238,Account Takeover,77,2026-03-04,Closed,2132.4
FRD0000037,TXN000004411,Account Takeover,79,2025-11-18,In Progress,1792.24
FRD0000038,TXN000009440,Account Takeover,70,2025-07-02,Open,7862.61
FRD0000039,TXN000001675,Phishing,82,2025-10-05,Open,11026.14
FRD0000040,TXN000002153,Identity Theft,77,2025-08-18,Confirmed Fraud,25281.36
FRD0000041,TXN000003164,Card Skimming,67,2024-06-15,Closed,48529.47
FRD0000042,TXN000004526,Phishing,75,2025-03-02,Closed,12001.71
FRD0000043,TXN000003981,Identity Theft,73,2025-09-17,Confirmed Fraud,11069.69
FRD0000044,TXN000004016,Suspicious High Value Transfer,75,2024-11-01,Confirmed Fraud,67452.75
FRD0000045,TXN000005714,Suspicious High Value Transfer,88,2024-09-01,In Progress,2560.62
FRD0000046,TXN000007381,Phishing,87,2025-01-28,Open,23458.53
FRD0000047,TXN000009224,Account Takeover,62,2026-03-14,Closed,22082.06
FRD0000048,TXN000006537,Identity Theft,74,2025-11-28,Confirmed Fraud,41986.89
FRD0000049,TXN000002874,Identity Theft,74,2025-07-17,Confirmed Fraud,86685.99
FRD0000050,TXN000002832,Phishing,93,2024-07-14,In Progress,47746.59
FRD0000051,TXN000007729,Suspicious High Value Transfer,55,2025-08-18,Open,56490.01
FRD0000052,TXN000005976,Suspicious High Value Transfer,77,2025-01-22,In Progress,5862.19
FRD0000053,TXN000001118,Card Skimming,100,2026-03-07,Closed,18373.62
FRD0000054,TXN000003683,Account Takeover,99,2024-05-11,Confirmed Fraud,73746.79
FRD0000055,TXN000004547,Account Takeover,80,2025-07-14,Confirmed Fraud,39221.64
FRD0000056,TXN000005208,Phishing,91,2024-03-26,In Progress,48580.97
FRD0000057,TXN000003414,Phishing,91,2025-07-28,Open,20904.5
FRD0000058,TXN000004857,Suspicious High Value Transfer,79,2024-05-15,Open,73909.13
FRD0000059,TXN000000432,Phishing,80,2026-02-25,Confirmed Fraud,16745.75
FRD0000060,TXN000004864,Identity Theft,65,2024-12-19,Open,12969.27
FRD0000061,TXN000008250,Identity Theft,97,2025-07-16,Open,14298.92
FRD0000062,TXN000002469,UPI Scam,94,2025-11-16,Confirmed Fraud,73627.31
FRD0000063,TXN000002088,Identity Theft,97,2024-12-29,Open,49318.94
FRD0000064,TXN000006157,Account Takeover,84,2025-10-01,False Positive,52495.47
FRD0000065,TXN000001253,Suspicious High Value Transfer,60,2024-12-07,In Progress,15165.73
FRD0000066,TXN000006097,Card Skimming,92,2025-03-04,In Progress,4277.85
FRD0000067,TXN000005924,Card Skimming,58,2026-04-17,In Progress,104507.22
FRD0000068,TXN000000148,Identity Theft,64,2024-08-12,Confirmed Fraud,92548.21
FRD0000069,TXN000009348,Account Takeover,72,2025-11-16,Open,25735.97
FRD0000070,TXN000008155,UPI Scam,56,2024-09-02,In Progress,4862.7
FRD0000071,TXN000006487,Suspicious High Value Transfer,86,2024-11-13,Closed,83762.15
FRD0000072,TXN000001765,Account Takeover,93,2025-01-30,Closed,39361.2
FRD0000073,TXN000002847,Suspicious High Value Transfer,93,2025-05-17,In Progress,14513.02
FRD0000074,TXN000008890,Phishing,87,2024-07-09,Closed,2204.04
FRD0000075,TXN000004495,Account Takeover,68,2024-08-13,False Positive,5717.48
FRD0000076,TXN000004085,Identity Theft,97,2024-09-25,Open,26452.43
FRD0000077,TXN000007977,UPI Scam,71,2024-08-03,In Progress,6744.37
FRD0000078,TXN000003592,Suspicious High Value Transfer,80,2025-06-05,False Positive,24313.92
FRD0000079,TXN000002285,Phishing,72,2025-01-20,Confirmed Fraud,26707.64
FRD0000080,TXN000001803,Card Skimming,96,2025-07-25,Closed,36668.42
FRD0000081,TXN000005170,Phishing,95,2024-01-26,In Progress,102920.4
FRD0000082,TXN000007817,Card Skimming,95,2024-10-03,Confirmed Fraud,38390.16
FRD0000083,TXN000001041,Suspicious High Value Transfer,85,2025-04-01,False Positive,8467.53
FRD0000084,TXN000006716,Card Skimming,69,2024-08-14,In Progress,20894.52
FRD0000085,TXN000002142,UPI Scam,73,2024-05-24,Closed,8435.97
FRD0000086,TXN000002044,Account Takeover,65,2026-05-07,Closed,62428.34
FRD0000087,TXN000007018,Phishing,58,2026-01-28,False Positive,40115.48
FRD0000088,TXN000009275,Account Takeover,75,2024-02-13,Confirmed Fraud,53567.64
FRD0000089,TXN000008610,UPI Scam,93,2025-10-21,Confirmed Fraud,60044.72
FRD0000090,TXN000003801,Account Takeover,88,2025-05-03,In Progress,77317.09
FRD0000091,TXN000003868,Suspicious High Value Transfer,56,2025-12-15,Closed,21807.6
FRD0000092,TXN000006954,UPI Scam,85,2025-12-09,Open,23982.84
FRD0000093,TXN000000767,Phishing,63,2024-04-03,Confirmed Fraud,42873.0
FRD0000094,TXN000008438,UPI Scam,93,2025-03-19,Confirmed Fraud,1606.2
FRD0000095,TXN000004250,Phishing,81,2025-01-12,In Progress,9970.81
FRD0000096,TXN000003649,Account Takeover,84,2025-12-22,Confirmed Fraud,3439.72
FRD0000097,TXN000001722,Phishing,67,2026-01-14,In Progress,73448.36
FRD0000098,TXN000008127,UPI Scam,57,2024-11-16,Closed,3874.88
FRD0000099,TXN000000935,Card Skimming,72,2025-10-19,In Progress,62593.35
FRD0000100,TXN000003812,UPI Scam,63,2026-05-06,Open,43747.62
FRD0000101,TXN000005020,Identity Theft,89,2025-02-01,False Positive,15333.68
FRD0000102,TXN000006289,Suspicious High Value Transfer,92,2025-08-11,Open,63605.47
FRD0000103,TXN000006196,Account Takeover,99,2025-11-30,False Positive,56525.5
FRD0000104,TXN000005247,Account Takeover,67,2025-05-19,In Progress,28633.16
FRD0000105,TXN000002201,Card Skimming,99,2025-06-23,False Positive,7368.34
FRD0000106,TXN000000032,Identity Theft,55,2025-08-15,Confirmed Fraud,25251.55
FRD0000107,TXN000003017,Suspicious High Value Transfer,65,2024-05-24,In Progress,23679.16
FRD0000108,TXN000009544,Card Skimming,79,2024-10-18,False Positive,60109.81
FRD0000109,TXN000006521,Identity Theft,71,2025-06-01,Open,97674.07
FRD0000110,TXN000001517,Account Takeover,94,2025-01-20,In Progress,88390.05
FRD0000111,TXN000007721,Card Skimming,56,2026-05-12,Open,14864.24
FRD0000112,TXN000009653,Suspicious High Value Transfer,70,2025-11-30,In Progress,111210.53
FRD0000113,TXN000002804,UPI Scam,95,2024-04-19,False Positive,27942.46
FRD0000114,TXN000007697,Account Takeover,66,2026-03-08,Closed,34639.33
FRD0000115,TXN000003225,Identity Theft,91,2026-04-15,Confirmed Fraud,123735.93
FRD0000116,TXN000007659,Card Skimming,73,2025-12-31,Closed,24171.9
FRD0000117,TXN000001645,Card Skimming,96,2025-02-11,In Progress,43384.42
FRD0000118,TXN000002516,Phishing,63,2026-03-14,Closed,15742.88
FRD0000119,TXN000003867,Card Skimming,73,2024-06-25,Confirmed Fraud,69607.23
FRD0000120,TXN000009947,Identity Theft,68,2025-05-22,Closed,17856.97
FRD0000121,TXN000001956,Account Takeover,65,2024-02-01,In Progress,71502.95
FRD0000122,TXN000003298,Suspicious High Value Transfer,70,2024-10-16,In Progress,11433.93
FRD0000123,TXN000000530,Card Skimming,57,2025-04-11,Confirmed Fraud,58766.36
FRD0000124,TXN000004636,Identity Theft,99,2025-08-30,In Progress,75245.8
FRD0000125,TXN000003989,Phishing,64,2026-04-10,Confirmed Fraud,42217.36
FRD0000126,TXN000001227,Phishing,65,2024-07-16,In Progress,20326.62
FRD0000127,TXN000001212,Identity Theft,65,2024-03-08,Open,37045.83
FRD0000128,TXN000002080,Card Skimming,74,2025-04-11,Open,60204.48
FRD0000129,TXN000002582,Phishing,97,2024-12-11,Open,19586.69
FRD0000130,TXN000009575,UPI Scam,81,2024-01-06,Closed,84021.23
FRD0000131,TXN000002025,Suspicious High Value Transfer,84,2024-04-18,In Progress,63878.06
FRD0000132,TXN000008209,Identity Theft,96,2026-01-17,Open,26370.83
FRD0000133,TXN000005124,Suspicious High Value Transfer,63,2024-04-02,Closed,135105.15
FRD0000134,TXN000004930,Phishing,66,2025-05-15,Closed,47068.52
FRD0000135,TXN000006986,Identity Theft,98,2026-03-02,In Progress,18624.67
FRD0000136,TXN000008829,Account Takeover,68,2024-08-14,In Progress,26610.66
FRD0000137,TXN000004068,Suspicious High Value Transfer,64,2025-04-04,Closed,67983.42
FRD0000138,TXN000007227,Suspicious High Value Transfer,65,2025-07-25,Open,19257.14
FRD0000139,TXN000005870,Card Skimming,84,2024-09-05,Open,10367.98
FRD0000140,TXN000001982,Card Skimming,99,2024-09-04,Open,36755.2
FRD0000141,TXN000005341,Phishing,78,2025-08-04,Confirmed Fraud,34863.39
FRD0000142,TXN000003772,Account Takeover,64,2026-04-18,Confirmed Fraud,69595.69
FRD0000143,TXN000007713,Phishing,73,2024-06-14,Open,57298.14
FRD0000144,TXN000007230,Account Takeover,79,2025-05-20,Closed,42913.16
FRD0000145,TXN000007559,Identity Theft,60,2024-04-21,Open,48025.77
FRD0000146,TXN000001066,Identity Theft,90,2025-05-17,Open,72374.96
FRD0000147,TXN000008712,Card Skimming,97,2025-07-18,False Positive,6045.9
FRD0000148,TXN000003234,UPI Scam,78,2024-03-21,Closed,38707.3
FRD0000149,TXN000001340,Suspicious High Value Transfer,71,2024-03-06,Closed,61316.25
FRD0000150,TXN000006412,Account Takeover,73,2026-04-19,Confirmed Fraud,42389.01
FRD0000151,TXN000004471,Account Takeover,61,2026-03-25,In Progress,38280.84
FRD0000152,TXN000000602,Account Takeover,58,2025-04-12,Closed,21019.25
FRD0000153,TXN000007990,Card Skimming,65,2024-07-07,Closed,107902.52
FRD0000154,TXN000004589,Identity Theft,91,2025-09-04,Open,78709.91
FRD0000155,TXN000004927,Card Skimming,69,2025-05-03,False Positive,10107.39
FRD0000156,TXN000008780,Account Takeover,91,2026-03-19,False Positive,3732.09
FRD0000157,TXN000006698,Account Takeover,62,2025-07-28,Open,11734.98
FRD0000158,TXN000002436,Phishing,88,2025-08-15,Confirmed Fraud,54028.6
FRD0000159,TXN000007894,Card Skimming,97,2024-02-16,Closed,35934.5
FRD0000160,TXN000000088,Card Skimming,59,2024-03-03,In Progress,55423.28
FRD0000161,TXN000001338,Account Takeover,60,2025-09-03,Open,17054.81
FRD0000162,TXN000002356,UPI Scam,64,2024-01-15,Confirmed Fraud,56044.52
FRD0000163,TXN000007035,Identity Theft,56,2026-04-17,Confirmed Fraud,22659.71
FRD0000164,TXN000009057,Phishing,69,2024-02-23,Confirmed Fraud,55399.34
FRD0000165,TXN000000637,Card Skimming,60,2025-06-07,In Progress,31371.94
FRD0000166,TXN000006533,UPI Scam,60,2024-05-03,In Progress,31097.76
FRD0000167,TXN000001737,Suspicious High Value Transfer,93,2025-05-13,False Positive,52883.36
FRD0000168,TXN000003905,Identity Theft,78,2025-03-02,Open,32863.36
FRD0000169,TXN000003711,UPI Scam,69,2025-12-12,Confirmed Fraud,95159.91
FRD0000170,TXN000006451,UPI Scam,91,2024-08-13,Open,82826.7
FRD0000171,TXN000005996,Account Takeover,85,2024-05-31,Closed,17190.4
FRD0000172,TXN000005826,Phishing,84,2024-09-22,In Progress,35680.8
FRD0000173,TXN000000657,UPI Scam,69,2025-12-10,Open,25256.0
FRD0000174,TXN000007905,Phishing,98,2024-03-15,Confirmed Fraud,51552.75
FRD0000175,TXN000005812,UPI Scam,62,2026-03-10,False Positive,54254.31
FRD0000176,TXN000001045,UPI Scam,80,2024-01-17,In Progress,48339.79
FRD0000177,TXN000006788,UPI Scam,99,2024-03-05,False Positive,71260.6
FRD0000178,TXN000000864,Phishing,90,2026-01-17,Confirmed Fraud,129.75
FRD0000179,TXN000004816,Identity Theft,63,2025-04-27,In Progress,25169.03
FRD0000180,TXN000003722,Phishing,100,2026-04-14,In Progress,139980.41
FRD0000181,TXN000006319,UPI Scam,67,2025-05-11,In Progress,43180.98
FRD0000182,TXN000002404,Card Skimming,82,2024-09-13,In Progress,29352.93
FRD0000183,TXN000005178,Suspicious High Value Transfer,73,2025-10-18,In Progress,66661.38
FRD0000184,TXN000003568,Phishing,94,2026-05-06,False Positive,7133.61
FRD0000185,TXN000002921,Phishing,71,2025-03-30,False Positive,1352.09
FRD0000186,TXN000008294,UPI Scam,57,2025-05-11,Confirmed Fraud,49500.97
FRD0000187,TXN000003381,Suspicious High Value Transfer,93,2024-05-27,False Positive,47003.1
FRD0000188,TXN000002393,Card Skimming,93,2025-08-09,Open,55069.75
FRD0000189,TXN000006092,Account Takeover,57,2024-06-14,False Positive,52190.61
FRD0000190,TXN000007460,Card Skimming,62,2024-03-31,Confirmed Fraud,47353.75
FRD0000191,TXN000000925,Card Skimming,97,2025-01-09,False Positive,51172.36
FRD0000192,TXN000002358,Phishing,60,2025-01-24,Open,16864.18
FRD0000193,TXN000003243,UPI Scam,59,2025-06-12,In Progress,3797.16
FRD0000194,TXN000006973,Card Skimming,85,2024-06-12,Confirmed Fraud,50505.98
FRD0000195,TXN000009669,Phishing,63,2025-10-07,In Progress,17183.24
FRD0000196,TXN000002767,Phishing,56,2026-01-03,In Progress,67766.2
FRD0000197,TXN000003157,Phishing,87,2026-04-29,False Positive,35295.3
FRD0000198,TXN000008973,Account Takeover,98,2025-11-07,Confirmed Fraud,35512.0
FRD0000199,TXN000005295,Phishing,81,2025-05-15,Open,41740.2
FRD0000200,TXN000009642,Card Skimming,76,2025-05-25,Open,12941.23
FRD0000201,TXN000009703,Account Takeover,87,2024-02-05,Open,25821.62
FRD0000202,TXN000001298,Identity Theft,81,2024-02-17,False Positive,59845.5
FRD0000203,TXN000006726,Phishing,100,2025-08-07,Open,12516.17
FRD0000204,TXN000007653,Phishing,98,2026-01-19,Confirmed Fraud,25896.68
FRD0000205,TXN000002466,UPI Scam,85,2024-02-09,Confirmed Fraud,14497.77
FRD0000206,TXN000009332,UPI Scam,73,2024-06-04,False Positive,102133.28
FRD0000207,TXN000009760,UPI Scam,56,2025-10-06,Open,99327.2
FRD0000208,TXN000008394,Account Takeover,68,2024-04-19,Closed,409.7
FRD0000209,TXN000009571,Identity Theft,67,2024-12-02,Confirmed Fraud,60369.75
FRD0000210,TXN000008496,Card Skimming,98,2024-09-23,Confirmed Fraud,60769.96
FRD0000211,TXN000005531,Card Skimming,60,2026-05-14,Open,96744.3
FRD0000212,TXN000007525,Card Skimming,87,2026-04-12,Closed,66641.59
FRD0000213,TXN000005877,Identity Theft,95,2025-02-10,Closed,18707.14
FRD0000214,TXN000006150,Account Takeover,55,2025-05-01,In Progress,95932.91
FRD0000215,TXN000002055,Suspicious High Value Transfer,75,2026-04-22,Confirmed Fraud,16233.16
FRD0000216,TXN000009783,Account Takeover,96,2024-08-17,In Progress,62173.82
FRD0000217,TXN000002398,Card Skimming,97,2025-05-19,Closed,81269.66
FRD0000218,TXN000007900,Identity Theft,59,2025-03-03,In Progress,44528.41
FRD0000219,TXN000002298,Suspicious High Value Transfer,93,2025-11-01,Open,16704.49
FRD0000220,TXN000002005,Card Skimming,93,2024-06-06,False Positive,32638.53
FRD0000221,TXN000001150,Suspicious High Value Transfer,91,2024-05-19,In Progress,57928.61
FRD0000222,TXN000001125,Phishing,96,2024-03-15,In Progress,29559.07
FRD0000223,TXN000003785,Identity Theft,62,2026-05-10,In Progress,53840.55
FRD0000224,TXN000001037,Suspicious High Value Transfer,79,2024-01-06,Confirmed Fraud,70506.22
FRD0000225,TXN000004262,Card Skimming,87,2026-02-27,False Positive,35141.03
FRD0000226,TXN000004983,Suspicious High Value Transfer,69,2026-04-30,In Progress,108744.13
FRD0000227,TXN000008622,UPI Scam,100,2025-04-19,In Progress,24942.22
FRD0000228,TXN000000735,UPI Scam,99,2025-07-02,Open,17608.02
FRD0000229,TXN000004409,UPI Scam,64,2024-02-07,Confirmed Fraud,69946.79
FRD0000230,TXN000002743,Suspicious High Value Transfer,59,2026-05-04,Open,24135.13
FRD0000231,TXN000006587,Phishing,96,2025-12-15,False Positive,37813.49
FRD0000232,TXN000003786,Card Skimming,98,2025-05-11,False Positive,79318.79
FRD0000233,TXN000004502,Suspicious High Value Transfer,79,2025-01-14,False Positive,31260.0
FRD0000234,TXN000009138,UPI Scam,69,2025-10-28,Confirmed Fraud,20706.97
FRD0000235,TXN000001261,Account Takeover,78,2024-05-13,Open,96445.39
FRD0000236,TXN000004949,Phishing,100,2026-05-20,False Positive,29144.98
FRD0000237,TXN000002172,Account Takeover,100,2024-04-16,Open,205.99
FRD0000238,TXN000001621,UPI Scam,100,2026-04-22,Closed,88957.95
FRD0000239,TXN000001752,Identity Theft,56,2025-03-05,In Progress,87637.37
FRD0000240,TXN000004090,Phishing,90,2024-03-25,In Progress,61325.17
FRD0000241,TXN000004459,Suspicious High Value Transfer,62,2024-06-28,Open,25029.77
FRD0000242,TXN000008223,Suspicious High Value Transfer,59,2025-03-05,False Positive,41957.75
FRD0000243,TXN000003691,Suspicious High Value Transfer,87,2024-01-09,Open,378.74
FRD0000244,TXN000003849,Suspicious High Value Transfer,75,2025-10-19,False Positive,54442.87
FRD0000245,TXN000009846,Account Takeover,78,2024-06-16,False Positive,41230.88
FRD0000246,TXN000004540,Identity Theft,73,2024-11-07,False Positive,27011.45
FRD0000247,TXN000006276,Suspicious High Value Transfer,56,2024-01-21,In Progress,10557.13
FRD0000248,TXN000001597,Account Takeover,71,2025-09-09,Confirmed Fraud,67012.57
FRD0000249,TXN000001180,Identity Theft,64,2024-03-21,Open,35141.38
FRD0000250,TXN000002136,Card Skimming,97,2024-01-08,In Progress,4542.78
FRD0000251,TXN000008727,Account Takeover,93,2024-04-17,Confirmed Fraud,49943.25
FRD0000252,TXN000009042,UPI Scam,69,2024-10-27,Open,8731.28
FRD0000253,TXN000001201,Suspicious High Value Transfer,91,2024-05-19,Closed,51372.36
FRD0000254,TXN000009297,Card Skimming,59,2024-10-11,Open,46724.66
FRD0000255,TXN000006433,Identity Theft,67,2025-08-09,Confirmed Fraud,43729.94
FRD0000256,TXN000005101,Identity Theft,57,2026-01-15,Open,66061.07
FRD0000257,TXN000008509,Card Skimming,69,2024-03-30,False Positive,15145.86
FRD0000258,TXN000001235,Phishing,61,2024-09-29,Confirmed Fraud,438.68
FRD0000259,TXN000003058,Account Takeover,74,2025-05-21,False Positive,90900.09
FRD0000260,TXN000000035,Identity Theft,67,2024-03-24,In Progress,29288.55
FRD0000261,TXN000000951,UPI Scam,92,2024-12-05,Confirmed Fraud,82029.28
FRD0000262,TXN000000007,Phishing,84,2026-05-15,In Progress,16418.75
FRD0000263,TXN000003171,Identity Theft,96,2025-10-23,Open,120759.69
FRD0000264,TXN000003541,Identity Theft,74,2024-04-28,Confirmed Fraud,3420.24
FRD0000265,TXN000008941,Suspicious High Value Transfer,79,2025-05-18,False Positive,98556.26
FRD0000266,TXN000009323,Identity Theft,68,2025-03-25,In Progress,19535.32
FRD0000267,TXN000003708,UPI Scam,98,2024-01-10,In Progress,4717.89
FRD0000268,TXN000002378,Card Skimming,82,2024-11-25,In Progress,29710.56
FRD0000269,TXN000000647,Account Takeover,78,2025-09-18,Closed,48355.45
FRD0000270,TXN000006634,Account Takeover,75,2025-01-10,False Positive,88699.25
FRD0000271,TXN000000745,Identity Theft,87,2025-09-12,Closed,14450.85
FRD0000272,TXN000008675,Identity Theft,68,2025-04-19,Confirmed Fraud,66113.66
FRD0000273,TXN000007790,UPI Scam,99,2025-05-07,Confirmed Fraud,70659.66
FRD0000274,TXN000005460,UPI Scam,61,2025-07-18,False Positive,23286.63
FRD0000275,TXN000002854,UPI Scam,82,2026-03-11,Open,38720.02
FRD0000276,TXN000003597,Card Skimming,100,2024-07-27,Open,38615.56
FRD0000277,TXN000003716,Identity Theft,84,2024-04-08,Closed,11204.46
FRD0000278,TXN000001911,Suspicious High Value Transfer,62,2026-04-29,Closed,62904.69
FRD0000279,TXN000005022,Phishing,78,2024-02-05,Open,11684.28
FRD0000280,TXN000000714,Identity Theft,68,2025-12-29,In Progress,61614.03
FRD0000281,TXN000008399,UPI Scam,63,2026-03-30,In Progress,36224.13
FRD0000282,TXN000002183,Identity Theft,73,2024-09-24,Confirmed Fraud,1770.08
FRD0000283,TXN000000887,Card Skimming,72,2025-02-11,Confirmed Fraud,49275.9
FRD0000284,TXN000001258,Phishing,80,2025-12-24,Open,40102.45
FRD0000285,TXN000009435,Card Skimming,86,2025-07-11,Open,5002.17
FRD0000286,TXN000008310,Account Takeover,58,2025-04-20,Open,141305.7
FRD0000287,TXN000001841,Suspicious High Value Transfer,55,2024-05-04,Closed,65776.75
FRD0000288,TXN000004618,Suspicious High Value Transfer,85,2024-02-09,In Progress,1165.38
FRD0000289,TXN000006615,Identity Theft,89,2024-10-27,Open,95690.88
FRD0000290,TXN000006337,UPI Scam,71,2024-05-01,False Positive,15655.24
FRD0000291,TXN000005319,Card Skimming,80,2025-11-13,False Positive,1360.03
FRD0000292,TXN000004805,Card Skimming,79,2024-02-19,In Progress,12040.7
FRD0000293,TXN000008567,UPI Scam,95,2026-01-22,False Positive,34696.57
FRD0000294,TXN000001419,UPI Scam,58,2025-03-05,In Progress,18253.73
FRD0000295,TXN000009661,Identity Theft,93,2025-01-21,Confirmed Fraud,69691.96
FRD0000296,TXN000007969,Suspicious High Value Transfer,62,2024-12-15,False Positive,27372.12
FRD0000297,TXN000006067,Phishing,63,2025-06-23,Confirmed Fraud,119470.18
FRD0000298,TXN000009455,UPI Scam,65,2025-12-03,Confirmed Fraud,122939.4
FRD0000299,TXN000003583,Suspicious High Value Transfer,75,2025-07-31,False Positive,60133.04
FRD0000300,TXN000008530,Account Takeover,94,2025-04-08,Open,11756.29
FRD0000301,TXN000005284,Account Takeover,84,2024-04-09,In Progress,10352.81
FRD0000302,TXN000001652,UPI Scam,99,2024-12-11,Open,14121.18
FRD0000303,TXN000002875,Account Takeover,57,2026-01-17,In Progress,7329.21
FRD0000304,TXN000008444,Card Skimming,80,2026-03-22,Closed,79776.29
FRD0000305,TXN000006240,UPI Scam,61,2025-12-02,Confirmed Fraud,35588.99
FRD0000306,TXN000001866,UPI Scam,83,2025-10-30,False Positive,22648.13
FRD0000307,TXN000005403,Identity Theft,77,2025-01-14,Closed,75480.87
FRD0000308,TXN000001735,Account Takeover,67,2025-10-28,In Progress,1439.76
FRD0000309,TXN000001468,Account Takeover,98,2025-06-24,Closed,7566.78
FRD0000310,TXN000002322,Card Skimming,94,2025-06-12,Open,26834.93
FRD0000311,TXN000002709,Card Skimming,90,2024-05-08,Confirmed Fraud,7871.8
FRD0000312,TXN000005733,Account Takeover,88,2024-06-12,False Positive,3162.67
FRD0000313,TXN000001666,Suspicious High Value Transfer,62,2025-04-02,Open,25214.07
FRD0000314,TXN000000592,Suspicious High Value Transfer,64,2024-11-25,Open,101064.44
FRD0000315,TXN000005381,Suspicious High Value Transfer,70,2025-12-16,False Positive,68564.66
FRD0000316,TXN000006139,Card Skimming,65,2025-05-26,In Progress,2698.13
FRD0000317,TXN000008975,Identity Theft,98,2026-05-15,In Progress,11212.64
FRD0000318,TXN000005437,Identity Theft,85,2024-02-07,Open,35231.78
FRD0000319,TXN000008356,Suspicious High Value Transfer,79,2024-07-12,False Positive,47120.64
FRD0000320,TXN000008003,Account Takeover,57,2025-09-18,False Positive,28049.05
FRD0000321,TXN000008955,Identity Theft,67,2024-07-17,Confirmed Fraud,25645.23
FRD0000322,TXN000003912,Account Takeover,100,2026-02-20,In Progress,181.39
FRD0000323,TXN000003670,Card Skimming,85,2025-11-13,Confirmed Fraud,24561.15
FRD0000324,TXN000005878,Identity Theft,83,2024-12-16,Closed,30960.56
FRD0000325,TXN000002628,Account Takeover,72,2025-04-30,In Progress,60404.63
FRD0000326,TXN000008607,Identity Theft,73,2024-08-28,False Positive,77005.62
FRD0000327,TXN000000111,Card Skimming,93,2024-08-29,In Progress,17876.28
FRD0000328,TXN000004394,Identity Theft,59,2026-03-18,Closed,5823.97
FRD0000329,TXN000006154,UPI Scam,97,2025-08-20,False Positive,56093.5
FRD0000330,TXN000006014,Account Takeover,76,2024-03-17,Confirmed Fraud,406.0
FRD0000331,TXN000007543,Identity Theft,82,2024-06-28,Open,9111.72
FRD0000332,TXN000005860,Identity Theft,100,2025-02-25,False Positive,88503.11
FRD0000333,TXN000002508,Account Takeover,72,2024-06-05,Confirmed Fraud,9584.04
FRD0000334,TXN000001880,UPI Scam,82,2026-01-09,In Progress,34469.85
FRD0000335,TXN000007717,Card Skimming,61,2024-06-11,False Positive,1309.36
FRD0000336,TXN000003448,Identity Theft,91,2024-06-29,Confirmed Fraud,4702.95
FRD0000337,TXN000008763,Identity Theft,91,2025-11-14,False Positive,10300.61
FRD0000338,TXN000004387,Phishing,99,2025-09-27,Confirmed Fraud,28893.84
FRD0000339,TXN000002000,Phishing,57,2025-07-20,Closed,37148.13
FRD0000340,TXN000004028,Phishing,85,2024-02-09,Open,69529.93
FRD0000341,TXN000001986,Card Skimming,86,2024-03-07,Confirmed Fraud,21390.09
FRD0000342,TXN000009504,UPI Scam,64,2024-07-21,Confirmed Fraud,75820.27
FRD0000343,TXN000007193,Card Skimming,64,2025-11-10,Closed,22227.44
FRD0000344,TXN000006136,Phishing,68,2025-06-02,In Progress,35154.98
FRD0000345,TXN000002678,Account Takeover,88,2024-12-15,Closed,81485.7
FRD0000346,TXN000000895,Identity Theft,70,2025-03-21,In Progress,24803.53
FRD0000347,TXN000007093,Identity Theft,96,2024-04-22,Confirmed Fraud,30409.51
FRD0000348,TXN000007696,Card Skimming,66,2024-05-23,Confirmed Fraud,1651.12
FRD0000349,TXN000008961,Account Takeover,61,2026-04-14,Closed,13411.95
FRD0000350,TXN000008139,Identity Theft,59,2025-11-17,False Positive,23457.38
FRD0000351,TXN000000402,Card Skimming,58,2024-11-07,False Positive,21643.93
FRD0000352,TXN000001838,Card Skimming,57,2024-07-30,Open,6247.92
FRD0000353,TXN000001475,UPI Scam,88,2025-07-01,Confirmed Fraud,13546.71
FRD0000354,TXN000008030,UPI Scam,74,2024-10-23,Open,71239.87
FRD0000355,TXN000008694,Identity Theft,74,2024-06-30,Confirmed Fraud,30678.31
FRD0000356,TXN000008807,UPI Scam,61,2025-04-01,False Positive,16984.45
FRD0000357,TXN000009611,Suspicious High Value Transfer,89,2026-05-11,Closed,53489.15
FRD0000358,TXN000006084,Card Skimming,89,2025-01-29,Open,50430.57
FRD0000359,TXN000003264,Account Takeover,93,2024-03-07,False Positive,42103.32
FRD0000360,TXN000000646,Phishing,55,2025-04-13,Confirmed Fraud,3423.12
FRD0000361,TXN000000276,Card Skimming,91,2024-07-07,False Positive,100186.16
FRD0000362,TXN000008664,Card Skimming,89,2026-02-18,Confirmed Fraud,21300.52
FRD0000363,TXN000001236,Suspicious High Value Transfer,66,2025-05-15,False Positive,1392.69
FRD0000364,TXN000004965,Identity Theft,82,2025-07-09,In Progress,12702.72
FRD0000365,TXN000006620,Identity Theft,67,2025-08-22,False Positive,22623.6
FRD0000366,TXN000003383,Identity Theft,97,2024-12-14,Closed,32450.75
FRD0000367,TXN000006540,UPI Scam,74,2025-01-06,Confirmed Fraud,12606.5
FRD0000368,TXN000005515,UPI Scam,80,2026-02-25,Confirmed Fraud,61414.98
FRD0000369,TXN000009120,Identity Theft,92,2024-05-31,False Positive,88052.58
FRD0000370,TXN000009903,UPI Scam,88,2025-11-28,Confirmed Fraud,14642.13
FRD0000371,TXN000006107,Account Takeover,93,2026-04-09,In Progress,83259.66
FRD0000372,TXN000000547,Phishing,98,2026-03-26,Closed,55031.27
FRD0000373,TXN000007614,Account Takeover,89,2025-11-04,In Progress,20597.12
FRD0000374,TXN000002382,Phishing,91,2026-02-27,Confirmed Fraud,30318.08
FRD0000375,TXN000004937,Account Takeover,69,2025-08-22,Open,15268.75
FRD0000376,TXN000006362,UPI Scam,80,2026-05-11,Confirmed Fraud,131412.5
FRD0000377,TXN000006812,UPI Scam,83,2026-04-17,Open,13740.56
FRD0000378,TXN000004083,Identity Theft,85,2025-10-21,Closed,64184.77
FRD0000379,TXN000008570,Account Takeover,69,2025-03-05,Confirmed Fraud,54895.29
FRD0000380,TXN000009497,Suspicious High Value Transfer,60,2024-11-21,Closed,7776.17
FRD0000381,TXN000003326,Suspicious High Value Transfer,93,2024-05-07,Closed,43860.76
FRD0000382,TXN000007046,Account Takeover,78,2024-09-22,False Positive,74609.31
FRD0000383,TXN000004091,Identity Theft,90,2024-11-04,Open,54650.82
FRD0000384,TXN000003808,Account Takeover,72,2024-10-07,Open,3026.46
FRD0000385,TXN000003844,Identity Theft,61,2026-03-21,Confirmed Fraud,52859.58
FRD0000386,TXN000005114,UPI Scam,71,2026-04-27,Closed,72626.64
FRD0000387,TXN000004379,Card Skimming,89,2024-03-13,False Positive,25935.19
FRD0000388,TXN000003463,Phishing,58,2024-08-08,In Progress,23579.79
FRD0000389,TXN000009174,Card Skimming,99,2025-09-29,False Positive,97918.07
FRD0000390,TXN000005699,Account Takeover,79,2026-05-03,False Positive,11803.31
FRD0000391,TXN000004994,Card Skimming,83,2025-06-14,False Positive,109299.58
FRD0000392,TXN000003217,Account Takeover,56,2024-12-28,Open,14702.58
FRD0000393,TXN000009201,Suspicious High Value Transfer,89,2026-05-09,In Progress,10877.76
FRD0000394,TXN000004053,Phishing,76,2024-09-18,False Positive,19556.32
FRD0000395,TXN000009075,Account Takeover,88,2025-11-29,Confirmed Fraud,43809.4
FRD0000396,TXN000004333,UPI Scam,79,2024-10-12,Open,1056.99
FRD0000397,TXN000005005,Identity Theft,93,2025-09-24,False Positive,10668.25
FRD0000398,TXN000009122,Phishing,71,2024-01-16,Open,7013.74
FRD0000399,TXN000002470,Phishing,71,2025-04-16,False Positive,27464.04
FRD0000400,TXN000003452,Identity Theft,99,2025-04-12,Confirmed Fraud,54394.35
FRD0000401,TXN000005925,UPI Scam,78,2024-10-04,False Positive,81283.42
FRD0000402,TXN000007137,Account Takeover,69,2025-01-01,Open,49641.5
FRD0000403,TXN000005932,Identity Theft,61,2026-02-05,Open,1271.31
FRD0000404,TXN000006844,UPI Scam,71,2025-03-02,Confirmed Fraud,69708.2
FRD0000405,TXN000002650,UPI Scam,57,2025-09-04,In Progress,103781.43
FRD0000406,TXN000005569,Suspicious High Value Transfer,62,2026-01-05,In Progress,9148.7
FRD0000407,TXN000005033,Phishing,91,2025-09-27,In Progress,11225.94
FRD0000408,TXN000003471,UPI Scam,56,2024-12-07,Confirmed Fraud,27136.1
FRD0000409,TXN000004494,Phishing,77,2025-11-03,False Positive,82763.54
FRD0000410,TXN000000538,Suspicious High Value Transfer,64,2024-05-27,Closed,3716.67
FRD0000411,TXN000000746,Card Skimming,69,2026-04-03,Confirmed Fraud,11449.1
FRD0000412,TXN000000093,Account Takeover,77,2025-06-08,Open,67090.18
FRD0000413,TXN000006375,Card Skimming,92,2025-02-28,Open,46554.94
FRD0000414,TXN000008199,Suspicious High Value Transfer,68,2024-10-14,False Positive,22354.28
FRD0000415,TXN000002076,Phishing,64,2024-12-03,In Progress,14353.29
FRD0000416,TXN000004993,UPI Scam,63,2026-03-08,Open,2079.71
FRD0000417,TXN000000615,Suspicious High Value Transfer,57,2024-07-04,Closed,23461.11
FRD0000418,TXN000005332,Suspicious High Value Transfer,69,2024-12-01,False Positive,61463.92
FRD0000419,TXN000009838,Phishing,73,2026-03-01,Closed,56448.84
FRD0000420,TXN000001478,Identity Theft,60,2024-08-23,Open,39619.23
FRD0000421,TXN000002947,Account Takeover,95,2024-10-09,Open,85600.58
FRD0000422,TXN000005613,Phishing,57,2024-01-09,Confirmed Fraud,6050.68
FRD0000423,TXN000008271,UPI Scam,94,2024-07-12,Closed,52245.24
FRD0000424,TXN000001272,Account Takeover,94,2024-07-04,Open,48262.1
FRD0000425,TXN000000805,Account Takeover,89,2025-10-29,In Progress,45140.81
FRD0000426,TXN000007714,Card Skimming,73,2024-05-25,Closed,4257.91
FRD0000427,TXN000000899,UPI Scam,67,2026-03-12,Closed,101197.17
FRD0000428,TXN000006652,Suspicious High Value Transfer,89,2025-05-20,Closed,16191.61
FRD0000429,TXN000007391,UPI Scam,97,2024-02-25,False Positive,17249.95
FRD0000430,TXN000005356,Card Skimming,60,2024-03-03,Confirmed Fraud,37274.05
FRD0000431,TXN000003061,Card Skimming,65,2025-07-14,Confirmed Fraud,25188.52
FRD0000432,TXN000004548,Card Skimming,98,2025-11-15,Closed,31382.72
FRD0000433,TXN000004134,UPI Scam,74,2024-05-13,Confirmed Fraud,111750.71
FRD0000434,TXN000000508,Card Skimming,67,2026-04-16,Confirmed Fraud,51130.48
FRD0000435,TXN000000029,Suspicious High Value Transfer,61,2025-12-19,In Progress,15989.65
FRD0000436,TXN000007978,Suspicious High Value Transfer,66,2024-08-09,Confirmed Fraud,2003.79
FRD0000437,TXN000009308,Card Skimming,67,2026-02-05,Closed,72785.65
FRD0000438,TXN000008016,UPI Scam,62,2024-01-12,Open,78834.43
FRD0000439,TXN000009322,Card Skimming,98,2026-01-11,In Progress,11390.65
FRD0000440,TXN000001672,Account Takeover,56,2024-09-14,False Positive,12304.43
FRD0000441,TXN000002572,Suspicious High Value Transfer,92,2024-10-09,Closed,2897.6
FRD0000442,TXN000001268,Suspicious High Value Transfer,55,2025-07-13,In Progress,3075.91
FRD0000443,TXN000006113,Phishing,79,2025-02-04,Closed,26162.55
FRD0000444,TXN000003291,Phishing,59,2025-07-17,Closed,48059.36
FRD0000445,TXN000004679,Phishing,69,2025-10-10,False Positive,13094.7
FRD0000446,TXN000002596,Suspicious High Value Transfer,82,2025-01-01,Open,102381.07
FRD0000447,TXN000001453,UPI Scam,79,2025-07-02,In Progress,11056.29
FRD0000448,TXN000005453,Phishing,75,2025-07-10,In Progress,51273.74
FRD0000449,TXN000001252,Card Skimming,78,2025-03-13,Closed,6749.13
FRD0000450,TXN000009624,Identity Theft,95,2025-06-07,Open,91224.29
FRD0000451,TXN000006925,UPI Scam,75,2024-11-12,In Progress,30754.72
FRD0000452,TXN000003023,UPI Scam,80,2026-03-25,False Positive,53706.5
FRD0000453,TXN000004641,Suspicious High Value Transfer,71,2025-03-06,Confirmed Fraud,21082.44
FRD0000454,TXN000004859,Phishing,69,2026-04-27,False Positive,23803.25
FRD0000455,TXN000006616,Identity Theft,84,2024-02-02,Open,89832.79
FRD0000456,TXN000002309,Suspicious High Value Transfer,74,2025-03-14,Closed,27393.84
FRD0000457,TXN000006401,Suspicious High Value Transfer,96,2024-01-03,Closed,50937.79
FRD0000458,TXN000002318,Identity Theft,63,2026-04-04,Open,31444.18
FRD0000459,TXN000008183,Identity Theft,61,2025-05-29,Open,16974.94
FRD0000460,TXN000007887,Account Takeover,93,2024-06-23,In Progress,33604.22
FRD0000461,TXN000004475,Card Skimming,67,2024-06-06,Confirmed Fraud,70013.79
FRD0000462,TXN000009096,Identity Theft,57,2025-07-15,Confirmed Fraud,10762.07
FRD0000463,TXN000004597,Suspicious High Value Transfer,97,2024-03-09,In Progress,55364.12
FRD0000464,TXN000004034,Phishing,79,2025-05-20,In Progress,21144.45
FRD0000465,TXN000005728,Identity Theft,88,2024-12-31,Closed,22002.94
FRD0000466,TXN000000008,UPI Scam,77,2024-09-30,Open,58424.42
FRD0000467,TXN000009894,Card Skimming,86,2024-12-11,In Progress,67872.13
FRD0000468,TXN000001919,UPI Scam,60,2025-07-25,False Positive,62706.63
FRD0000469,TXN000002860,Identity Theft,63,2026-04-04,Confirmed Fraud,17527.66
FRD0000470,TXN000006963,Identity Theft,86,2024-12-03,False Positive,87306.45
FRD0000471,TXN000001673,UPI Scam,97,2024-09-26,In Progress,42709.0
FRD0000472,TXN000001029,UPI Scam,85,2025-07-03,Closed,4638.44
FRD0000473,TXN000001437,Suspicious High Value Transfer,79,2024-05-24,Open,73065.78
FRD0000474,TXN000000249,UPI Scam,72,2024-10-25,Open,32191.02
FRD0000475,TXN000009000,Account Takeover,94,2024-11-21,In Progress,102621.93
FRD0000476,TXN000007074,Identity Theft,67,2026-03-20,Closed,46136.45
FRD0000477,TXN000008535,Account Takeover,61,2025-05-02,In Progress,9725.99
FRD0000478,TXN000000474,UPI Scam,69,2025-10-02,Confirmed Fraud,13673.73
FRD0000479,TXN000006842,Account Takeover,87,2024-11-10,Closed,46286.49
FRD0000480,TXN000007513,Suspicious High Value Transfer,68,2025-11-01,Closed,37708.51
FRD0000481,TXN000009681,Phishing,75,2024-03-06,Confirmed Fraud,92093.33
FRD0000482,TXN000003526,UPI Scam,77,2024-02-04,Open,19830.35
FRD0000483,TXN000002927,Identity Theft,67,2025-10-10,Open,71262.68
FRD0000484,TXN000008650,Phishing,86,2025-04-02,Closed,7886.59
FRD0000485,TXN000009652,UPI Scam,92,2024-09-01,Closed,59747.26
FRD0000486,TXN000001067,Identity Theft,83,2025-07-18,In Progress,11201.28
FRD0000487,TXN000003271,Account Takeover,71,2024-05-08,Open,33113.26
FRD0000488,TXN000006381,Identity Theft,62,2025-10-24,Confirmed Fraud,14878.92
FRD0000489,TXN000009209,Identity Theft,98,2024-09-18,Confirmed Fraud,41153.24
FRD0000490,TXN000003200,UPI Scam,68,2025-12-21,Confirmed Fraud,34929.91
FRD0000491,TXN000000540,Suspicious High Value Transfer,78,2024-02-15,Closed,12237.33
FRD0000492,TXN000006228,UPI Scam,75,2024-12-06,False Positive,2988.76
FRD0000493,TXN000000060,Identity Theft,97,2024-07-29,Open,50464.18
FRD0000494,TXN000003593,Phishing,60,2024-03-30,Open,49563.38
FRD0000495,TXN000007115,UPI Scam,74,2024-11-24,False Positive,52620.37
FRD0000496,TXN000004720,Phishing,80,2024-06-18,Confirmed Fraud,58289.77
FRD0000497,TXN000009119,Account Takeover,82,2025-05-07,False Positive,878.56
FRD0000498,TXN000003665,Account Takeover,77,2025-02-15,False Positive,15950.72
FRD0000499,TXN000006774,Account Takeover,92,2025-06-22,Closed,73044.51
FRD0000500,TXN000006736,Card Skimming,58,2025-05-10,In Progress,32255.38
FRD0000501,TXN000008862,Identity Theft,86,2025-06-16,Closed,71661.99
FRD0000502,TXN000005761,Account Takeover,68,2025-04-07,Closed,16963.85
FRD0000503,TXN000006588,Card Skimming,67,2026-01-26,Closed,29436.01
FRD0000504,TXN000002521,Phishing,59,2025-08-22,Closed,2776.79
FRD0000505,TXN000002240,Account Takeover,84,2024-08-15,Confirmed Fraud,2435.36
FRD0000506,TXN000000697,Account Takeover,71,2025-05-05,False Positive,115958.85
FRD0000507,TXN000008219,Suspicious High Value Transfer,60,2025-12-21,False Positive,9826.18
FRD0000508,TXN000002637,UPI Scam,80,2026-02-28,False Positive,127350.56
FRD0000509,TXN000000546,UPI Scam,95,2024-08-10,Open,50652.49
FRD0000510,TXN000009706,Account Takeover,95,2025-11-30,Open,68295.12
FRD0000511,TXN000009137,UPI Scam,76,2024-07-28,Open,43240.37
FRD0000512,TXN000005671,Suspicious High Value Transfer,62,2025-04-30,Confirmed Fraud,43708.99
FRD0000513,TXN000007444,Account Takeover,62,2025-11-24,In Progress,71046.62
FRD0000514,TXN000009391,Identity Theft,81,2024-05-11,False Positive,19461.16
FRD0000515,TXN000004705,Account Takeover,90,2025-01-28,False Positive,122675.04
FRD0000516,TXN000007020,Suspicious High Value Transfer,99,2025-07-28,Confirmed Fraud,11140.05
FRD0000517,TXN000009363,Phishing,95,2025-09-05,In Progress,55863.94
FRD0000518,TXN000009245,Card Skimming,69,2024-11-02,Open,39340.51
FRD0000519,TXN000006916,UPI Scam,70,2024-08-10,In Progress,57090.76
FRD0000520,TXN000000031,UPI Scam,80,2026-02-09,Closed,33795.62
FRD0000521,TXN000004175,Identity Theft,61,2026-05-07,In Progress,21309.73
FRD0000522,TXN000005827,Account Takeover,57,2025-11-30,Confirmed Fraud,84028.91
FRD0000523,TXN000006836,Suspicious High Value Transfer,67,2024-02-06,Confirmed Fraud,66183.8
FRD0000524,TXN000003054,Identity Theft,60,2026-01-31,Confirmed Fraud,7966.95
FRD0000525,TXN000003063,UPI Scam,57,2024-06-30,Closed,71248.64
FRD0000526,TXN000002342,Phishing,95,2024-10-17,Open,81137.79
FRD0000527,TXN000004956,Identity Theft,82,2025-09-10,Confirmed Fraud,42937.91
FRD0000528,TXN000009936,Card Skimming,75,2024-03-08,In Progress,16334.9
FRD0000529,TXN000008137,Suspicious High Value Transfer,96,2024-05-09,Confirmed Fraud,44811.03
FRD0000530,TXN000009686,UPI Scam,72,2024-05-04,Open,59262.36
FRD0000531,TXN000005872,Suspicious High Value Transfer,58,2025-09-15,Confirmed Fraud,16852.78
FRD0000532,TXN000002986,UPI Scam,72,2026-02-09,In Progress,45721.09
FRD0000533,TXN000004806,Phishing,98,2025-05-12,False Positive,114295.35
FRD0000534,TXN000008413,UPI Scam,64,2024-12-02,Open,41908.62
FRD0000535,TXN000000102,Card Skimming,84,2025-12-24,In Progress,61050.71
FRD0000536,TXN000000874,Suspicious High Value Transfer,72,2025-05-09,False Positive,138520.87
FRD0000537,TXN000002006,Identity Theft,87,2024-07-25,Open,18235.04
FRD0000538,TXN000001185,Suspicious High Value Transfer,79,2025-02-04,Closed,58213.54
FRD0000539,TXN000005581,Identity Theft,57,2025-04-22,Confirmed Fraud,36671.91
FRD0000540,TXN000002030,Identity Theft,72,2025-08-18,Confirmed Fraud,76958.74
FRD0000541,TXN000009156,Card Skimming,96,2025-07-21,In Progress,55004.87
FRD0000542,TXN000000246,Suspicious High Value Transfer,82,2025-02-25,Confirmed Fraud,15184.1
FRD0000543,TXN000002830,UPI Scam,66,2025-08-22,In Progress,45397.03
FRD0000544,TXN000003395,Account Takeover,60,2025-12-01,Confirmed Fraud,70569.09
FRD0000545,TXN000006546,Account Takeover,87,2026-04-08,Confirmed Fraud,14595.99
FRD0000546,TXN000006390,Identity Theft,96,2025-06-03,Closed,19068.57
FRD0000547,TXN000001754,Account Takeover,81,2026-04-13,In Progress,47971.96
FRD0000548,TXN000005144,Phishing,66,2025-03-08,Open,12154.22
FRD0000549,TXN000004324,Phishing,90,2024-10-26,In Progress,23724.55
FRD0000550,TXN000000683,UPI Scam,76,2024-03-31,In Progress,66531.45
FRD0000551,TXN000008021,Phishing,74,2024-02-03,In Progress,38263.23
FRD0000552,TXN000006617,Account Takeover,70,2024-05-23,Open,7692.05
FRD0000553,TXN000001691,Suspicious High Value Transfer,65,2025-10-14,Confirmed Fraud,28937.24
FRD0000554,TXN000003203,Identity Theft,67,2026-02-26,False Positive,52639.03
FRD0000555,TXN000001920,Identity Theft,73,2025-03-09,False Positive,17179.32
FRD0000556,TXN000004872,Card Skimming,61,2026-02-19,False Positive,35274.84
FRD0000557,TXN000009655,Identity Theft,71,2024-05-11,Open,47313.96
FRD0000558,TXN000007469,Suspicious High Value Transfer,63,2025-12-19,False Positive,64403.29
FRD0000559,TXN000006105,Card Skimming,98,2024-08-23,Open,101605.67
FRD0000560,TXN000003474,Card Skimming,56,2025-01-28,In Progress,24032.97
FRD0000561,TXN000008936,Identity Theft,89,2024-11-05,False Positive,11610.82
FRD0000562,TXN000003531,Card Skimming,65,2025-08-25,Closed,90882.97
FRD0000563,TXN000008080,Card Skimming,66,2025-02-07,Closed,47028.23
FRD0000564,TXN000005479,Phishing,74,2025-12-10,In Progress,53222.62
FRD0000565,TXN000008822,Identity Theft,87,2025-01-31,Confirmed Fraud,57959.34
FRD0000566,TXN000002537,Identity Theft,68,2026-05-23,Closed,40907.01
FRD0000567,TXN000009537,Phishing,86,2025-02-16,Open,84416.34
FRD0000568,TXN000007963,Identity Theft,62,2024-06-20,False Positive,23413.88
FRD0000569,TXN000006828,Card Skimming,81,2025-04-30,Open,17256.28
FRD0000570,TXN000000179,UPI Scam,95,2025-05-18,False Positive,80981.61
FRD0000571,TXN000002460,Identity Theft,68,2025-05-28,Confirmed Fraud,99418.39
FRD0000572,TXN000002885,Suspicious High Value Transfer,100,2024-11-05,Open,10069.37
FRD0000573,TXN000009909,Card Skimming,72,2025-02-03,In Progress,44859.19
FRD0000574,TXN000004723,Card Skimming,60,2025-12-27,Open,122682.32
FRD0000575,TXN000000441,Account Takeover,85,2025-06-13,Confirmed Fraud,71361.63
FRD0000576,TXN000006057,Card Skimming,70,2025-10-21,Confirmed Fraud,21212.32
FRD0000577,TXN000008649,Account Takeover,66,2025-12-17,False Positive,724.99
FRD0000578,TXN000003752,Card Skimming,65,2024-04-08,False Positive,63133.56
FRD0000579,TXN000002750,Suspicious High Value Transfer,62,2024-06-09,In Progress,9084.73
FRD0000580,TXN000001934,Identity Theft,71,2025-05-12,Confirmed Fraud,19015.19
FRD0000581,TXN000003031,Account Takeover,88,2025-07-23,Confirmed Fraud,28261.14
FRD0000582,TXN000008253,Account Takeover,58,2024-04-30,Confirmed Fraud,91586.73
FRD0000583,TXN000004897,Phishing,65,2024-12-20,Closed,5199.79
FRD0000584,TXN000005303,Identity Theft,88,2025-08-06,Open,94382.58
FRD0000585,TXN000004975,Phishing,92,2026-01-07,Open,10445.32
FRD0000586,TXN000005769,Suspicious High Value Transfer,67,2024-10-16,Confirmed Fraud,130423.98
FRD0000587,TXN000006651,Suspicious High Value Transfer,85,2024-02-01,Closed,18605.52
FRD0000588,TXN000006263,Phishing,67,2024-04-11,In Progress,3921.21
FRD0000589,TXN000006121,Phishing,61,2026-03-23,False Positive,33576.79
FRD0000590,TXN000001533,Identity Theft,86,2025-04-28,In Progress,24477.04
FRD0000591,TXN000002126,UPI Scam,59,2026-05-02,Confirmed Fraud,21113.1
FRD0000592,TXN000000134,UPI Scam,71,2024-08-11,Confirmed Fraud,87188.85
FRD0000593,TXN000001479,Identity Theft,88,2026-04-13,Closed,19966.62
FRD0000594,TXN000006826,Identity Theft,71,2026-05-10,In Progress,94327.67
FRD0000595,TXN000003871,Suspicious High Value Transfer,75,2024-12-03,Closed,88226.35
FRD0000596,TXN000009973,Phishing,94,2025-07-21,In Progress,11304.04
FRD0000597,TXN000003842,UPI Scam,73,2025-01-09,Closed,62373.14
FRD0000598,TXN000005946,Account Takeover,77,2025-01-20,Open,114650.61
FRD0000599,TXN000008486,Suspicious High Value Transfer,75,2025-11-04,False Positive,13649.09
FRD0000600,TXN000006438,Identity Theft,84,2026-03-13,Confirmed Fraud,23941.42
