policy_id,customer_id,policy_type,premium_amount,sum_assured,start_date,end_date,status
POL0000001,CUST000510,Accident Insurance,64851,837483,2019-09-12,2022-09-11,Active
POL0000002,CUST000304,Health Insurance,43595,9244832,2023-02-13,2024-02-13,Expired
POL0000003,CUST000274,Health Insurance,14126,1655668,2021-03-17,2024-03-16,Active
POL0000004,CUST000216,Accident Insurance,3501,4109691,2021-08-30,2026-08-29,Active
POL0000005,CUST000044,Health Insurance,4655,7635496,2022-08-07,2024-08-06,Active
POL0000006,CUST000786,Vehicle Insurance,102515,4488932,2023-09-26,2026-09-25,Active
POL0000007,CUST000378,Vehicle Insurance,110409,5678346,2025-10-15,2027-10-15,Active
POL0000008,CUST000355,Accident Insurance,82486,6813985,2019-10-09,2022-10-08,Active
POL0000009,CUST000352,Life Insurance,6316,3334245,2021-08-24,2026-08-23,Active
POL0000010,CUST000470,Accident Insurance,104967,4910065,2022-08-09,2024-08-08,Active
POL0000011,CUST000964,Accident Insurance,9021,6208810,2019-02-12,2022-02-11,Cancelled
POL0000012,CUST000795,Vehicle Insurance,60168,2506486,2020-11-17,2023-11-17,Active
POL0000013,CUST000489,Travel Insurance,35871,9770456,2020-10-06,2021-10-06,Active
POL0000014,CUST000776,Vehicle Insurance,43702,4569894,2019-07-19,2021-07-18,Active
POL0000015,CUST000809,Travel Insurance,34476,5231301,2025-08-23,2026-08-23,Active
POL0000016,CUST000652,Accident Insurance,104540,2261231,2020-02-15,2021-02-14,Expired
POL0000017,CUST000687,Accident Insurance,6605,6288839,2024-10-29,2025-10-29,Active
POL0000018,CUST000605,Health Insurance,12553,4733536,2019-01-09,2024-01-08,Expired
POL0000019,CUST000411,Health Insurance,50469,252211,2021-09-01,2022-09-01,Cancelled
POL0000020,CUST000716,Accident Insurance,26193,9538004,2024-05-16,2029-05-15,Active
POL0000021,CUST000514,Travel Insurance,47855,5978217,2025-12-29,2030-12-28,Active
POL0000022,CUST000031,Travel Insurance,48029,4395168,2023-02-08,2025-02-07,Active
POL0000023,CUST000826,Health Insurance,72787,3826666,2025-04-26,2026-04-26,Cancelled
POL0000024,CUST000032,Travel Insurance,99066,7389530,2020-11-20,2023-11-20,Lapsed
POL0000025,CUST000358,Life Insurance,15151,9913993,2020-03-04,2022-03-04,Active
POL0000026,CUST000606,Health Insurance,88264,2433392,2019-11-03,2022-11-02,Active
POL0000027,CUST000106,Health Insurance,14763,6047863,2019-06-26,2020-06-25,Lapsed
POL0000028,CUST000621,Life Insurance,74988,9056516,2022-03-28,2025-03-27,Active
POL0000029,CUST000995,Vehicle Insurance,51578,1249464,2024-05-27,2025-05-27,Active
POL0000030,CUST000891,Vehicle Insurance,14568,7297694,2018-02-09,2019-02-09,Active
POL0000031,CUST000609,Vehicle Insurance,48523,336871,2018-04-18,2021-04-17,Active
POL0000032,CUST000625,Vehicle Insurance,82164,8253217,2026-02-20,2027-02-20,Lapsed
POL0000033,CUST000711,Health Insurance,35497,1377595,2023-07-06,2024-07-05,Active
POL0000034,CUST000850,Health Insurance,98778,6647791,2025-02-08,2026-02-08,Active
POL0000035,CUST000421,Life Insurance,39467,3904822,2025-02-21,2026-02-21,Expired
POL0000036,CUST000287,Travel Insurance,66912,5656334,2018-11-02,2023-11-01,Active
POL0000037,CUST000843,Health Insurance,86667,3655943,2020-05-17,2025-05-16,Expired
POL0000038,CUST000885,Travel Insurance,16159,9331349,2019-08-21,2021-08-20,Active
POL0000039,CUST000439,Travel Insurance,7330,6178924,2019-10-23,2024-10-21,Active
POL0000040,CUST000141,Travel Insurance,54066,3511964,2020-04-09,2023-04-09,Active
POL0000041,CUST000548,Accident Insurance,112953,7042072,2021-11-20,2022-11-20,Expired
POL0000042,CUST000154,Accident Insurance,88550,6328752,2023-10-23,2024-10-22,Expired
POL0000043,CUST000120,Health Insurance,44248,3846823,2022-04-25,2027-04-24,Active
POL0000044,CUST000242,Travel Insurance,70321,935584,2024-03-29,2025-03-29,Active
POL0000045,CUST000243,Travel Insurance,98573,1013372,2021-09-28,2024-09-27,Active
POL0000046,CUST000046,Accident Insurance,49181,2353939,2023-05-10,2025-05-09,Active
POL0000047,CUST000515,Life Insurance,65359,3614169,2020-06-11,2023-06-11,Lapsed
POL0000048,CUST000918,Life Insurance,115939,2680922,2023-08-10,2025-08-09,Active
POL0000049,CUST000755,Accident Insurance,91003,4031264,2018-02-20,2023-02-19,Active
POL0000050,CUST000579,Vehicle Insurance,98160,7942221,2023-02-20,2028-02-19,Expired
POL0000051,CUST000887,Vehicle Insurance,16532,5730358,2019-08-12,2021-08-11,Active
POL0000052,CUST000467,Travel Insurance,36958,8907223,2021-04-04,2026-04-03,Active
POL0000053,CUST000022,Life Insurance,53520,3507076,2019-01-06,2024-01-05,Lapsed
POL0000054,CUST000757,Travel Insurance,6772,4989580,2024-10-25,2026-10-25,Expired
POL0000055,CUST000090,Life Insurance,92715,2457025,2025-12-26,2026-12-26,Active
POL0000056,CUST000668,Accident Insurance,41280,8397041,2022-12-31,2025-12-30,Expired
POL0000057,CUST000978,Accident Insurance,41866,507529,2024-09-01,2027-09-01,Active
POL0000058,CUST000187,Life Insurance,32327,4197394,2025-01-10,2027-01-10,Active
POL0000059,CUST000167,Life Insurance,104732,5081697,2021-07-08,2022-07-08,Expired
POL0000060,CUST000322,Health Insurance,28709,9995796,2021-09-05,2022-09-05,Active
POL0000061,CUST000673,Vehicle Insurance,39880,8863179,2023-10-23,2025-10-22,Active
POL0000062,CUST000311,Life Insurance,41396,2084254,2018-03-01,2019-03-01,Active
POL0000063,CUST000758,Accident Insurance,67541,1165214,2025-12-21,2028-12-20,Active
POL0000064,CUST000014,Life Insurance,31517,2179483,2025-02-15,2026-02-15,Active
POL0000065,CUST000540,Accident Insurance,97224,2287473,2020-10-19,2021-10-19,Active
POL0000066,CUST000462,Health Insurance,98566,4154892,2019-06-24,2021-06-23,Active
POL0000067,CUST000977,Vehicle Insurance,60862,3383988,2026-04-08,2028-04-07,Expired
POL0000068,CUST000189,Accident Insurance,97554,6713317,2021-03-05,2026-03-04,Expired
POL0000069,CUST000327,Health Insurance,6989,5217940,2023-06-30,2026-06-29,Active
POL0000070,CUST000959,Vehicle Insurance,19075,4825380,2025-06-10,2026-06-10,Active
POL0000071,CUST000873,Life Insurance,3682,9665055,2023-05-24,2024-05-23,Lapsed
POL0000072,CUST000762,Life Insurance,116531,4140827,2019-05-13,2024-05-11,Lapsed
POL0000073,CUST000367,Health Insurance,67142,9125328,2019-03-05,2022-03-04,Active
POL0000074,CUST000955,Health Insurance,81526,2013180,2018-09-13,2021-09-12,Active
POL0000075,CUST000527,Travel Insurance,68204,2761532,2025-02-17,2028-02-17,Active
POL0000076,CUST000650,Life Insurance,115733,2958875,2022-09-06,2023-09-06,Active
POL0000077,CUST000637,Vehicle Insurance,28729,9641902,2026-03-06,2031-03-05,Active
POL0000078,CUST000453,Health Insurance,50374,7052847,2019-12-17,2022-12-16,Active
POL0000079,CUST000305,Accident Insurance,63033,5289487,2019-10-04,2024-10-02,Expired
POL0000080,CUST000460,Travel Insurance,59896,9036697,2021-11-26,2024-11-25,Lapsed
POL0000081,CUST000308,Travel Insurance,3957,5314977,2022-08-02,2023-08-02,Active
POL0000082,CUST000331,Vehicle Insurance,112044,1707906,2021-05-15,2023-05-15,Active
POL0000083,CUST000857,Accident Insurance,65869,1979840,2026-01-01,2028-12-31,Expired
POL0000084,CUST000865,Travel Insurance,44346,2775710,2022-08-31,2024-08-30,Lapsed
POL0000085,CUST000007,Vehicle Insurance,74312,4746656,2021-01-23,2023-01-23,Cancelled
POL0000086,CUST000152,Accident Insurance,65740,6813723,2019-01-31,2022-01-30,Active
POL0000087,CUST000138,Health Insurance,109486,6790466,2022-09-15,2024-09-14,Cancelled
POL0000088,CUST000638,Life Insurance,14394,4008171,2024-05-30,2029-05-29,Active
POL0000089,CUST000276,Health Insurance,64348,3249491,2018-12-07,2023-12-06,Active
POL0000090,CUST000268,Health Insurance,37033,753583,2024-03-14,2025-03-14,Active
POL0000091,CUST000345,Accident Insurance,65979,9919578,2022-03-10,2024-03-09,Active
POL0000092,CUST000348,Travel Insurance,93915,5953176,2022-02-19,2023-02-19,Active
POL0000093,CUST000542,Travel Insurance,30754,251381,2020-10-01,2025-09-30,Active
POL0000094,CUST000325,Life Insurance,87220,7980222,2025-03-16,2026-03-16,Lapsed
POL0000095,CUST000529,Health Insurance,19087,4699714,2018-01-02,2021-01-01,Active
POL0000096,CUST000312,Vehicle Insurance,94663,6372799,2024-08-03,2027-08-03,Active
POL0000097,CUST000473,Vehicle Insurance,63444,4287183,2018-10-30,2020-10-29,Active
POL0000098,CUST000575,Accident Insurance,64307,1830376,2025-01-30,2028-01-30,Expired
POL0000099,CUST000046,Travel Insurance,27972,6846458,2020-06-11,2025-06-10,Active
POL0000100,CUST000692,Travel Insurance,82562,7240991,2018-05-19,2020-05-18,Active
POL0000101,CUST000450,Travel Insurance,39705,3115620,2020-02-16,2025-02-14,Active
POL0000102,CUST000013,Accident Insurance,92078,450018,2022-08-17,2027-08-16,Lapsed
POL0000103,CUST000975,Accident Insurance,71146,9371813,2022-07-19,2027-07-18,Active
POL0000104,CUST000598,Accident Insurance,74267,5238677,2024-02-23,2025-02-22,Active
POL0000105,CUST000368,Travel Insurance,92928,4558049,2021-12-05,2023-12-05,Active
POL0000106,CUST000883,Travel Insurance,89422,6151731,2025-02-03,2030-02-02,Active
POL0000107,CUST000218,Health Insurance,87803,6970299,2021-03-13,2022-03-13,Active
POL0000108,CUST000222,Health Insurance,9001,9559747,2020-11-23,2021-11-23,Active
POL0000109,CUST000484,Life Insurance,71155,3056004,2022-08-22,2025-08-21,Active
POL0000110,CUST000296,Life Insurance,49030,6760695,2019-04-01,2022-03-31,Active
POL0000111,CUST000627,Vehicle Insurance,26786,5160166,2025-12-14,2026-12-14,Active
POL0000112,CUST000550,Vehicle Insurance,70836,6387713,2025-08-15,2028-08-14,Active
POL0000113,CUST000782,Accident Insurance,55441,3511999,2023-12-04,2028-12-02,Active
POL0000114,CUST000232,Health Insurance,12726,9117193,2023-01-19,2025-01-18,Active
POL0000115,CUST000251,Health Insurance,91252,8336794,2019-10-04,2021-10-03,Active
POL0000116,CUST000907,Accident Insurance,60835,7572061,2021-05-20,2023-05-20,Lapsed
POL0000117,CUST000792,Travel Insurance,30469,1004480,2023-10-15,2024-10-14,Active
POL0000118,CUST000150,Health Insurance,78206,9775469,2025-06-24,2030-06-23,Cancelled
POL0000119,CUST000381,Vehicle Insurance,13755,2335147,2023-09-02,2026-09-01,Active
POL0000120,CUST000048,Life Insurance,57234,8730142,2019-01-27,2024-01-26,Active
POL0000121,CUST000747,Health Insurance,65191,4081983,2022-05-13,2025-05-12,Active
POL0000122,CUST000526,Vehicle Insurance,60066,9495075,2021-03-24,2024-03-23,Active
POL0000123,CUST000706,Travel Insurance,88116,5692194,2025-08-07,2028-08-06,Expired
POL0000124,CUST000977,Life Insurance,69012,7234489,2020-10-16,2022-10-16,Active
POL0000125,CUST000898,Vehicle Insurance,94088,5651581,2020-03-04,2022-03-04,Active
POL0000126,CUST000547,Accident Insurance,36693,9008911,2019-11-27,2024-11-25,Active
POL0000127,CUST000288,Vehicle Insurance,98679,1542969,2025-06-03,2027-06-03,Active
POL0000128,CUST000967,Health Insurance,24582,8014590,2019-05-08,2020-05-07,Active
POL0000129,CUST000152,Vehicle Insurance,13705,3067544,2024-01-04,2026-01-03,Active
POL0000130,CUST000501,Health Insurance,49327,8423463,2019-12-20,2021-12-19,Active
POL0000131,CUST000788,Vehicle Insurance,73028,7926465,2021-01-01,2023-01-01,Expired
POL0000132,CUST000360,Travel Insurance,97810,2096211,2025-05-09,2026-05-09,Active
POL0000133,CUST000308,Accident Insurance,64736,791743,2024-03-10,2026-03-10,Active
POL0000134,CUST000219,Vehicle Insurance,56037,3450099,2024-01-20,2025-01-19,Cancelled
POL0000135,CUST000157,Vehicle Insurance,111647,5401570,2022-09-20,2025-09-19,Expired
POL0000136,CUST000129,Health Insurance,60233,5728069,2020-08-09,2021-08-09,Active
POL0000137,CUST000831,Accident Insurance,41535,5348194,2018-07-13,2021-07-12,Cancelled
POL0000138,CUST000724,Vehicle Insurance,22748,2497555,2023-05-15,2026-05-14,Expired
POL0000139,CUST000392,Travel Insurance,79319,7564596,2019-01-02,2020-01-02,Active
POL0000140,CUST000446,Life Insurance,42982,8329372,2025-07-07,2028-07-06,Active
POL0000141,CUST000191,Accident Insurance,113533,2239965,2022-07-01,2023-07-01,Cancelled
POL0000142,CUST000907,Life Insurance,16846,3267380,2025-03-07,2027-03-07,Active
POL0000143,CUST000166,Travel Insurance,73897,5537583,2025-03-07,2030-03-06,Active
POL0000144,CUST000063,Vehicle Insurance,61451,2630105,2019-12-15,2024-12-13,Active
POL0000145,CUST000536,Accident Insurance,86196,8464418,2019-11-04,2021-11-03,Active
POL0000146,CUST000021,Life Insurance,119405,8166364,2026-01-03,2028-01-03,Active
POL0000147,CUST000595,Life Insurance,34854,9647146,2019-03-23,2022-03-22,Active
POL0000148,CUST000061,Travel Insurance,48695,3532841,2025-09-04,2030-09-03,Active
POL0000149,CUST000128,Life Insurance,49830,7055191,2018-04-06,2023-04-05,Active
POL0000150,CUST000050,Accident Insurance,17169,8312189,2025-05-03,2030-05-02,Active
POL0000151,CUST000316,Travel Insurance,109463,2287584,2025-06-04,2030-06-03,Active
POL0000152,CUST000988,Accident Insurance,89128,5109601,2024-08-22,2027-08-22,Lapsed
POL0000153,CUST000642,Life Insurance,46486,1923911,2020-02-12,2023-02-11,Active
POL0000154,CUST000393,Health Insurance,42353,8431654,2024-01-24,2027-01-23,Active
POL0000155,CUST000401,Accident Insurance,102073,9408336,2022-08-15,2024-08-14,Active
POL0000156,CUST000320,Health Insurance,89677,7174197,2019-04-30,2024-04-28,Active
POL0000157,CUST000391,Accident Insurance,93509,6945946,2018-12-23,2023-12-22,Active
POL0000158,CUST000876,Life Insurance,113248,5871478,2020-03-24,2021-03-24,Active
POL0000159,CUST000138,Health Insurance,52343,7484388,2020-07-09,2022-07-09,Lapsed
POL0000160,CUST000362,Accident Insurance,66487,1928146,2020-10-17,2025-10-16,Active
POL0000161,CUST000235,Accident Insurance,8713,8257846,2022-07-29,2024-07-28,Active
POL0000162,CUST000007,Health Insurance,12641,7296884,2021-12-10,2023-12-10,Expired
POL0000163,CUST000562,Health Insurance,107371,7649402,2025-06-15,2028-06-14,Active
POL0000164,CUST000813,Health Insurance,108400,5440369,2021-10-18,2026-10-17,Active
POL0000165,CUST000432,Life Insurance,36391,5313093,2022-06-23,2025-06-22,Active
POL0000166,CUST000218,Accident Insurance,104330,2917824,2025-11-15,2030-11-14,Active
POL0000167,CUST000825,Vehicle Insurance,79463,4517323,2022-02-12,2027-02-11,Active
POL0000168,CUST000008,Life Insurance,41717,4484853,2019-07-06,2024-07-04,Active
POL0000169,CUST000542,Life Insurance,94784,720017,2019-02-10,2022-02-09,Active
POL0000170,CUST000739,Vehicle Insurance,87636,2205636,2022-11-24,2025-11-23,Lapsed
POL0000171,CUST000500,Life Insurance,8729,4812213,2021-02-02,2026-02-01,Expired
POL0000172,CUST000913,Health Insurance,38831,4036644,2025-01-09,2030-01-08,Active
POL0000173,CUST000701,Accident Insurance,67286,8002726,2024-07-13,2029-07-12,Lapsed
POL0000174,CUST000586,Health Insurance,63843,2344481,2020-02-08,2021-02-07,Active
POL0000175,CUST000597,Health Insurance,54647,1852355,2023-11-02,2025-11-01,Active
POL0000176,CUST000472,Accident Insurance,68147,9450007,2020-06-26,2025-06-25,Active
POL0000177,CUST000105,Life Insurance,105390,1838265,2021-10-26,2022-10-26,Active
POL0000178,CUST000322,Health Insurance,72313,2219548,2022-06-12,2023-06-12,Active
POL0000179,CUST000335,Health Insurance,16874,6755015,2021-12-30,2022-12-30,Active
POL0000180,CUST000933,Travel Insurance,63709,4140594,2024-08-06,2025-08-06,Active
POL0000181,CUST000624,Vehicle Insurance,51720,6688472,2022-12-21,2025-12-20,Active
POL0000182,CUST000997,Life Insurance,81544,4136925,2022-12-20,2027-12-19,Active
POL0000183,CUST000167,Life Insurance,99982,7766658,2018-08-19,2020-08-18,Active
POL0000184,CUST000567,Health Insurance,118860,4814350,2019-08-07,2022-08-06,Active
POL0000185,CUST000609,Travel Insurance,90784,8145540,2024-05-24,2027-05-24,Active
POL0000186,CUST000205,Accident Insurance,26612,5840679,2022-10-17,2023-10-17,Active
POL0000187,CUST000022,Health Insurance,3107,1218587,2025-03-16,2030-03-15,Active
POL0000188,CUST000891,Health Insurance,63372,9857229,2022-05-30,2027-05-29,Active
POL0000189,CUST000689,Life Insurance,47055,5232490,2022-03-18,2025-03-17,Active
POL0000190,CUST000952,Accident Insurance,41977,1568606,2019-05-13,2024-05-11,Active
POL0000191,CUST000200,Life Insurance,38353,1120303,2023-05-06,2024-05-05,Cancelled
POL0000192,CUST000063,Travel Insurance,89513,4581556,2021-03-07,2026-03-06,Active
POL0000193,CUST000173,Travel Insurance,47585,2542336,2018-05-05,2020-05-04,Active
POL0000194,CUST000506,Life Insurance,18383,9610887,2023-11-26,2024-11-25,Active
POL0000195,CUST000514,Vehicle Insurance,68849,8836248,2024-07-24,2029-07-23,Active
POL0000196,CUST000949,Health Insurance,6896,6308118,2019-09-13,2020-09-12,Active
POL0000197,CUST000496,Accident Insurance,94627,776571,2020-03-05,2025-03-04,Lapsed
POL0000198,CUST000619,Accident Insurance,58137,2180698,2018-06-02,2021-06-01,Expired
POL0000199,CUST000550,Travel Insurance,4650,4344516,2018-06-09,2020-06-08,Active
POL0000200,CUST000672,Health Insurance,57088,4470564,2020-07-02,2025-07-01,Active
POL0000201,CUST000553,Travel Insurance,10365,6934434,2024-12-10,2025-12-10,Active
POL0000202,CUST000333,Accident Insurance,117699,3716426,2021-09-27,2023-09-27,Lapsed
POL0000203,CUST000705,Accident Insurance,11011,592057,2023-03-02,2025-03-01,Active
POL0000204,CUST000972,Life Insurance,10599,3180447,2022-08-13,2025-08-12,Active
POL0000205,CUST000766,Travel Insurance,96689,9814570,2019-06-03,2024-06-01,Expired
POL0000206,CUST000052,Accident Insurance,107749,7954793,2019-01-01,2020-12-31,Expired
POL0000207,CUST000092,Vehicle Insurance,114411,7282182,2022-05-14,2025-05-13,Active
POL0000208,CUST000368,Accident Insurance,36400,3229808,2018-08-14,2020-08-13,Expired
POL0000209,CUST000479,Vehicle Insurance,24049,6614647,2025-11-04,2030-11-03,Lapsed
POL0000210,CUST000477,Health Insurance,24816,9235433,2023-12-23,2024-12-22,Active
POL0000211,CUST000510,Travel Insurance,57309,3217754,2025-12-06,2028-12-05,Expired
POL0000212,CUST000840,Travel Insurance,8133,4759286,2020-11-17,2025-11-16,Active
POL0000213,CUST000041,Vehicle Insurance,98019,6662773,2024-11-26,2029-11-25,Active
POL0000214,CUST000753,Accident Insurance,54469,5892384,2026-04-06,2031-04-05,Cancelled
POL0000215,CUST000570,Accident Insurance,17394,8505766,2022-11-20,2024-11-19,Active
POL0000216,CUST000233,Life Insurance,30809,8747421,2025-03-31,2026-03-31,Active
POL0000217,CUST000244,Vehicle Insurance,29630,8074635,2023-06-21,2026-06-20,Active
POL0000218,CUST000158,Travel Insurance,96408,2987828,2022-05-05,2027-05-04,Active
POL0000219,CUST000415,Vehicle Insurance,71192,9050053,2021-07-16,2022-07-16,Active
POL0000220,CUST000421,Travel Insurance,22092,5106487,2024-03-06,2029-03-05,Expired
POL0000221,CUST000183,Vehicle Insurance,9403,4435784,2018-09-17,2020-09-16,Active
POL0000222,CUST000305,Vehicle Insurance,67547,1521544,2021-11-29,2024-11-28,Active
POL0000223,CUST000746,Travel Insurance,110237,9135053,2018-05-05,2020-05-04,Lapsed
POL0000224,CUST000668,Health Insurance,24242,9417820,2020-03-01,2025-02-28,Active
POL0000225,CUST000080,Accident Insurance,35717,5529386,2022-07-09,2025-07-08,Cancelled
POL0000226,CUST000843,Vehicle Insurance,103190,1603404,2018-04-29,2020-04-28,Lapsed
POL0000227,CUST000475,Vehicle Insurance,13545,9828158,2022-10-19,2024-10-18,Active
POL0000228,CUST000674,Travel Insurance,90568,8978514,2024-01-23,2026-01-22,Active
POL0000229,CUST000791,Vehicle Insurance,37518,2215192,2024-01-03,2025-01-02,Expired
POL0000230,CUST000007,Health Insurance,45307,2200380,2025-09-02,2030-09-01,Active
POL0000231,CUST000811,Life Insurance,9660,4450247,2024-01-08,2025-01-07,Active
POL0000232,CUST000980,Accident Insurance,92956,8370532,2020-05-29,2022-05-29,Lapsed
POL0000233,CUST000220,Accident Insurance,79438,5677930,2019-03-08,2024-03-06,Expired
POL0000234,CUST000474,Vehicle Insurance,75913,1361542,2018-11-15,2021-11-14,Active
POL0000235,CUST000733,Travel Insurance,109562,2780722,2020-05-26,2023-05-26,Active
POL0000236,CUST000712,Life Insurance,102732,4466543,2025-08-11,2026-08-11,Lapsed
POL0000237,CUST000341,Health Insurance,102209,2692743,2019-04-24,2022-04-23,Active
POL0000238,CUST000170,Travel Insurance,101394,2306791,2025-01-23,2028-01-23,Active
POL0000239,CUST000614,Accident Insurance,108176,9284398,2019-07-04,2024-07-02,Active
POL0000240,CUST000092,Life Insurance,40783,8633423,2018-01-24,2021-01-23,Active
POL0000241,CUST000043,Life Insurance,40137,3746090,2024-08-23,2026-08-23,Active
POL0000242,CUST000152,Health Insurance,50285,6711488,2025-11-06,2026-11-06,Lapsed
POL0000243,CUST000197,Vehicle Insurance,73142,2313387,2022-06-17,2027-06-16,Expired
POL0000244,CUST000823,Accident Insurance,71072,4266128,2020-05-22,2025-05-21,Expired
POL0000245,CUST000413,Life Insurance,99129,4832520,2026-04-19,2031-04-18,Active
POL0000246,CUST000756,Accident Insurance,25439,5833718,2018-11-21,2023-11-20,Cancelled
POL0000247,CUST000181,Life Insurance,33636,6044883,2022-09-28,2025-09-27,Expired
POL0000248,CUST000645,Travel Insurance,97178,4948127,2018-07-24,2021-07-23,Active
POL0000249,CUST000219,Life Insurance,92241,1439975,2018-07-01,2019-07-01,Active
POL0000250,CUST000163,Life Insurance,82876,4951845,2021-03-23,2022-03-23,Active
POL0000251,CUST000812,Life Insurance,60968,5675159,2024-10-20,2026-10-20,Active
POL0000252,CUST000694,Health Insurance,6122,5802568,2025-02-15,2028-02-15,Expired
POL0000253,CUST000648,Travel Insurance,103215,9201061,2025-10-26,2026-10-26,Active
POL0000254,CUST000419,Travel Insurance,31364,6005179,2019-11-06,2020-11-05,Active
POL0000255,CUST000919,Life Insurance,18737,8999678,2019-01-26,2024-01-25,Cancelled
POL0000256,CUST000584,Accident Insurance,40236,2679707,2018-12-14,2023-12-13,Expired
POL0000257,CUST000004,Vehicle Insurance,111583,7368251,2024-07-13,2025-07-13,Active
POL0000258,CUST000862,Health Insurance,14526,4735943,2021-02-13,2022-02-13,Active
POL0000259,CUST000717,Accident Insurance,71439,6688349,2025-06-12,2030-06-11,Active
POL0000260,CUST000723,Vehicle Insurance,106399,142888,2021-11-08,2022-11-08,Active
POL0000261,CUST000269,Travel Insurance,50106,4795637,2018-11-14,2020-11-13,Expired
POL0000262,CUST000267,Health Insurance,27478,1303394,2025-11-10,2027-11-10,Active
POL0000263,CUST000857,Health Insurance,25319,4878028,2019-01-28,2022-01-27,Active
POL0000264,CUST000017,Vehicle Insurance,20180,9402505,2023-05-13,2025-05-12,Active
POL0000265,CUST000258,Health Insurance,5955,8136910,2018-09-24,2021-09-23,Active
POL0000266,CUST000777,Life Insurance,111851,474672,2024-02-15,2026-02-14,Active
POL0000267,CUST000850,Accident Insurance,102140,1560861,2022-03-14,2027-03-13,Expired
POL0000268,CUST000007,Life Insurance,94914,9511593,2020-04-28,2025-04-27,Active
POL0000269,CUST000769,Travel Insurance,18502,5149418,2020-06-22,2025-06-21,Active
POL0000270,CUST000857,Vehicle Insurance,58435,1153026,2020-02-22,2021-02-21,Cancelled
POL0000271,CUST000464,Health Insurance,84215,1615266,2025-09-29,2027-09-29,Active
POL0000272,CUST000897,Life Insurance,106723,6363884,2024-03-20,2025-03-20,Cancelled
POL0000273,CUST000676,Accident Insurance,93029,4360323,2023-07-30,2026-07-29,Active
POL0000274,CUST000950,Life Insurance,57251,6237897,2022-09-29,2023-09-29,Expired
POL0000275,CUST000005,Travel Insurance,11943,5844194,2023-01-15,2028-01-14,Active
POL0000276,CUST000615,Life Insurance,28180,9805099,2020-05-12,2022-05-12,Active
POL0000277,CUST000138,Travel Insurance,51436,2037050,2025-08-18,2026-08-18,Expired
POL0000278,CUST000490,Vehicle Insurance,109908,698698,2021-11-26,2023-11-26,Active
POL0000279,CUST000070,Travel Insurance,59656,259382,2025-03-07,2027-03-07,Expired
POL0000280,CUST000593,Vehicle Insurance,81096,284734,2025-03-10,2028-03-09,Active
POL0000281,CUST000357,Accident Insurance,17422,2836316,2025-09-26,2030-09-25,Cancelled
POL0000282,CUST000155,Vehicle Insurance,103177,4678789,2022-02-05,2023-02-05,Lapsed
POL0000283,CUST000024,Vehicle Insurance,20961,9824802,2021-09-24,2024-09-23,Active
POL0000284,CUST000165,Accident Insurance,115398,5612456,2022-02-06,2023-02-06,Active
POL0000285,CUST000517,Accident Insurance,77613,8227786,2020-01-04,2025-01-02,Active
POL0000286,CUST000827,Accident Insurance,110657,376296,2019-11-02,2022-11-01,Active
POL0000287,CUST000226,Accident Insurance,116185,937756,2024-11-13,2027-11-13,Active
POL0000288,CUST000836,Travel Insurance,47619,2521209,2023-12-04,2028-12-02,Active
POL0000289,CUST000202,Vehicle Insurance,44317,1253756,2021-04-25,2026-04-24,Active
POL0000290,CUST000996,Health Insurance,8531,4059241,2023-06-11,2025-06-10,Active
POL0000291,CUST000719,Health Insurance,62885,7322950,2024-01-09,2025-01-08,Active
POL0000292,CUST000523,Accident Insurance,115634,4968093,2022-12-26,2023-12-26,Active
POL0000293,CUST000278,Travel Insurance,110349,2097075,2022-05-04,2027-05-03,Expired
POL0000294,CUST000550,Life Insurance,41812,8788227,2018-03-16,2019-03-16,Expired
POL0000295,CUST000117,Accident Insurance,25887,6407275,2020-10-24,2021-10-24,Active
POL0000296,CUST000991,Accident Insurance,20900,8317621,2020-07-19,2025-07-18,Lapsed
POL0000297,CUST000699,Accident Insurance,32060,9847043,2022-08-08,2023-08-08,Active
POL0000298,CUST000867,Health Insurance,66073,8295615,2024-11-30,2026-11-30,Cancelled
POL0000299,CUST000133,Vehicle Insurance,39807,7854109,2023-11-05,2025-11-04,Active
POL0000300,CUST000811,Life Insurance,94115,7105964,2022-12-15,2023-12-15,Active
POL0000301,CUST000081,Life Insurance,112219,5087358,2026-02-13,2028-02-13,Active
POL0000302,CUST000903,Travel Insurance,60181,7102023,2023-06-04,2024-06-03,Lapsed
POL0000303,CUST000346,Health Insurance,89437,3568612,2023-10-26,2025-10-25,Active
POL0000304,CUST000880,Health Insurance,50202,5887279,2022-12-11,2025-12-10,Lapsed
POL0000305,CUST000138,Travel Insurance,48075,368558,2021-09-05,2024-09-04,Active
POL0000306,CUST000409,Travel Insurance,94432,4664154,2024-12-05,2026-12-05,Active
POL0000307,CUST000835,Health Insurance,49736,1216032,2024-03-02,2025-03-02,Lapsed
POL0000308,CUST000895,Health Insurance,69052,4211879,2025-12-12,2027-12-12,Active
POL0000309,CUST000092,Vehicle Insurance,100813,8357342,2018-06-26,2019-06-26,Active
POL0000310,CUST000927,Life Insurance,3618,1059746,2020-04-27,2021-04-27,Active
POL0000311,CUST000056,Vehicle Insurance,86619,2483829,2023-05-20,2028-05-18,Active
POL0000312,CUST000766,Vehicle Insurance,114440,1778176,2023-12-11,2024-12-10,Active
POL0000313,CUST000877,Accident Insurance,6770,7995492,2023-12-17,2024-12-16,Active
POL0000314,CUST000053,Life Insurance,51615,6303480,2019-12-27,2022-12-26,Expired
POL0000315,CUST000365,Accident Insurance,15179,8502217,2025-05-27,2026-05-27,Active
POL0000316,CUST000178,Accident Insurance,96206,5043060,2020-06-20,2022-06-20,Active
POL0000317,CUST000506,Accident Insurance,63952,5161508,2022-07-18,2027-07-17,Active
POL0000318,CUST000995,Vehicle Insurance,118994,4341461,2025-08-28,2026-08-28,Active
POL0000319,CUST000879,Health Insurance,118192,3495295,2021-12-16,2026-12-15,Active
POL0000320,CUST000564,Life Insurance,26522,336163,2021-11-20,2023-11-20,Active
POL0000321,CUST000858,Health Insurance,35900,8733637,2018-03-31,2020-03-30,Active
POL0000322,CUST000252,Accident Insurance,92648,3250977,2026-04-12,2028-04-11,Active
POL0000323,CUST000809,Health Insurance,60955,4944724,2023-04-11,2024-04-10,Active
POL0000324,CUST000864,Life Insurance,94799,6823036,2023-11-08,2024-11-07,Active
POL0000325,CUST000993,Health Insurance,69249,4559592,2019-10-30,2021-10-29,Active
POL0000326,CUST000006,Health Insurance,60469,1301392,2024-04-15,2025-04-15,Lapsed
POL0000327,CUST000049,Life Insurance,35926,8685367,2018-05-22,2020-05-21,Expired
POL0000328,CUST000482,Accident Insurance,17912,8731067,2021-02-22,2023-02-22,Active
POL0000329,CUST000871,Travel Insurance,109787,2246912,2018-03-16,2023-03-15,Active
POL0000330,CUST000911,Vehicle Insurance,76348,1275685,2020-10-29,2021-10-29,Active
POL0000331,CUST000104,Vehicle Insurance,104210,8727296,2019-12-13,2020-12-12,Active
POL0000332,CUST000602,Vehicle Insurance,19451,5166447,2024-06-30,2025-06-30,Active
POL0000333,CUST000162,Accident Insurance,92927,3146581,2025-12-04,2026-12-04,Active
POL0000334,CUST000145,Vehicle Insurance,113844,450142,2021-03-18,2023-03-18,Active
POL0000335,CUST000571,Vehicle Insurance,119291,7062120,2020-09-02,2023-09-02,Expired
POL0000336,CUST000070,Accident Insurance,77641,5644808,2019-10-07,2024-10-05,Active
POL0000337,CUST000356,Accident Insurance,17962,1898916,2020-07-18,2023-07-18,Active
POL0000338,CUST000056,Travel Insurance,4537,511878,2024-04-06,2025-04-06,Active
POL0000339,CUST000314,Travel Insurance,40335,3225241,2022-12-07,2025-12-06,Active
POL0000340,CUST000661,Vehicle Insurance,10394,6086041,2018-01-28,2020-01-28,Lapsed
POL0000341,CUST000451,Accident Insurance,97016,610021,2020-09-12,2023-09-12,Active
POL0000342,CUST000686,Travel Insurance,20952,1997239,2019-12-26,2020-12-25,Active
POL0000343,CUST000753,Vehicle Insurance,78684,603776,2025-10-29,2030-10-28,Active
POL0000344,CUST000206,Vehicle Insurance,26554,3707164,2018-04-30,2020-04-29,Active
POL0000345,CUST000072,Travel Insurance,38837,8879407,2018-03-08,2020-03-07,Lapsed
POL0000346,CUST000735,Vehicle Insurance,68834,6146103,2019-03-01,2020-02-29,Active
POL0000347,CUST001000,Vehicle Insurance,53779,6831156,2018-08-21,2023-08-20,Active
POL0000348,CUST000095,Accident Insurance,13701,2640458,2023-12-06,2024-12-05,Active
POL0000349,CUST000911,Life Insurance,109071,4502994,2020-01-06,2022-01-05,Active
POL0000350,CUST000259,Health Insurance,119216,5135456,2021-11-29,2023-11-29,Active
POL0000351,CUST000117,Accident Insurance,108289,6771611,2024-12-09,2025-12-09,Active
POL0000352,CUST000358,Health Insurance,35219,2183407,2023-01-05,2026-01-04,Active
POL0000353,CUST000034,Life Insurance,54334,2126474,2022-10-12,2023-10-12,Active
POL0000354,CUST000860,Travel Insurance,15475,1151901,2023-10-27,2024-10-26,Expired
POL0000355,CUST000528,Life Insurance,6038,8085114,2021-01-22,2026-01-21,Active
POL0000356,CUST000371,Health Insurance,98077,272761,2021-06-05,2023-06-05,Active
POL0000357,CUST000746,Health Insurance,107934,3071920,2022-12-20,2025-12-19,Lapsed
POL0000358,CUST000350,Travel Insurance,16857,7893814,2020-06-29,2021-06-29,Expired
POL0000359,CUST000357,Life Insurance,43011,8788485,2020-05-14,2025-05-13,Cancelled
POL0000360,CUST000512,Travel Insurance,6432,6448878,2021-03-13,2023-03-13,Active
POL0000361,CUST000103,Accident Insurance,54698,5386099,2026-04-03,2027-04-03,Active
POL0000362,CUST000767,Health Insurance,88067,9921654,2018-12-18,2021-12-17,Active
POL0000363,CUST000154,Accident Insurance,115107,4028857,2022-08-15,2025-08-14,Expired
POL0000364,CUST000095,Life Insurance,66618,5145219,2022-06-08,2027-06-07,Active
POL0000365,CUST000282,Vehicle Insurance,56959,4987712,2024-11-19,2026-11-19,Expired
POL0000366,CUST000067,Health Insurance,30468,4248299,2019-07-29,2020-07-28,Active
POL0000367,CUST000942,Life Insurance,14611,7824934,2022-11-06,2024-11-05,Active
POL0000368,CUST000887,Accident Insurance,16428,3706268,2023-12-14,2024-12-13,Active
POL0000369,CUST000343,Accident Insurance,80340,8379249,2018-10-26,2023-10-25,Active
POL0000370,CUST000470,Life Insurance,71938,8743178,2020-10-28,2022-10-28,Active
POL0000371,CUST000303,Travel Insurance,71354,7343476,2020-06-17,2021-06-17,Active
POL0000372,CUST000437,Health Insurance,53585,9422569,2022-03-26,2023-03-26,Lapsed
POL0000373,CUST000859,Health Insurance,66658,7182091,2019-03-09,2020-03-08,Expired
POL0000374,CUST000242,Accident Insurance,28432,3397833,2019-04-26,2024-04-24,Active
POL0000375,CUST000958,Life Insurance,28496,8365904,2026-03-02,2029-03-01,Active
POL0000376,CUST000259,Accident Insurance,46124,9753550,2023-01-21,2028-01-20,Active
POL0000377,CUST000288,Vehicle Insurance,26436,2011860,2024-03-17,2027-03-17,Active
POL0000378,CUST000109,Health Insurance,19398,6980156,2019-06-09,2021-06-08,Active
POL0000379,CUST000866,Health Insurance,22926,1088707,2023-08-01,2028-07-30,Active
POL0000380,CUST000319,Life Insurance,58322,5177318,2018-09-17,2020-09-16,Lapsed
POL0000381,CUST000169,Accident Insurance,12948,8327333,2018-05-15,2023-05-14,Active
POL0000382,CUST000023,Life Insurance,36132,134319,2022-11-16,2024-11-15,Active
POL0000383,CUST000422,Accident Insurance,35185,9097856,2020-07-16,2023-07-16,Active
POL0000384,CUST000252,Vehicle Insurance,16388,9454046,2020-02-10,2022-02-09,Expired
POL0000385,CUST000380,Health Insurance,48677,8067227,2018-03-13,2021-03-12,Lapsed
POL0000386,CUST000314,Travel Insurance,33631,2009785,2018-01-14,2019-01-14,Cancelled
POL0000387,CUST000932,Health Insurance,7623,4673900,2018-05-06,2023-05-05,Expired
POL0000388,CUST000102,Travel Insurance,82214,2310950,2025-12-23,2028-12-22,Active
POL0000389,CUST000621,Vehicle Insurance,41481,343306,2024-10-23,2026-10-23,Active
POL0000390,CUST000649,Life Insurance,25807,2366522,2023-04-25,2026-04-24,Expired
POL0000391,CUST000277,Vehicle Insurance,6341,4236332,2026-01-22,2031-01-21,Active
POL0000392,CUST000137,Travel Insurance,40189,3813765,2021-10-03,2022-10-03,Active
POL0000393,CUST000299,Health Insurance,39001,5942063,2023-04-05,2028-04-03,Cancelled
POL0000394,CUST000478,Vehicle Insurance,20052,2051584,2020-04-07,2025-04-06,Active
POL0000395,CUST000369,Vehicle Insurance,89621,7159826,2018-08-31,2019-08-31,Cancelled
POL0000396,CUST000603,Travel Insurance,20346,5314386,2022-09-16,2027-09-15,Active
POL0000397,CUST000973,Health Insurance,83156,4229916,2018-01-06,2023-01-05,Active
POL0000398,CUST000389,Vehicle Insurance,55962,5251656,2025-11-24,2028-11-23,Expired
POL0000399,CUST000826,Health Insurance,117857,4202449,2019-06-06,2020-06-05,Lapsed
POL0000400,CUST000604,Life Insurance,106063,9217190,2024-08-22,2029-08-21,Expired
POL0000401,CUST000528,Health Insurance,41531,5018643,2023-02-20,2024-02-20,Active
POL0000402,CUST000925,Life Insurance,18630,6615601,2020-04-30,2025-04-29,Lapsed
POL0000403,CUST000629,Life Insurance,27763,2251766,2021-09-16,2024-09-15,Lapsed
POL0000404,CUST000885,Life Insurance,82170,3672847,2022-12-19,2024-12-18,Active
POL0000405,CUST000077,Travel Insurance,82895,9945640,2019-01-24,2022-01-23,Active
POL0000406,CUST000704,Vehicle Insurance,91331,4423037,2021-10-12,2024-10-11,Active
POL0000407,CUST000287,Life Insurance,113230,8463563,2019-04-18,2020-04-17,Active
POL0000408,CUST000696,Health Insurance,17699,3166526,2018-03-20,2019-03-20,Lapsed
POL0000409,CUST000057,Vehicle Insurance,37017,4150200,2023-05-05,2025-05-04,Active
POL0000410,CUST000655,Life Insurance,14741,5622426,2025-03-03,2027-03-03,Expired
POL0000411,CUST000874,Accident Insurance,32715,9459104,2022-04-13,2027-04-12,Lapsed
POL0000412,CUST000894,Accident Insurance,102519,1419953,2021-07-08,2022-07-08,Active
POL0000413,CUST000751,Life Insurance,59271,3405558,2018-12-19,2023-12-18,Active
POL0000414,CUST000916,Travel Insurance,32511,4836854,2022-12-24,2027-12-23,Active
POL0000415,CUST000674,Vehicle Insurance,55792,8266676,2019-12-01,2020-11-30,Active
POL0000416,CUST000356,Vehicle Insurance,9013,9030937,2020-11-10,2023-11-10,Active
POL0000417,CUST000363,Accident Insurance,24954,6897178,2023-02-02,2028-02-01,Active
POL0000418,CUST000331,Travel Insurance,20115,4783665,2020-08-04,2021-08-04,Active
POL0000419,CUST000942,Vehicle Insurance,55855,745384,2022-12-08,2024-12-07,Active
POL0000420,CUST000828,Health Insurance,74894,8696957,2021-12-20,2026-12-19,Active
POL0000421,CUST000887,Health Insurance,75363,7060119,2021-10-30,2026-10-29,Active
POL0000422,CUST000266,Accident Insurance,25219,7564030,2022-01-05,2025-01-04,Lapsed
POL0000423,CUST000067,Health Insurance,66538,7941297,2019-10-20,2022-10-19,Active
POL0000424,CUST000227,Life Insurance,13616,6882371,2024-12-24,2025-12-24,Active
POL0000425,CUST000817,Health Insurance,105790,5676781,2019-06-28,2022-06-27,Active
POL0000426,CUST000224,Vehicle Insurance,86371,7886339,2022-01-26,2025-01-25,Active
POL0000427,CUST000652,Health Insurance,112825,4952638,2021-05-10,2024-05-09,Active
POL0000428,CUST000329,Health Insurance,103763,2344012,2024-01-30,2029-01-28,Active
POL0000429,CUST000325,Accident Insurance,60249,939847,2020-12-06,2021-12-06,Active
POL0000430,CUST000586,Life Insurance,44023,9105495,2019-10-30,2022-10-29,Cancelled
POL0000431,CUST000567,Health Insurance,27859,9195326,2018-03-13,2023-03-12,Expired
POL0000432,CUST000302,Life Insurance,29519,3154173,2024-02-05,2026-02-04,Lapsed
POL0000433,CUST000425,Travel Insurance,50313,7088452,2018-06-11,2020-06-10,Lapsed
POL0000434,CUST000730,Health Insurance,50811,1773839,2024-04-20,2025-04-20,Active
POL0000435,CUST000025,Life Insurance,64059,8251744,2022-07-04,2024-07-03,Active
POL0000436,CUST000915,Travel Insurance,7030,2110660,2018-02-13,2021-02-12,Active
POL0000437,CUST000498,Travel Insurance,108712,9706258,2018-01-08,2019-01-08,Active
POL0000438,CUST000073,Life Insurance,74490,5439008,2024-09-08,2026-09-08,Active
POL0000439,CUST000759,Life Insurance,15063,6317763,2018-06-22,2023-06-21,Expired
POL0000440,CUST000034,Vehicle Insurance,96546,7730870,2020-01-06,2022-01-05,Active
POL0000441,CUST000011,Accident Insurance,65713,2608443,2018-12-12,2023-12-11,Active
POL0000442,CUST000915,Health Insurance,75493,9185745,2025-04-21,2030-04-20,Expired
POL0000443,CUST000482,Life Insurance,115312,9869792,2020-08-18,2023-08-18,Active
POL0000444,CUST000482,Health Insurance,67065,9683858,2021-01-13,2026-01-12,Active
POL0000445,CUST000577,Health Insurance,106677,8046674,2019-07-03,2020-07-02,Active
POL0000446,CUST000191,Health Insurance,80401,5167092,2020-02-12,2022-02-11,Active
POL0000447,CUST000249,Accident Insurance,28673,8668506,2026-02-26,2027-02-26,Active
POL0000448,CUST000074,Accident Insurance,4584,1087223,2020-10-31,2022-10-31,Active
POL0000449,CUST000967,Travel Insurance,43709,7478148,2025-09-26,2026-09-26,Active
POL0000450,CUST000387,Vehicle Insurance,49803,3735469,2018-03-09,2021-03-08,Lapsed
POL0000451,CUST000247,Vehicle Insurance,29917,2910400,2018-02-24,2020-02-24,Active
POL0000452,CUST000808,Accident Insurance,14214,7886352,2024-07-20,2027-07-20,Active
POL0000453,CUST000612,Vehicle Insurance,50233,4181249,2023-05-22,2026-05-21,Active
POL0000454,CUST000232,Accident Insurance,72228,8443993,2020-09-22,2021-09-22,Expired
POL0000455,CUST000645,Life Insurance,40945,2109827,2023-04-16,2025-04-15,Active
POL0000456,CUST000825,Vehicle Insurance,20214,5115895,2021-02-02,2022-02-02,Active
POL0000457,CUST000503,Life Insurance,61872,8072148,2021-03-17,2023-03-17,Active
POL0000458,CUST000548,Life Insurance,51874,6244242,2025-10-31,2030-10-30,Active
POL0000459,CUST000631,Accident Insurance,31622,8948234,2021-05-04,2023-05-04,Active
POL0000460,CUST000662,Life Insurance,75627,6986381,2024-08-12,2025-08-12,Active
POL0000461,CUST000902,Life Insurance,56916,4976246,2025-12-29,2028-12-28,Active
POL0000462,CUST000029,Vehicle Insurance,77308,311914,2023-09-19,2025-09-18,Lapsed
POL0000463,CUST000870,Life Insurance,23562,1304048,2023-06-14,2026-06-13,Active
POL0000464,CUST000618,Accident Insurance,20608,2326689,2018-06-20,2020-06-19,Lapsed
POL0000465,CUST000316,Vehicle Insurance,4458,867071,2022-06-17,2024-06-16,Expired
POL0000466,CUST000057,Life Insurance,80276,5198062,2025-07-12,2030-07-11,Expired
POL0000467,CUST000928,Health Insurance,44696,2226447,2022-09-23,2024-09-22,Cancelled
POL0000468,CUST000567,Accident Insurance,116744,9209332,2018-01-11,2021-01-10,Active
POL0000469,CUST000506,Health Insurance,66149,7918704,2020-03-30,2023-03-30,Active
POL0000470,CUST000174,Travel Insurance,53445,7984356,2023-05-24,2024-05-23,Active
POL0000471,CUST000305,Accident Insurance,37420,8845285,2019-11-18,2024-11-16,Active
POL0000472,CUST000263,Life Insurance,31956,4911357,2024-03-15,2029-03-14,Expired
POL0000473,CUST000558,Health Insurance,39146,1799999,2020-12-13,2022-12-13,Active
POL0000474,CUST000675,Health Insurance,42485,6154598,2020-04-30,2021-04-30,Active
POL0000475,CUST000532,Vehicle Insurance,86300,7521118,2024-03-20,2025-03-20,Expired
POL0000476,CUST000745,Health Insurance,62418,7765503,2025-01-12,2027-01-12,Active
POL0000477,CUST000494,Travel Insurance,63053,3020295,2020-12-24,2025-12-23,Active
POL0000478,CUST000909,Life Insurance,119601,7615605,2021-11-17,2022-11-17,Expired
POL0000479,CUST000095,Life Insurance,87209,5383719,2025-07-17,2028-07-16,Active
POL0000480,CUST000443,Health Insurance,108680,4433516,2024-12-18,2025-12-18,Active
POL0000481,CUST000408,Vehicle Insurance,99370,7310951,2026-01-21,2027-01-21,Active
POL0000482,CUST000845,Health Insurance,13029,8540577,2019-12-23,2020-12-22,Active
POL0000483,CUST000680,Travel Insurance,31203,2567289,2022-11-17,2025-11-16,Active
POL0000484,CUST000151,Accident Insurance,100642,2078264,2023-06-17,2028-06-15,Active
POL0000485,CUST000393,Travel Insurance,114627,5439129,2020-08-15,2022-08-15,Active
POL0000486,CUST000643,Accident Insurance,109163,3885253,2019-11-08,2024-11-06,Active
POL0000487,CUST000258,Life Insurance,84205,4161177,2023-02-17,2025-02-16,Lapsed
POL0000488,CUST000423,Travel Insurance,11101,9548973,2021-12-13,2023-12-13,Active
POL0000489,CUST000064,Travel Insurance,51464,2707314,2024-01-04,2029-01-02,Active
POL0000490,CUST000316,Life Insurance,9722,1178540,2022-02-23,2027-02-22,Active
POL0000491,CUST000161,Travel Insurance,47376,2015401,2022-04-26,2025-04-25,Active
POL0000492,CUST000513,Life Insurance,112473,2808519,2024-06-15,2027-06-15,Expired
POL0000493,CUST000293,Life Insurance,108676,5467868,2024-03-24,2027-03-24,Active
POL0000494,CUST000288,Life Insurance,22501,283743,2019-12-07,2024-12-05,Active
POL0000495,CUST000840,Health Insurance,11354,9733917,2022-10-29,2023-10-29,Active
POL0000496,CUST000112,Vehicle Insurance,65931,3783098,2020-06-18,2023-06-18,Cancelled
POL0000497,CUST000387,Vehicle Insurance,3280,9211927,2018-06-04,2023-06-03,Active
POL0000498,CUST000238,Accident Insurance,68303,127841,2022-09-25,2025-09-24,Active
POL0000499,CUST000262,Travel Insurance,20004,8714519,2021-07-13,2026-07-12,Active
POL0000500,CUST000028,Life Insurance,74648,6953278,2018-02-22,2021-02-21,Lapsed
POL0000501,CUST000358,Life Insurance,107961,2686066,2020-10-13,2021-10-13,Active
POL0000502,CUST000570,Vehicle Insurance,34447,6682563,2024-02-06,2029-02-04,Lapsed
POL0000503,CUST000177,Travel Insurance,109597,6688743,2024-07-31,2029-07-30,Lapsed
POL0000504,CUST000720,Accident Insurance,18717,2643348,2023-10-04,2026-10-03,Lapsed
POL0000505,CUST000752,Health Insurance,27495,9788636,2022-09-16,2023-09-16,Active
POL0000506,CUST000213,Life Insurance,22991,1887784,2024-10-06,2029-10-05,Active
POL0000507,CUST000393,Health Insurance,74546,2024443,2025-09-08,2028-09-07,Active
POL0000508,CUST000113,Travel Insurance,34480,8591694,2020-12-13,2023-12-13,Active
POL0000509,CUST000224,Travel Insurance,83053,3730246,2020-07-13,2022-07-13,Active
POL0000510,CUST000225,Life Insurance,41320,730729,2018-10-26,2021-10-25,Active
POL0000511,CUST000585,Accident Insurance,95769,1281948,2023-10-18,2026-10-17,Active
POL0000512,CUST000294,Vehicle Insurance,114492,429533,2021-03-28,2024-03-27,Lapsed
POL0000513,CUST000855,Vehicle Insurance,60925,7445945,2025-08-18,2030-08-17,Active
POL0000514,CUST000137,Life Insurance,12370,2199366,2019-08-07,2020-08-06,Active
POL0000515,CUST000001,Accident Insurance,41057,5181088,2025-07-22,2027-07-22,Active
POL0000516,CUST000441,Travel Insurance,58816,7539147,2018-12-02,2019-12-02,Active
POL0000517,CUST000711,Vehicle Insurance,53702,6227837,2024-02-15,2025-02-14,Active
POL0000518,CUST000729,Health Insurance,60431,4551579,2026-01-20,2027-01-20,Active
POL0000519,CUST000514,Accident Insurance,83297,5524435,2019-10-21,2022-10-20,Active
POL0000520,CUST000748,Health Insurance,113543,3211310,2025-04-22,2030-04-21,Active
POL0000521,CUST000278,Travel Insurance,112697,1720845,2020-06-09,2022-06-09,Active
POL0000522,CUST000735,Travel Insurance,29421,4940845,2024-06-19,2026-06-19,Expired
POL0000523,CUST000274,Travel Insurance,17246,8797725,2021-09-27,2026-09-26,Expired
POL0000524,CUST000025,Accident Insurance,92818,492201,2022-11-27,2023-11-27,Active
POL0000525,CUST000884,Accident Insurance,66152,1018185,2023-09-13,2028-09-11,Lapsed
POL0000526,CUST000670,Health Insurance,13136,5369723,2022-07-14,2027-07-13,Active
POL0000527,CUST000037,Travel Insurance,93449,1438674,2024-12-15,2025-12-15,Active
POL0000528,CUST000841,Travel Insurance,76539,224724,2021-05-25,2024-05-24,Active
POL0000529,CUST000462,Travel Insurance,67462,6163188,2021-04-25,2022-04-25,Expired
POL0000530,CUST000537,Travel Insurance,41319,724883,2023-05-02,2025-05-01,Expired
POL0000531,CUST000341,Vehicle Insurance,70919,3862069,2024-06-15,2025-06-15,Expired
POL0000532,CUST000225,Health Insurance,36014,7988446,2026-01-02,2028-01-02,Active
POL0000533,CUST000419,Health Insurance,91219,8401208,2024-04-12,2026-04-12,Active
POL0000534,CUST000347,Travel Insurance,114547,8007995,2025-08-29,2030-08-28,Active
POL0000535,CUST000471,Life Insurance,21684,9029200,2024-10-13,2026-10-13,Active
POL0000536,CUST000922,Accident Insurance,19124,3275457,2019-09-01,2022-08-31,Active
POL0000537,CUST000296,Life Insurance,9679,7555302,2021-05-22,2022-05-22,Active
POL0000538,CUST000011,Travel Insurance,64736,785613,2021-07-17,2022-07-17,Active
POL0000539,CUST000007,Travel Insurance,73654,5801309,2018-11-08,2020-11-07,Lapsed
POL0000540,CUST000548,Accident Insurance,25596,2459078,2023-07-22,2028-07-20,Expired
POL0000541,CUST000492,Life Insurance,33658,920880,2018-12-19,2020-12-18,Active
POL0000542,CUST000745,Health Insurance,38395,9256601,2025-01-08,2027-01-08,Active
POL0000543,CUST000450,Vehicle Insurance,69347,8216359,2022-12-20,2027-12-19,Active
POL0000544,CUST000651,Health Insurance,3277,4741145,2018-09-16,2020-09-15,Active
POL0000545,CUST000842,Accident Insurance,52847,7417595,2025-05-30,2030-05-29,Active
POL0000546,CUST000685,Health Insurance,78759,5946437,2024-11-13,2026-11-13,Expired
POL0000547,CUST000040,Accident Insurance,29816,905690,2022-07-31,2024-07-30,Expired
POL0000548,CUST000082,Travel Insurance,116694,2482507,2021-12-22,2022-12-22,Active
POL0000549,CUST000548,Health Insurance,66703,9396585,2020-10-17,2021-10-17,Active
POL0000550,CUST000153,Health Insurance,6867,6711126,2018-12-25,2021-12-24,Active
POL0000551,CUST000289,Accident Insurance,110178,5360372,2024-05-14,2026-05-14,Active
POL0000552,CUST000079,Life Insurance,70137,1017376,2021-07-25,2024-07-24,Lapsed
POL0000553,CUST000887,Accident Insurance,85211,6388453,2025-03-13,2027-03-13,Active
POL0000554,CUST000434,Travel Insurance,37510,681570,2019-08-03,2021-08-02,Active
POL0000555,CUST000430,Travel Insurance,94146,8520538,2021-05-25,2022-05-25,Active
POL0000556,CUST000896,Travel Insurance,70225,825643,2018-03-26,2023-03-25,Cancelled
POL0000557,CUST000290,Health Insurance,74573,863754,2019-12-15,2022-12-14,Active
POL0000558,CUST000717,Travel Insurance,97932,7815264,2022-06-21,2023-06-21,Active
POL0000559,CUST000919,Life Insurance,58197,355415,2018-08-07,2019-08-07,Expired
POL0000560,CUST000546,Accident Insurance,101330,6940997,2021-08-05,2024-08-04,Active
POL0000561,CUST000191,Travel Insurance,77003,2906393,2025-05-27,2030-05-26,Active
POL0000562,CUST000012,Accident Insurance,67914,1793642,2021-03-08,2023-03-08,Active
POL0000563,CUST000172,Travel Insurance,115341,4074285,2020-09-08,2023-09-08,Active
POL0000564,CUST000097,Vehicle Insurance,22616,4968982,2020-09-04,2022-09-04,Active
POL0000565,CUST000622,Health Insurance,21466,6408560,2025-11-12,2030-11-11,Cancelled
POL0000566,CUST000066,Vehicle Insurance,80692,736722,2022-03-29,2027-03-28,Active
POL0000567,CUST000388,Accident Insurance,44095,6619788,2023-11-02,2028-10-31,Active
POL0000568,CUST000364,Health Insurance,117731,9170733,2019-01-08,2024-01-07,Active
POL0000569,CUST000365,Health Insurance,92669,6887663,2024-07-21,2027-07-21,Active
POL0000570,CUST000555,Accident Insurance,41521,4987939,2022-05-17,2024-05-16,Lapsed
POL0000571,CUST000024,Travel Insurance,79263,2809529,2019-05-10,2021-05-09,Active
POL0000572,CUST000359,Life Insurance,25772,3252888,2021-05-15,2024-05-14,Active
POL0000573,CUST000863,Travel Insurance,29539,5594077,2021-01-10,2026-01-09,Active
POL0000574,CUST000472,Health Insurance,81696,9972754,2019-01-06,2022-01-05,Active
POL0000575,CUST000323,Life Insurance,22452,9795561,2023-08-29,2025-08-28,Active
POL0000576,CUST000421,Travel Insurance,23437,2246537,2020-08-24,2021-08-24,Active
POL0000577,CUST000830,Travel Insurance,77268,2539121,2025-07-17,2028-07-16,Active
POL0000578,CUST000838,Life Insurance,100015,3340401,2020-09-04,2021-09-04,Active
POL0000579,CUST000296,Life Insurance,19778,3261249,2021-11-28,2024-11-27,Expired
POL0000580,CUST000018,Life Insurance,117159,1918153,2022-07-18,2025-07-17,Active
POL0000581,CUST000087,Health Insurance,107179,8845017,2018-03-27,2020-03-26,Active
POL0000582,CUST000177,Health Insurance,110379,3455470,2024-01-16,2026-01-15,Expired
POL0000583,CUST000334,Health Insurance,41926,4159132,2025-01-24,2027-01-24,Active
POL0000584,CUST000692,Travel Insurance,20254,4137220,2019-11-23,2020-11-22,Active
POL0000585,CUST000192,Accident Insurance,114798,8617668,2021-01-02,2024-01-02,Active
POL0000586,CUST000112,Travel Insurance,99145,1293483,2018-03-15,2020-03-14,Expired
POL0000587,CUST000688,Vehicle Insurance,62635,6082020,2018-11-05,2023-11-04,Lapsed
POL0000588,CUST000395,Travel Insurance,92466,9382393,2019-03-09,2021-03-08,Cancelled
POL0000589,CUST000328,Health Insurance,84643,5230238,2023-07-17,2025-07-16,Active
POL0000590,CUST000796,Vehicle Insurance,98979,3584938,2022-01-29,2025-01-28,Active
POL0000591,CUST000121,Vehicle Insurance,113999,8747825,2019-08-16,2020-08-15,Active
POL0000592,CUST000716,Travel Insurance,42040,1065713,2023-09-22,2024-09-21,Active
POL0000593,CUST000143,Accident Insurance,53641,308490,2025-09-21,2026-09-21,Active
POL0000594,CUST000037,Life Insurance,4273,7297953,2024-04-13,2025-04-13,Active
POL0000595,CUST000690,Accident Insurance,95166,935809,2021-03-13,2024-03-12,Active
POL0000596,CUST000312,Vehicle Insurance,73405,2932892,2025-12-06,2027-12-06,Active
POL0000597,CUST000150,Vehicle Insurance,52904,2774006,2021-09-09,2024-09-08,Lapsed
POL0000598,CUST000317,Vehicle Insurance,117932,8626977,2018-04-14,2023-04-13,Expired
POL0000599,CUST000311,Life Insurance,90327,3837335,2023-08-03,2025-08-02,Active
POL0000600,CUST000235,Life Insurance,25539,4726428,2024-10-04,2026-10-04,Active
POL0000601,CUST000191,Accident Insurance,16772,7055907,2018-12-16,2019-12-16,Active
POL0000602,CUST000859,Vehicle Insurance,64583,584156,2025-10-29,2026-10-29,Cancelled
POL0000603,CUST000579,Travel Insurance,76317,5300011,2022-04-12,2024-04-11,Active
POL0000604,CUST000068,Vehicle Insurance,4161,5177183,2024-08-23,2025-08-23,Lapsed
POL0000605,CUST000570,Travel Insurance,53909,5465614,2025-12-20,2027-12-20,Active
POL0000606,CUST000897,Vehicle Insurance,61092,3479055,2020-08-11,2023-08-11,Expired
POL0000607,CUST000982,Accident Insurance,104417,972493,2020-09-05,2021-09-05,Active
POL0000608,CUST000474,Health Insurance,72243,8393517,2021-01-24,2026-01-23,Active
POL0000609,CUST000784,Vehicle Insurance,60531,2633057,2018-11-06,2023-11-05,Active
POL0000610,CUST000236,Life Insurance,42879,3825661,2025-04-27,2026-04-27,Active
POL0000611,CUST000528,Accident Insurance,39161,7095261,2023-03-05,2028-03-03,Active
POL0000612,CUST000246,Travel Insurance,15683,2650958,2025-02-14,2028-02-14,Active
POL0000613,CUST000545,Health Insurance,68421,4273081,2019-02-17,2020-02-17,Active
POL0000614,CUST000899,Travel Insurance,23284,5887792,2019-02-11,2020-02-11,Active
POL0000615,CUST000690,Life Insurance,106048,9937588,2025-10-13,2027-10-13,Active
POL0000616,CUST000589,Vehicle Insurance,113615,8954962,2024-09-27,2029-09-26,Active
POL0000617,CUST000802,Travel Insurance,16793,3070240,2020-05-31,2025-05-30,Active
POL0000618,CUST000109,Vehicle Insurance,119844,3482741,2022-04-01,2025-03-31,Active
POL0000619,CUST000184,Accident Insurance,91198,4265537,2018-09-29,2023-09-28,Active
POL0000620,CUST000364,Accident Insurance,57502,8064720,2022-06-18,2025-06-17,Lapsed
POL0000621,CUST000134,Travel Insurance,21496,6257577,2020-10-09,2025-10-08,Active
POL0000622,CUST000664,Accident Insurance,83464,8327231,2019-09-22,2021-09-21,Active
POL0000623,CUST000825,Vehicle Insurance,96584,9142432,2019-11-02,2022-11-01,Active
POL0000624,CUST000198,Life Insurance,103137,2353446,2023-12-30,2028-12-28,Active
POL0000625,CUST000405,Health Insurance,91131,8175302,2020-02-03,2022-02-02,Active
POL0000626,CUST000357,Health Insurance,44913,2441460,2018-07-28,2020-07-27,Active
POL0000627,CUST000805,Vehicle Insurance,92188,841944,2024-03-09,2025-03-09,Active
POL0000628,CUST000609,Accident Insurance,41739,6614435,2020-04-27,2025-04-26,Active
POL0000629,CUST000967,Accident Insurance,74480,3835399,2024-03-27,2027-03-27,Active
POL0000630,CUST000047,Health Insurance,106308,7283883,2019-06-14,2021-06-13,Expired
POL0000631,CUST000482,Travel Insurance,35660,8157939,2022-12-25,2024-12-24,Active
POL0000632,CUST000843,Health Insurance,67831,5371647,2021-11-20,2023-11-20,Expired
POL0000633,CUST000502,Travel Insurance,36407,2681898,2020-08-02,2021-08-02,Expired
POL0000634,CUST000811,Health Insurance,76976,5485117,2021-04-08,2023-04-08,Active
POL0000635,CUST000548,Health Insurance,21500,4442876,2021-10-15,2022-10-15,Active
POL0000636,CUST000733,Health Insurance,51712,1948855,2024-09-08,2027-09-08,Cancelled
POL0000637,CUST000349,Vehicle Insurance,6163,4881402,2019-01-02,2020-01-02,Active
POL0000638,CUST000003,Life Insurance,103532,8257554,2018-07-01,2021-06-30,Expired
POL0000639,CUST000236,Health Insurance,4274,1964604,2025-01-14,2028-01-14,Expired
POL0000640,CUST000139,Travel Insurance,114391,7924619,2025-10-12,2027-10-12,Active
POL0000641,CUST000347,Health Insurance,74114,7113071,2021-04-25,2024-04-24,Expired
POL0000642,CUST000836,Life Insurance,99162,4223061,2020-01-31,2022-01-30,Expired
POL0000643,CUST000759,Life Insurance,7565,5146495,2018-03-14,2021-03-13,Active
POL0000644,CUST000173,Travel Insurance,107434,1637478,2020-01-24,2025-01-22,Active
POL0000645,CUST000882,Life Insurance,81126,1586310,2026-01-05,2028-01-05,Expired
POL0000646,CUST000377,Vehicle Insurance,103693,2088566,2024-12-02,2029-12-01,Active
POL0000647,CUST000176,Travel Insurance,80312,3382397,2026-03-21,2028-03-20,Lapsed
POL0000648,CUST000869,Accident Insurance,66125,6338460,2024-12-28,2026-12-28,Active
POL0000649,CUST000052,Accident Insurance,6732,7078408,2022-12-09,2024-12-08,Active
POL0000650,CUST000212,Travel Insurance,58424,2123151,2024-09-25,2027-09-25,Active
POL0000651,CUST000358,Life Insurance,32345,2784481,2019-06-05,2024-06-03,Active
POL0000652,CUST000126,Travel Insurance,109413,8856462,2023-12-06,2025-12-05,Active
POL0000653,CUST000264,Health Insurance,67834,878085,2025-04-12,2030-04-11,Active
POL0000654,CUST000905,Health Insurance,114752,2791662,2019-04-22,2021-04-21,Active
POL0000655,CUST000759,Life Insurance,61419,1300666,2020-10-29,2021-10-29,Active
POL0000656,CUST000990,Life Insurance,47695,9579662,2021-06-15,2026-06-14,Active
POL0000657,CUST000199,Travel Insurance,58619,3322667,2023-02-17,2024-02-17,Active
POL0000658,CUST000175,Life Insurance,110589,170147,2023-12-14,2028-12-12,Cancelled
POL0000659,CUST000191,Travel Insurance,11593,779272,2022-03-22,2023-03-22,Active
POL0000660,CUST000748,Accident Insurance,46478,3858907,2019-06-30,2024-06-28,Active
POL0000661,CUST000217,Travel Insurance,65171,999209,2020-04-02,2022-04-02,Active
POL0000662,CUST000705,Travel Insurance,89462,2572796,2025-11-19,2030-11-18,Lapsed
POL0000663,CUST000491,Vehicle Insurance,71841,8159827,2026-04-12,2027-04-12,Active
POL0000664,CUST000295,Vehicle Insurance,88032,6768555,2020-04-20,2021-04-20,Active
POL0000665,CUST000715,Travel Insurance,88924,7246839,2020-08-13,2022-08-13,Lapsed
POL0000666,CUST000048,Health Insurance,7431,7659567,2024-05-10,2027-05-10,Active
POL0000667,CUST000613,Life Insurance,45400,4882705,2020-08-17,2022-08-17,Active
POL0000668,CUST000930,Accident Insurance,13299,8838358,2022-03-28,2025-03-27,Lapsed
POL0000669,CUST000766,Travel Insurance,77711,9991930,2021-08-29,2022-08-29,Lapsed
POL0000670,CUST000577,Life Insurance,105728,6837613,2020-12-08,2025-12-07,Active
POL0000671,CUST000610,Life Insurance,51714,3358948,2018-02-25,2020-02-25,Expired
POL0000672,CUST000225,Accident Insurance,33180,8437904,2018-07-24,2023-07-23,Active
POL0000673,CUST000591,Accident Insurance,102800,6328805,2023-04-19,2028-04-17,Active
POL0000674,CUST000744,Travel Insurance,109372,1515472,2018-06-06,2019-06-06,Active
POL0000675,CUST000675,Life Insurance,58742,2798966,2022-05-16,2027-05-15,Active
POL0000676,CUST000904,Health Insurance,73005,7713647,2018-02-15,2023-02-14,Lapsed
POL0000677,CUST000731,Health Insurance,58463,4957020,2021-05-01,2026-04-30,Active
POL0000678,CUST000486,Travel Insurance,41931,4214446,2022-02-27,2023-02-27,Expired
POL0000679,CUST000523,Accident Insurance,7446,4042588,2026-03-08,2027-03-08,Expired
POL0000680,CUST000249,Health Insurance,32211,7699417,2023-04-10,2026-04-09,Active
POL0000681,CUST000077,Health Insurance,27282,7011025,2021-08-24,2026-08-23,Expired
POL0000682,CUST000910,Vehicle Insurance,95498,133182,2019-09-30,2024-09-28,Active
POL0000683,CUST000667,Accident Insurance,40769,5424425,2019-10-04,2022-10-03,Active
POL0000684,CUST000823,Vehicle Insurance,50910,851524,2018-11-08,2023-11-07,Active
POL0000685,CUST000842,Health Insurance,67296,790186,2024-05-11,2026-05-11,Active
POL0000686,CUST000276,Travel Insurance,85474,225225,2020-05-31,2025-05-30,Active
POL0000687,CUST000927,Vehicle Insurance,35289,8021876,2025-05-17,2030-05-16,Active
POL0000688,CUST000432,Travel Insurance,72928,9594115,2025-09-10,2027-09-10,Expired
POL0000689,CUST000931,Vehicle Insurance,80304,2846016,2023-06-14,2024-06-13,Active
POL0000690,CUST000687,Travel Insurance,77090,454470,2021-10-05,2023-10-05,Expired
POL0000691,CUST000216,Life Insurance,110675,8572998,2018-08-04,2019-08-04,Lapsed
POL0000692,CUST000625,Vehicle Insurance,47761,2539479,2025-08-20,2028-08-19,Active
POL0000693,CUST000286,Health Insurance,80385,5567433,2019-05-11,2022-05-10,Active
POL0000694,CUST000649,Vehicle Insurance,58260,1253252,2018-05-20,2021-05-19,Active
POL0000695,CUST000835,Vehicle Insurance,82681,2982153,2025-01-12,2028-01-12,Active
POL0000696,CUST000136,Accident Insurance,36182,2169642,2020-04-27,2022-04-27,Active
POL0000697,CUST000527,Vehicle Insurance,32899,1978238,2021-06-09,2026-06-08,Active
POL0000698,CUST000102,Accident Insurance,34406,8762295,2024-05-24,2029-05-23,Active
POL0000699,CUST000731,Vehicle Insurance,119215,2630289,2024-11-09,2025-11-09,Expired
POL0000700,CUST000482,Health Insurance,20510,2763760,2025-10-06,2028-10-05,Active
