card_id,customer_id,card_type,credit_limit,available_limit,outstanding_balance,issue_date,expiry_date,card_status
CARD0000001,CUST000644,Business,50000,29207.52,20792.48,2023-06-03,2029-04-15,Active
CARD0000002,CUST000543,Gold,100000,29160.42,70839.58,2018-09-27,2028-04-08,Active
CARD0000003,CUST000932,Gold,150000,61989.51,88010.49,2019-12-15,2030-08-03,Closed
CARD0000004,CUST000058,Classic,300000,131577.22,168422.78,2019-12-08,2029-03-28,Active
CARD0000005,CUST000211,Platinum,200000,38992.58,161007.42,2025-03-17,2027-02-27,Active
CARD0000006,CUST000892,Gold,50000,22832.81,27167.19,2017-09-28,2027-03-05,Active
CARD0000007,CUST000743,Classic,500000,53948.77,446051.23,2020-02-02,2030-01-06,Active
CARD0000008,CUST000200,Gold,100000,56441.94,43558.06,2025-09-03,2028-09-22,Active
CARD0000009,CUST000674,Signature,500000,319717.9,180282.1,2023-07-11,2031-08-29,Active
CARD0000010,CUST000951,Platinum,50000,14353.17,35646.83,2022-08-09,2030-02-02,Active
CARD0000011,CUST000582,Gold,200000,179508.38,20491.62,2021-05-28,2030-04-05,Active
CARD0000012,CUST000141,Business,150000,59546.0,90454.0,2019-03-29,2030-08-15,Active
CARD0000013,CUST000110,Classic,150000,124368.6,25631.4,2026-01-24,2031-04-04,Active
CARD0000014,CUST000498,Platinum,150000,81411.02,68588.98,2025-12-07,2029-05-09,Active
CARD0000015,CUST000648,Signature,500000,261412.25,238587.75,2018-07-28,2031-03-26,Closed
CARD0000016,CUST000654,Signature,100000,10647.76,89352.24,2023-07-22,2028-11-24,Closed
CARD0000017,CUST000913,Gold,100000,83487.29,16512.71,2022-11-13,2031-01-16,Active
CARD0000018,CUST000439,Signature,500000,347346.19,152653.81,2024-07-09,2030-08-19,Active
CARD0000019,CUST000940,Classic,100000,78837.04,21162.96,2020-07-16,2030-10-29,Active
CARD0000020,CUST000541,Platinum,100000,30453.86,69546.14,2021-02-07,2031-12-09,Active
CARD0000021,CUST000899,Signature,300000,141933.17,158066.83,2022-01-18,2027-09-25,Active
CARD0000022,CUST000230,Signature,50000,40721.77,9278.23,2020-10-15,2031-09-20,Active
CARD0000023,CUST000322,Platinum,100000,80824.67,19175.33,2017-12-14,2027-10-27,Active
CARD0000024,CUST000179,Classic,300000,42325.08,257674.92,2019-12-02,2031-11-10,Closed
CARD0000025,CUST000218,Business,150000,126681.57,23318.43,2017-10-02,2030-12-03,Active
CARD0000026,CUST000478,Platinum,50000,35116.13,14883.87,2022-09-12,2029-03-07,Closed
CARD0000027,CUST000645,Platinum,500000,117224.21,382775.79,2021-05-29,2030-05-07,Expired
CARD0000028,CUST000662,Business,75000,39522.46,35477.54,2022-11-25,2031-06-06,Active
CARD0000029,CUST000126,Gold,75000,48765.76,26234.24,2019-07-21,2030-10-13,Active
CARD0000030,CUST000323,Classic,75000,15160.01,59839.99,2022-10-28,2028-05-31,Active
CARD0000031,CUST000885,Classic,100000,73716.51,26283.49,2017-12-30,2029-08-28,Active
CARD0000032,CUST000224,Gold,150000,147703.89,2296.11,2022-04-04,2031-02-03,Closed
CARD0000033,CUST000252,Classic,500000,162520.09,337479.91,2019-09-21,2029-06-19,Active
CARD0000034,CUST000341,Gold,200000,127731.03,72268.97,2025-10-15,2028-08-15,Active
CARD0000035,CUST000761,Platinum,300000,110323.05,189676.95,2020-06-02,2030-12-26,Active
CARD0000036,CUST000382,Signature,200000,128552.06,71447.94,2022-01-01,2031-02-11,Active
CARD0000037,CUST000114,Signature,300000,76783.41,223216.59,2026-04-20,2027-07-09,Closed
CARD0000038,CUST000055,Classic,75000,21352.85,53647.15,2024-05-24,2029-02-04,Active
CARD0000039,CUST000743,Signature,50000,10912.72,39087.28,2018-08-07,2028-06-02,Closed
CARD0000040,CUST000383,Classic,150000,87527.15,62472.85,2025-06-06,2027-01-30,Active
CARD0000041,CUST000574,Classic,50000,5194.83,44805.17,2025-09-03,2029-11-07,Closed
CARD0000042,CUST000143,Business,300000,271520.48,28479.52,2025-10-24,2030-06-23,Active
CARD0000043,CUST000044,Business,300000,70589.98,229410.02,2024-09-28,2031-08-15,Expired
CARD0000044,CUST000394,Platinum,50000,38630.08,11369.92,2020-07-03,2029-09-23,Active
CARD0000045,CUST000093,Business,500000,134846.87,365153.13,2018-09-14,2029-12-23,Closed
CARD0000046,CUST000849,Classic,50000,26483.59,23516.41,2017-04-28,2027-10-11,Active
CARD0000047,CUST000174,Signature,300000,198216.64,101783.36,2023-11-20,2030-02-28,Active
CARD0000048,CUST000354,Gold,50000,16396.55,33603.45,2023-05-25,2030-10-20,Active
CARD0000049,CUST000149,Classic,50000,15420.33,34579.67,2019-01-21,2029-12-11,Active
CARD0000050,CUST000244,Gold,50000,14475.68,35524.32,2025-05-07,2027-09-25,Active
CARD0000051,CUST000910,Gold,150000,62438.84,87561.16,2025-06-11,2031-02-10,Active
CARD0000052,CUST000956,Signature,75000,34449.3,40550.7,2019-09-07,2029-04-12,Active
CARD0000053,CUST000447,Gold,500000,61572.21,438427.79,2022-01-24,2027-02-10,Closed
CARD0000054,CUST000410,Gold,50000,13789.56,36210.44,2024-03-18,2028-12-15,Active
CARD0000055,CUST000068,Signature,75000,73455.19,1544.81,2018-01-11,2029-07-27,Active
CARD0000056,CUST000604,Classic,150000,41097.43,108902.57,2019-04-12,2028-03-28,Active
CARD0000057,CUST000626,Platinum,100000,16181.74,83818.26,2020-05-13,2027-04-05,Active
CARD0000058,CUST000215,Gold,150000,128870.23,21129.77,2025-11-15,2030-04-11,Active
CARD0000059,CUST000159,Business,500000,142811.17,357188.83,2018-06-05,2027-05-31,Active
CARD0000060,CUST000015,Platinum,50000,22778.74,27221.26,2018-09-28,2030-02-13,Active
CARD0000061,CUST000827,Gold,150000,38340.05,111659.95,2021-11-01,2028-04-07,Active
CARD0000062,CUST000745,Gold,100000,26103.93,73896.07,2026-01-02,2030-12-28,Active
CARD0000063,CUST000567,Platinum,75000,18882.09,56117.91,2024-04-04,2030-06-06,Active
CARD0000064,CUST000405,Classic,75000,41235.62,33764.38,2019-07-16,2029-04-08,Active
CARD0000065,CUST000533,Signature,100000,32937.83,67062.17,2021-03-16,2030-09-28,Active
CARD0000066,CUST000527,Platinum,500000,165202.31,334797.69,2018-04-14,2027-05-02,Active
CARD0000067,CUST000137,Platinum,75000,44107.07,30892.93,2017-12-28,2030-03-27,Closed
CARD0000068,CUST000757,Classic,200000,183907.14,16092.86,2023-05-23,2031-11-03,Closed
CARD0000069,CUST000061,Classic,200000,120260.55,79739.45,2024-07-26,2028-04-01,Active
CARD0000070,CUST000695,Business,50000,32156.45,17843.55,2022-05-14,2031-02-01,Active
CARD0000071,CUST000041,Platinum,100000,89353.42,10646.58,2023-08-18,2029-02-19,Expired
CARD0000072,CUST000871,Signature,150000,80857.36,69142.64,2024-05-28,2027-05-18,Blocked
CARD0000073,CUST000324,Signature,200000,141800.91,58199.09,2025-01-08,2031-05-20,Active
CARD0000074,CUST000184,Classic,50000,38480.29,11519.71,2018-08-28,2029-09-06,Active
CARD0000075,CUST000155,Signature,100000,36303.74,63696.26,2018-05-12,2028-07-13,Active
CARD0000076,CUST000897,Platinum,75000,15606.27,59393.73,2026-03-10,2031-03-10,Expired
CARD0000077,CUST000040,Platinum,500000,177093.01,322906.99,2020-11-15,2031-03-30,Closed
CARD0000078,CUST000422,Signature,150000,16034.85,133965.15,2025-12-10,2028-05-21,Active
CARD0000079,CUST000666,Business,50000,9880.09,40119.91,2022-05-27,2029-10-06,Active
CARD0000080,CUST000071,Signature,75000,42623.13,32376.87,2018-01-17,2027-04-15,Blocked
CARD0000081,CUST000986,Platinum,150000,69383.25,80616.75,2018-02-06,2031-04-04,Active
CARD0000082,CUST000506,Gold,50000,5723.12,44276.88,2020-12-21,2029-12-05,Expired
CARD0000083,CUST000091,Business,50000,47625.56,2374.44,2018-03-08,2031-11-04,Active
CARD0000084,CUST000381,Signature,150000,98588.83,51411.17,2022-09-15,2028-07-16,Active
CARD0000085,CUST000371,Business,500000,93640.83,406359.17,2018-02-17,2027-08-02,Active
CARD0000086,CUST000364,Signature,300000,178947.02,121052.98,2022-01-06,2027-11-17,Active
CARD0000087,CUST000108,Gold,50000,23499.34,26500.66,2017-03-12,2030-10-29,Closed
CARD0000088,CUST000382,Business,50000,6835.44,43164.56,2023-01-03,2031-10-31,Active
CARD0000089,CUST000814,Business,50000,13450.71,36549.29,2022-08-17,2031-01-12,Active
CARD0000090,CUST000629,Platinum,150000,115022.12,34977.88,2019-12-17,2028-02-04,Active
CARD0000091,CUST000836,Business,50000,32536.69,17463.31,2020-04-21,2031-02-19,Active
CARD0000092,CUST000725,Signature,500000,236014.07,263985.93,2022-07-12,2028-03-01,Active
CARD0000093,CUST000914,Signature,150000,117010.12,32989.88,2018-07-14,2029-07-01,Active
CARD0000094,CUST000958,Business,75000,64978.85,10021.15,2018-08-25,2031-03-04,Active
CARD0000095,CUST000072,Platinum,300000,111933.79,188066.21,2020-12-12,2030-07-09,Active
CARD0000096,CUST000855,Classic,100000,69648.23,30351.77,2018-06-14,2031-02-25,Active
CARD0000097,CUST000310,Platinum,75000,48278.06,26721.94,2019-10-27,2030-08-29,Closed
CARD0000098,CUST000565,Classic,300000,136245.92,163754.08,2018-07-06,2028-08-22,Active
CARD0000099,CUST000362,Gold,75000,72725.51,2274.49,2017-02-10,2030-03-27,Active
CARD0000100,CUST000401,Signature,100000,76891.5,23108.5,2021-05-06,2027-01-20,Active
CARD0000101,CUST000001,Signature,100000,31656.44,68343.56,2025-07-23,2031-11-06,Blocked
CARD0000102,CUST000836,Classic,150000,43106.74,106893.26,2018-11-20,2027-01-22,Active
CARD0000103,CUST000329,Business,300000,73056.44,226943.56,2018-02-13,2028-06-17,Active
CARD0000104,CUST000530,Gold,150000,120592.84,29407.16,2023-10-24,2031-04-22,Blocked
CARD0000105,CUST000720,Signature,500000,86214.41,413785.59,2020-08-08,2027-11-06,Active
CARD0000106,CUST000753,Business,200000,193245.44,6754.56,2025-12-02,2027-05-07,Active
CARD0000107,CUST000911,Signature,300000,75949.9,224050.1,2022-06-16,2027-02-17,Active
CARD0000108,CUST000397,Signature,100000,25668.36,74331.64,2017-07-28,2029-02-06,Active
CARD0000109,CUST000008,Classic,150000,96716.83,53283.17,2017-06-15,2027-11-18,Active
CARD0000110,CUST000665,Business,50000,8661.03,41338.97,2021-06-24,2031-04-20,Active
CARD0000111,CUST000217,Platinum,150000,111777.82,38222.18,2021-01-31,2029-03-04,Active
CARD0000112,CUST000365,Gold,500000,141593.44,358406.56,2018-10-21,2029-03-19,Active
CARD0000113,CUST000933,Classic,300000,45027.41,254972.59,2021-07-30,2028-03-31,Active
CARD0000114,CUST000260,Signature,50000,8346.08,41653.92,2024-04-18,2027-12-21,Active
CARD0000115,CUST000597,Platinum,100000,69323.76,30676.24,2024-03-16,2027-10-06,Active
CARD0000116,CUST000418,Classic,300000,103872.51,196127.49,2017-05-14,2031-07-13,Closed
CARD0000117,CUST000386,Signature,200000,182119.2,17880.8,2025-12-30,2030-10-10,Active
CARD0000118,CUST000800,Signature,200000,62864.33,137135.67,2020-11-10,2027-03-14,Active
CARD0000119,CUST000857,Platinum,500000,306566.03,193433.97,2024-08-08,2031-09-25,Active
CARD0000120,CUST000182,Business,200000,108460.51,91539.49,2018-07-27,2028-03-04,Active
CARD0000121,CUST000982,Business,500000,165590.02,334409.98,2022-06-26,2029-02-02,Active
CARD0000122,CUST000753,Business,50000,13985.72,36014.28,2024-01-13,2031-09-07,Active
CARD0000123,CUST000403,Gold,200000,112212.8,87787.2,2021-08-02,2031-12-15,Active
CARD0000124,CUST000398,Gold,150000,83584.77,66415.23,2017-12-03,2028-12-02,Closed
CARD0000125,CUST000432,Gold,200000,28294.85,171705.15,2020-06-23,2027-03-07,Blocked
CARD0000126,CUST000149,Gold,50000,25121.95,24878.05,2018-05-01,2028-10-24,Active
CARD0000127,CUST000120,Platinum,500000,89640.15,410359.85,2022-07-30,2028-09-19,Active
CARD0000128,CUST000945,Business,75000,20338.37,54661.63,2025-10-09,2027-09-03,Active
CARD0000129,CUST000719,Signature,50000,10226.92,39773.08,2019-10-15,2030-03-31,Active
CARD0000130,CUST000610,Gold,300000,134317.23,165682.77,2017-07-18,2027-06-26,Active
CARD0000131,CUST000666,Signature,150000,85280.81,64719.19,2025-07-22,2027-05-05,Active
CARD0000132,CUST000269,Classic,500000,389609.52,110390.48,2020-11-11,2029-07-22,Active
CARD0000133,CUST000635,Classic,100000,68789.4,31210.6,2017-12-13,2028-04-12,Active
CARD0000134,CUST000215,Signature,150000,31977.22,118022.78,2017-02-09,2029-09-23,Active
CARD0000135,CUST000655,Gold,50000,40704.12,9295.88,2017-11-23,2028-05-31,Expired
CARD0000136,CUST000485,Gold,150000,121063.0,28937.0,2020-09-23,2031-08-19,Active
CARD0000137,CUST000230,Signature,500000,399864.79,100135.21,2025-04-25,2027-10-16,Active
CARD0000138,CUST000840,Business,100000,34256.0,65744.0,2018-12-17,2031-08-06,Active
CARD0000139,CUST000438,Classic,150000,102237.55,47762.45,2019-04-16,2031-12-07,Closed
CARD0000140,CUST000977,Gold,100000,92814.88,7185.12,2017-05-09,2031-10-06,Active
CARD0000141,CUST000764,Gold,150000,94324.1,55675.9,2017-07-13,2031-06-14,Active
CARD0000142,CUST000865,Signature,150000,123773.77,26226.23,2018-12-12,2028-04-30,Active
CARD0000143,CUST000130,Gold,300000,100942.65,199057.35,2017-02-10,2030-06-21,Active
CARD0000144,CUST000084,Platinum,75000,55982.78,19017.22,2017-12-24,2030-09-20,Active
CARD0000145,CUST000346,Signature,300000,228630.15,71369.85,2021-03-13,2030-07-06,Active
CARD0000146,CUST000868,Business,150000,70406.14,79593.86,2023-07-15,2029-10-21,Active
CARD0000147,CUST000001,Gold,200000,34337.97,165662.03,2022-03-29,2028-05-24,Active
CARD0000148,CUST000677,Business,150000,92728.5,57271.5,2023-04-26,2031-06-26,Active
CARD0000149,CUST000954,Gold,150000,147362.19,2637.81,2020-04-30,2029-10-18,Active
CARD0000150,CUST000042,Platinum,50000,49007.43,992.57,2019-01-14,2027-12-08,Active
CARD0000151,CUST000123,Gold,100000,53787.21,46212.79,2021-08-15,2028-11-12,Blocked
CARD0000152,CUST000268,Business,100000,81072.78,18927.22,2018-10-18,2031-11-18,Active
CARD0000153,CUST000385,Signature,100000,78815.6,21184.4,2025-03-23,2029-05-09,Closed
CARD0000154,CUST000145,Platinum,75000,29835.96,45164.04,2018-02-27,2030-10-08,Active
CARD0000155,CUST000265,Signature,500000,413732.37,86267.63,2018-04-27,2027-08-29,Active
CARD0000156,CUST000697,Platinum,50000,45282.31,4717.69,2019-03-27,2028-02-22,Active
CARD0000157,CUST000249,Platinum,300000,282748.65,17251.35,2025-10-21,2030-10-01,Blocked
CARD0000158,CUST000292,Business,75000,35574.7,39425.3,2019-06-02,2030-07-07,Active
CARD0000159,CUST000332,Gold,75000,23800.29,51199.71,2021-09-13,2028-01-27,Active
CARD0000160,CUST000369,Business,150000,36999.17,113000.83,2020-01-15,2027-03-03,Closed
CARD0000161,CUST000587,Business,300000,296901.17,3098.83,2025-05-23,2031-09-18,Active
CARD0000162,CUST000018,Signature,75000,21507.41,53492.59,2017-09-30,2028-03-10,Active
CARD0000163,CUST000811,Signature,50000,28789.98,21210.02,2022-08-24,2028-05-26,Active
CARD0000164,CUST000102,Signature,75000,28268.1,46731.9,2018-03-25,2030-08-31,Active
CARD0000165,CUST000838,Signature,75000,46003.66,28996.34,2023-06-04,2028-03-03,Active
CARD0000166,CUST000897,Classic,50000,12861.42,37138.58,2023-11-02,2031-05-18,Active
CARD0000167,CUST000764,Gold,100000,29785.88,70214.12,2020-10-04,2029-05-05,Active
CARD0000168,CUST000559,Signature,300000,67189.24,232810.76,2022-05-12,2028-09-06,Active
CARD0000169,CUST000885,Platinum,200000,107441.09,92558.91,2019-11-02,2027-11-04,Active
CARD0000170,CUST000205,Classic,50000,5408.99,44591.01,2021-02-06,2030-10-23,Active
CARD0000171,CUST000361,Platinum,75000,48919.23,26080.77,2021-01-04,2029-09-24,Active
CARD0000172,CUST000765,Classic,75000,59213.83,15786.17,2021-03-01,2031-11-30,Active
CARD0000173,CUST000061,Classic,100000,26838.75,73161.25,2017-08-07,2027-04-29,Active
CARD0000174,CUST000079,Gold,50000,17332.57,32667.43,2020-07-28,2028-02-26,Active
CARD0000175,CUST000550,Signature,50000,39414.32,10585.68,2019-03-08,2030-10-28,Active
CARD0000176,CUST000481,Signature,500000,278270.4,221729.6,2019-06-23,2028-05-09,Active
CARD0000177,CUST000642,Classic,150000,48961.16,101038.84,2024-07-01,2028-08-17,Active
CARD0000178,CUST000201,Business,300000,164026.49,135973.51,2018-01-12,2030-03-24,Active
CARD0000179,CUST000868,Business,100000,74001.47,25998.53,2019-06-03,2027-04-14,Active
CARD0000180,CUST000729,Signature,500000,93459.36,406540.64,2019-10-03,2030-09-09,Closed
CARD0000181,CUST000746,Gold,75000,28518.15,46481.85,2017-06-05,2029-06-05,Expired
CARD0000182,CUST000068,Business,150000,40261.77,109738.23,2018-12-27,2028-08-25,Expired
CARD0000183,CUST000880,Classic,50000,46132.04,3867.96,2025-12-07,2031-03-09,Active
CARD0000184,CUST000535,Business,500000,183321.92,316678.08,2021-09-25,2030-07-29,Active
CARD0000185,CUST000067,Signature,150000,115157.57,34842.43,2025-07-11,2030-03-28,Active
CARD0000186,CUST000272,Gold,100000,83417.97,16582.03,2025-09-15,2027-05-07,Active
CARD0000187,CUST000916,Platinum,50000,24342.62,25657.38,2024-12-24,2027-05-31,Active
CARD0000188,CUST000254,Classic,100000,25181.28,74818.72,2022-12-31,2031-07-23,Active
CARD0000189,CUST000643,Classic,500000,136442.32,363557.68,2022-02-21,2029-02-17,Active
CARD0000190,CUST000115,Signature,300000,85744.72,214255.28,2023-10-01,2031-05-27,Blocked
CARD0000191,CUST000641,Platinum,100000,76637.12,23362.88,2023-06-12,2030-08-02,Active
CARD0000192,CUST000904,Business,50000,36828.97,13171.03,2022-10-04,2030-08-14,Active
CARD0000193,CUST000209,Platinum,100000,41511.17,58488.83,2018-10-20,2027-09-26,Active
CARD0000194,CUST000189,Platinum,150000,108446.96,41553.04,2019-03-26,2031-12-10,Active
CARD0000195,CUST000148,Gold,300000,252698.11,47301.89,2025-12-03,2027-09-21,Active
CARD0000196,CUST000604,Signature,50000,31971.62,18028.38,2026-01-16,2027-01-11,Closed
CARD0000197,CUST000990,Platinum,200000,60199.8,139800.2,2017-06-30,2031-09-22,Active
CARD0000198,CUST000827,Classic,75000,29708.15,45291.85,2023-03-03,2031-11-19,Active
CARD0000199,CUST000662,Business,75000,74233.34,766.66,2020-04-23,2027-06-05,Active
CARD0000200,CUST000366,Business,500000,387156.41,112843.59,2018-05-16,2027-07-03,Active
CARD0000201,CUST000460,Business,75000,47359.62,27640.38,2018-11-22,2029-08-28,Active
CARD0000202,CUST000992,Platinum,150000,128850.13,21149.87,2023-05-23,2028-08-24,Active
CARD0000203,CUST000845,Business,500000,78623.52,421376.48,2019-02-12,2029-04-04,Active
CARD0000204,CUST000394,Classic,75000,59848.09,15151.91,2020-02-08,2028-09-07,Active
CARD0000205,CUST000705,Business,200000,24431.45,175568.55,2020-08-30,2029-05-15,Active
CARD0000206,CUST000246,Platinum,50000,18676.97,31323.03,2018-12-24,2031-01-20,Expired
CARD0000207,CUST000733,Platinum,75000,58876.37,16123.63,2024-03-15,2028-06-13,Active
CARD0000208,CUST000910,Signature,200000,33541.51,166458.49,2019-07-16,2031-01-01,Active
CARD0000209,CUST000800,Platinum,500000,259529.91,240470.09,2017-12-26,2031-11-05,Active
CARD0000210,CUST000503,Classic,150000,111668.68,38331.32,2025-10-09,2031-08-22,Active
CARD0000211,CUST000433,Signature,100000,95685.36,4314.64,2022-07-07,2029-06-22,Active
CARD0000212,CUST000806,Platinum,100000,56053.73,43946.27,2026-02-09,2031-10-10,Active
CARD0000213,CUST000486,Platinum,300000,256036.24,43963.76,2023-08-15,2027-09-13,Active
CARD0000214,CUST000572,Gold,75000,49381.22,25618.78,2017-03-15,2029-10-30,Active
CARD0000215,CUST000806,Platinum,75000,48100.12,26899.88,2026-03-30,2030-07-02,Active
CARD0000216,CUST000824,Platinum,300000,175825.97,124174.03,2022-05-30,2028-03-04,Active
CARD0000217,CUST000692,Platinum,100000,39335.88,60664.12,2017-08-13,2031-08-19,Active
CARD0000218,CUST000858,Classic,75000,41870.02,33129.98,2025-08-26,2031-12-15,Active
CARD0000219,CUST000272,Signature,500000,455593.37,44406.63,2025-08-08,2031-12-04,Closed
CARD0000220,CUST000079,Classic,150000,32245.89,117754.11,2019-09-05,2027-10-09,Expired
CARD0000221,CUST000624,Signature,500000,192465.62,307534.38,2023-09-18,2027-04-07,Active
CARD0000222,CUST000063,Platinum,300000,294185.06,5814.94,2024-07-18,2027-12-09,Active
CARD0000223,CUST000333,Business,200000,109983.38,90016.62,2020-04-27,2029-06-27,Active
CARD0000224,CUST000671,Signature,100000,97974.55,2025.45,2025-06-29,2028-02-16,Active
CARD0000225,CUST000360,Gold,200000,131248.35,68751.65,2022-11-28,2028-12-17,Active
CARD0000226,CUST000172,Classic,300000,234144.62,65855.38,2023-07-05,2027-06-15,Active
CARD0000227,CUST000961,Signature,300000,228250.58,71749.42,2025-02-04,2031-08-04,Active
CARD0000228,CUST000578,Gold,200000,168376.0,31624.0,2019-10-24,2027-03-23,Active
CARD0000229,CUST000895,Platinum,500000,80463.53,419536.47,2018-11-19,2027-08-21,Expired
CARD0000230,CUST000154,Platinum,50000,42689.01,7310.99,2019-09-17,2028-03-16,Active
CARD0000231,CUST000972,Business,50000,41028.89,8971.11,2018-12-02,2028-06-25,Active
CARD0000232,CUST000744,Signature,75000,51894.89,23105.11,2021-05-20,2027-11-01,Active
CARD0000233,CUST000594,Business,200000,28793.48,171206.52,2023-03-09,2028-03-21,Active
CARD0000234,CUST000996,Gold,150000,20875.2,129124.8,2025-03-03,2027-12-22,Active
CARD0000235,CUST000834,Signature,500000,266758.6,233241.4,2024-11-09,2027-01-11,Active
CARD0000236,CUST000538,Signature,100000,33441.05,66558.95,2022-12-27,2031-06-08,Active
CARD0000237,CUST000022,Business,300000,75388.11,224611.89,2022-08-15,2028-08-25,Active
CARD0000238,CUST000352,Classic,50000,11111.22,38888.78,2023-10-01,2030-07-21,Active
CARD0000239,CUST000182,Business,500000,233034.36,266965.64,2022-10-15,2030-07-01,Active
CARD0000240,CUST000416,Business,500000,277539.61,222460.39,2026-03-17,2027-10-26,Active
CARD0000241,CUST000494,Classic,300000,290864.12,9135.88,2025-04-13,2031-07-19,Closed
CARD0000242,CUST000430,Classic,500000,308192.44,191807.56,2020-11-17,2031-01-06,Active
CARD0000243,CUST000001,Signature,150000,100682.63,49317.37,2021-10-12,2031-02-17,Active
CARD0000244,CUST000956,Classic,200000,124754.97,75245.03,2018-04-10,2027-12-11,Active
CARD0000245,CUST000602,Gold,75000,65588.84,9411.16,2017-05-06,2029-10-18,Active
CARD0000246,CUST000599,Signature,75000,24250.08,50749.92,2022-05-12,2030-02-09,Active
CARD0000247,CUST000187,Signature,300000,116022.41,183977.59,2021-09-02,2030-07-16,Active
CARD0000248,CUST000829,Platinum,50000,29852.5,20147.5,2017-06-19,2031-05-21,Active
CARD0000249,CUST000542,Classic,50000,27743.88,22256.12,2025-08-29,2031-05-14,Active
CARD0000250,CUST000549,Platinum,100000,12947.19,87052.81,2018-07-05,2031-08-09,Closed
CARD0000251,CUST000321,Platinum,500000,422586.16,77413.84,2018-03-12,2028-07-19,Active
CARD0000252,CUST000658,Classic,50000,29083.9,20916.1,2020-07-04,2030-04-23,Active
CARD0000253,CUST000245,Classic,500000,170428.05,329571.95,2026-03-05,2030-01-24,Active
CARD0000254,CUST000719,Classic,75000,19897.15,55102.85,2023-01-03,2029-04-26,Active
CARD0000255,CUST000098,Classic,100000,42727.85,57272.15,2025-05-15,2031-05-27,Active
CARD0000256,CUST000483,Gold,75000,16964.32,58035.68,2021-08-28,2028-12-27,Expired
CARD0000257,CUST000385,Platinum,50000,30875.91,19124.09,2017-08-02,2028-01-03,Closed
CARD0000258,CUST000151,Gold,75000,70740.03,4259.97,2018-09-20,2028-02-07,Active
CARD0000259,CUST000547,Classic,50000,21150.32,28849.68,2020-01-07,2030-06-13,Active
CARD0000260,CUST000604,Platinum,500000,455186.54,44813.46,2019-11-01,2029-08-13,Active
CARD0000261,CUST000224,Platinum,200000,197647.22,2352.78,2024-06-06,2029-07-27,Active
CARD0000262,CUST000286,Gold,50000,17629.65,32370.35,2019-07-20,2027-09-23,Expired
CARD0000263,CUST000227,Classic,100000,50068.81,49931.19,2017-01-31,2030-04-03,Expired
CARD0000264,CUST000207,Classic,500000,307781.43,192218.57,2023-01-09,2031-08-23,Active
CARD0000265,CUST000541,Classic,75000,14723.07,60276.93,2023-01-08,2031-12-22,Closed
CARD0000266,CUST000430,Platinum,100000,30167.91,69832.09,2021-01-03,2028-03-15,Expired
CARD0000267,CUST000164,Platinum,150000,129073.4,20926.6,2022-07-22,2031-02-20,Active
CARD0000268,CUST000762,Platinum,500000,86314.41,413685.59,2021-04-12,2027-11-11,Blocked
CARD0000269,CUST000560,Platinum,300000,258318.99,41681.01,2020-04-18,2029-02-11,Active
CARD0000270,CUST000213,Gold,50000,7737.08,42262.92,2024-01-21,2027-07-23,Expired
CARD0000271,CUST000680,Business,75000,11744.2,63255.8,2025-04-12,2028-04-24,Active
CARD0000272,CUST000959,Signature,300000,260783.37,39216.63,2022-04-06,2028-01-31,Active
CARD0000273,CUST000604,Platinum,50000,49730.76,269.24,2025-08-28,2028-05-20,Active
CARD0000274,CUST000094,Business,75000,62832.54,12167.46,2023-06-29,2029-07-24,Active
CARD0000275,CUST000442,Gold,300000,173538.75,126461.25,2020-03-19,2031-10-07,Blocked
CARD0000276,CUST000563,Platinum,50000,37378.77,12621.23,2023-11-05,2028-05-11,Active
CARD0000277,CUST000022,Business,75000,62678.49,12321.51,2019-07-24,2031-04-24,Active
CARD0000278,CUST000605,Platinum,150000,146654.92,3345.08,2025-05-18,2031-10-11,Active
CARD0000279,CUST000085,Gold,75000,59986.99,15013.01,2026-03-11,2031-02-15,Active
CARD0000280,CUST000642,Gold,100000,75281.28,24718.72,2025-01-07,2028-07-28,Expired
CARD0000281,CUST000767,Business,75000,55621.06,19378.94,2017-12-24,2030-03-04,Active
CARD0000282,CUST000941,Signature,150000,24978.65,125021.35,2019-10-11,2029-09-02,Active
CARD0000283,CUST000421,Signature,75000,18088.06,56911.94,2024-04-17,2027-06-08,Active
CARD0000284,CUST000841,Gold,500000,127660.78,372339.22,2021-08-14,2027-11-01,Active
CARD0000285,CUST000087,Signature,150000,77124.22,72875.78,2020-04-24,2031-10-10,Active
CARD0000286,CUST000309,Signature,100000,57775.49,42224.51,2018-09-12,2030-02-09,Active
CARD0000287,CUST000984,Business,300000,107805.96,192194.04,2024-10-10,2031-07-29,Active
CARD0000288,CUST000151,Signature,300000,261945.76,38054.24,2019-07-06,2031-10-27,Closed
CARD0000289,CUST000201,Business,300000,73746.73,226253.27,2018-07-04,2031-06-14,Active
CARD0000290,CUST000692,Classic,75000,12491.5,62508.5,2019-06-13,2031-06-05,Active
CARD0000291,CUST000559,Gold,200000,134303.69,65696.31,2018-09-16,2031-09-23,Blocked
CARD0000292,CUST000172,Gold,100000,79341.96,20658.04,2019-04-04,2029-03-22,Active
CARD0000293,CUST000843,Classic,100000,62350.95,37649.05,2024-03-27,2030-10-23,Active
CARD0000294,CUST000080,Gold,50000,38755.48,11244.52,2019-10-16,2028-10-28,Blocked
CARD0000295,CUST000021,Gold,75000,9829.66,65170.34,2020-11-24,2027-07-21,Active
CARD0000296,CUST000539,Platinum,300000,33116.88,266883.12,2023-11-16,2031-05-07,Active
CARD0000297,CUST000054,Gold,75000,15164.81,59835.19,2024-06-07,2029-04-15,Active
CARD0000298,CUST000968,Business,150000,41403.69,108596.31,2024-03-04,2029-04-21,Closed
CARD0000299,CUST000955,Classic,300000,218478.73,81521.27,2021-04-30,2030-01-16,Active
CARD0000300,CUST000142,Business,300000,161789.45,138210.55,2022-05-27,2027-07-07,Active
CARD0000301,CUST000240,Classic,50000,40751.19,9248.81,2021-05-10,2028-11-17,Blocked
CARD0000302,CUST000636,Classic,75000,30153.42,44846.58,2025-08-09,2027-12-21,Active
CARD0000303,CUST000703,Business,200000,187913.57,12086.43,2022-12-11,2030-09-15,Active
CARD0000304,CUST000202,Business,75000,23803.58,51196.42,2022-10-28,2029-12-04,Active
CARD0000305,CUST000374,Platinum,150000,66495.81,83504.19,2022-07-15,2027-04-21,Active
CARD0000306,CUST000005,Signature,100000,99891.14,108.86,2023-03-09,2031-07-04,Active
CARD0000307,CUST000782,Signature,75000,44734.56,30265.44,2020-09-13,2030-10-13,Active
CARD0000308,CUST000001,Business,300000,57897.86,242102.14,2017-07-26,2029-05-01,Active
CARD0000309,CUST000079,Signature,75000,31162.34,43837.66,2022-06-29,2030-08-18,Active
CARD0000310,CUST000952,Platinum,500000,284154.81,215845.19,2017-08-27,2031-11-08,Active
CARD0000311,CUST000085,Business,200000,151947.63,48052.37,2021-04-08,2029-08-04,Active
CARD0000312,CUST000279,Platinum,200000,55206.61,144793.39,2023-08-17,2028-03-27,Active
CARD0000313,CUST000756,Gold,75000,56051.78,18948.22,2020-03-26,2031-09-30,Closed
CARD0000314,CUST000196,Gold,50000,26104.86,23895.14,2017-10-20,2030-12-20,Active
CARD0000315,CUST000887,Classic,500000,193594.88,306405.12,2024-05-24,2030-04-08,Active
CARD0000316,CUST000442,Signature,150000,26437.41,123562.59,2024-12-06,2028-05-06,Active
CARD0000317,CUST000688,Gold,500000,374560.94,125439.06,2023-03-27,2030-10-12,Closed
CARD0000318,CUST000047,Classic,150000,31913.63,118086.37,2019-03-01,2027-08-24,Expired
CARD0000319,CUST000446,Platinum,75000,14827.69,60172.31,2023-08-11,2027-08-25,Active
CARD0000320,CUST000514,Signature,200000,98102.4,101897.6,2017-12-22,2029-12-17,Active
CARD0000321,CUST000200,Business,75000,63633.52,11366.48,2019-04-13,2027-04-03,Active
CARD0000322,CUST000195,Signature,50000,47753.95,2246.05,2020-12-28,2031-07-26,Active
CARD0000323,CUST000809,Signature,75000,60160.01,14839.99,2024-06-06,2029-08-30,Active
CARD0000324,CUST000299,Gold,75000,7565.38,67434.62,2023-12-24,2029-11-09,Closed
CARD0000325,CUST000593,Classic,75000,10785.33,64214.67,2023-05-26,2027-09-04,Active
CARD0000326,CUST000763,Classic,150000,147901.39,2098.61,2020-04-20,2028-12-10,Expired
CARD0000327,CUST000213,Business,50000,9089.23,40910.77,2021-07-03,2028-12-17,Active
CARD0000328,CUST000097,Gold,300000,177743.94,122256.06,2024-11-16,2027-03-24,Active
CARD0000329,CUST000508,Business,150000,98325.88,51674.12,2021-03-01,2027-03-09,Blocked
CARD0000330,CUST000669,Classic,50000,19027.87,30972.13,2022-03-02,2028-02-18,Active
CARD0000331,CUST000901,Classic,500000,221413.86,278586.14,2022-04-18,2028-09-13,Active
CARD0000332,CUST000119,Signature,300000,257708.25,42291.75,2021-04-22,2031-12-15,Active
CARD0000333,CUST000866,Business,100000,23419.74,76580.26,2018-09-25,2029-07-19,Active
CARD0000334,CUST000775,Signature,200000,168949.57,31050.43,2019-09-22,2029-02-26,Active
CARD0000335,CUST000990,Signature,150000,139666.36,10333.64,2022-10-03,2030-03-14,Active
CARD0000336,CUST000355,Business,75000,36159.36,38840.64,2017-03-25,2028-08-31,Blocked
CARD0000337,CUST000997,Signature,75000,46350.28,28649.72,2023-03-28,2031-01-27,Active
CARD0000338,CUST000406,Platinum,50000,29714.76,20285.24,2021-07-07,2030-08-18,Active
CARD0000339,CUST000476,Gold,200000,21712.25,178287.75,2021-07-02,2029-06-19,Closed
CARD0000340,CUST000466,Gold,75000,54033.74,20966.26,2024-04-10,2031-09-19,Active
CARD0000341,CUST000679,Gold,100000,41601.24,58398.76,2026-03-15,2029-08-19,Active
CARD0000342,CUST000484,Signature,150000,105551.77,44448.23,2018-09-01,2027-12-19,Blocked
CARD0000343,CUST000182,Gold,75000,42875.01,32124.99,2021-12-26,2029-08-30,Active
CARD0000344,CUST000778,Platinum,500000,143031.24,356968.76,2022-11-22,2029-11-22,Active
CARD0000345,CUST000444,Business,100000,30000.76,69999.24,2017-10-27,2031-03-04,Active
CARD0000346,CUST000169,Gold,50000,14660.91,35339.09,2025-02-26,2028-03-26,Active
CARD0000347,CUST000719,Platinum,500000,355475.56,144524.44,2022-11-20,2029-07-06,Active
CARD0000348,CUST000760,Classic,150000,97869.46,52130.54,2022-01-04,2031-12-12,Active
CARD0000349,CUST000717,Business,300000,280214.33,19785.67,2018-09-21,2027-05-27,Active
CARD0000350,CUST000209,Gold,200000,121469.29,78530.71,2017-12-20,2029-06-07,Active
CARD0000351,CUST000730,Business,150000,34392.37,115607.63,2025-02-03,2029-11-22,Active
CARD0000352,CUST000523,Gold,200000,65716.2,134283.8,2024-08-20,2030-10-03,Active
CARD0000353,CUST000870,Signature,150000,101572.1,48427.9,2024-01-05,2027-06-11,Active
CARD0000354,CUST000177,Classic,300000,278287.77,21712.23,2024-06-21,2028-11-17,Active
CARD0000355,CUST000509,Gold,200000,187659.19,12340.81,2026-04-09,2029-11-06,Active
CARD0000356,CUST000761,Platinum,75000,49921.03,25078.97,2019-07-10,2028-06-09,Active
CARD0000357,CUST000802,Business,50000,21505.77,28494.23,2020-08-27,2027-03-09,Active
CARD0000358,CUST000258,Gold,500000,139418.0,360582.0,2020-10-12,2027-10-14,Blocked
CARD0000359,CUST000314,Platinum,100000,58433.07,41566.93,2022-02-12,2030-09-09,Active
CARD0000360,CUST000518,Signature,500000,461880.14,38119.86,2019-09-06,2029-03-22,Active
CARD0000361,CUST000155,Signature,200000,131571.31,68428.69,2017-10-26,2029-06-21,Blocked
CARD0000362,CUST000939,Platinum,100000,68492.59,31507.41,2023-10-02,2028-03-02,Active
CARD0000363,CUST000723,Platinum,300000,218130.02,81869.98,2025-12-25,2029-07-23,Active
CARD0000364,CUST000264,Platinum,75000,61259.19,13740.81,2019-11-17,2029-11-25,Expired
CARD0000365,CUST000983,Gold,100000,32296.49,67703.51,2023-07-22,2027-02-21,Blocked
CARD0000366,CUST000137,Business,500000,253649.94,246350.06,2022-09-03,2028-12-21,Active
CARD0000367,CUST000686,Gold,150000,20820.23,129179.77,2021-11-09,2030-03-11,Active
CARD0000368,CUST000625,Business,100000,87970.07,12029.93,2023-12-24,2031-06-29,Blocked
CARD0000369,CUST000076,Classic,75000,55144.87,19855.13,2019-06-19,2031-07-08,Expired
CARD0000370,CUST000358,Business,200000,110220.43,89779.57,2018-08-06,2030-09-06,Active
CARD0000371,CUST000852,Signature,200000,154187.87,45812.13,2021-02-09,2029-01-29,Active
CARD0000372,CUST000528,Signature,100000,26112.78,73887.22,2018-09-01,2027-03-18,Expired
CARD0000373,CUST000984,Platinum,200000,90993.76,109006.24,2023-04-26,2030-01-20,Active
CARD0000374,CUST000441,Signature,500000,91177.05,408822.95,2020-04-17,2030-02-22,Active
CARD0000375,CUST000853,Gold,200000,132919.98,67080.02,2023-05-01,2028-04-06,Active
CARD0000376,CUST000648,Gold,500000,90823.24,409176.76,2022-03-02,2031-01-06,Active
CARD0000377,CUST000392,Signature,50000,43852.09,6147.91,2019-02-09,2027-04-09,Active
CARD0000378,CUST000439,Business,300000,247983.77,52016.23,2023-10-15,2030-01-18,Active
CARD0000379,CUST000128,Classic,150000,137744.22,12255.78,2020-12-30,2029-12-14,Active
CARD0000380,CUST000197,Business,75000,42213.61,32786.39,2022-06-17,2028-06-30,Active
CARD0000381,CUST000093,Classic,50000,38741.37,11258.63,2022-09-22,2030-11-24,Blocked
CARD0000382,CUST000995,Gold,200000,65807.55,134192.45,2017-09-03,2030-11-24,Active
CARD0000383,CUST000597,Business,50000,16889.1,33110.9,2024-02-20,2030-01-23,Active
CARD0000384,CUST000746,Business,100000,12202.2,87797.8,2022-03-06,2027-03-01,Active
CARD0000385,CUST000412,Gold,75000,51648.91,23351.09,2022-05-19,2031-03-27,Active
CARD0000386,CUST000478,Gold,100000,95417.87,4582.13,2023-06-29,2029-05-20,Active
CARD0000387,CUST000506,Platinum,300000,173288.84,126711.16,2023-02-16,2031-05-19,Active
CARD0000388,CUST000050,Signature,300000,181316.36,118683.64,2019-06-14,2029-05-08,Active
CARD0000389,CUST000262,Platinum,50000,29338.43,20661.57,2018-09-01,2031-09-23,Expired
CARD0000390,CUST000259,Classic,500000,214527.22,285472.78,2024-01-17,2029-12-24,Active
CARD0000391,CUST000898,Business,100000,91965.64,8034.36,2023-09-24,2028-10-19,Active
CARD0000392,CUST000352,Gold,75000,51703.18,23296.82,2024-10-07,2030-02-09,Active
CARD0000393,CUST000889,Classic,100000,56725.72,43274.28,2019-09-30,2031-01-16,Active
CARD0000394,CUST000747,Signature,100000,91929.76,8070.24,2019-12-28,2027-07-20,Active
CARD0000395,CUST000572,Business,100000,83824.12,16175.88,2025-12-28,2029-07-25,Blocked
CARD0000396,CUST000483,Platinum,75000,38486.68,36513.32,2022-12-03,2029-06-29,Active
CARD0000397,CUST000330,Classic,75000,11411.95,63588.05,2023-11-27,2031-05-27,Active
CARD0000398,CUST000011,Signature,150000,135050.22,14949.78,2023-02-18,2027-07-03,Closed
CARD0000399,CUST000302,Business,150000,133264.48,16735.52,2024-01-06,2031-05-16,Active
CARD0000400,CUST000033,Platinum,150000,90216.8,59783.2,2023-08-29,2027-04-17,Active
CARD0000401,CUST000328,Gold,50000,12756.67,37243.33,2022-07-11,2031-02-16,Active
CARD0000402,CUST000478,Platinum,50000,32697.56,17302.44,2020-03-16,2027-02-12,Active
CARD0000403,CUST000647,Platinum,100000,15114.1,84885.9,2021-01-01,2029-01-09,Active
CARD0000404,CUST000197,Gold,50000,40691.49,9308.51,2018-07-30,2031-08-21,Blocked
CARD0000405,CUST000625,Gold,100000,92786.09,7213.91,2023-12-01,2030-01-06,Active
CARD0000406,CUST000497,Platinum,300000,188774.41,111225.59,2025-03-25,2030-07-19,Active
CARD0000407,CUST000320,Business,150000,112454.8,37545.2,2020-06-17,2030-12-09,Active
CARD0000408,CUST000032,Business,500000,73442.07,426557.93,2018-07-17,2027-07-06,Active
CARD0000409,CUST000503,Gold,150000,93096.99,56903.01,2024-05-29,2029-09-18,Active
CARD0000410,CUST000811,Classic,50000,33738.5,16261.5,2024-06-09,2027-06-02,Active
CARD0000411,CUST000992,Signature,500000,416604.94,83395.06,2022-06-11,2027-05-12,Active
CARD0000412,CUST000061,Signature,200000,58983.03,141016.97,2025-05-14,2027-07-28,Active
CARD0000413,CUST000890,Classic,75000,21673.87,53326.13,2024-06-04,2030-10-06,Active
CARD0000414,CUST000839,Signature,500000,464464.48,35535.52,2024-08-05,2030-10-06,Active
CARD0000415,CUST000822,Classic,500000,321495.06,178504.94,2023-12-16,2031-03-01,Closed
CARD0000416,CUST000005,Platinum,200000,24355.35,175644.65,2017-03-20,2027-05-12,Active
CARD0000417,CUST000648,Platinum,300000,189586.33,110413.67,2025-06-23,2028-02-26,Active
CARD0000418,CUST000341,Platinum,150000,31006.48,118993.52,2025-09-26,2027-04-12,Active
CARD0000419,CUST000523,Signature,150000,48771.15,101228.85,2023-07-19,2031-02-01,Active
CARD0000420,CUST000316,Platinum,300000,164469.81,135530.19,2020-05-01,2028-11-29,Blocked
CARD0000421,CUST000970,Signature,500000,109955.89,390044.11,2017-07-09,2031-04-18,Closed
CARD0000422,CUST000663,Business,300000,211352.65,88647.35,2019-05-08,2028-08-22,Active
CARD0000423,CUST000318,Business,500000,205266.4,294733.6,2018-09-12,2029-07-02,Active
CARD0000424,CUST000416,Classic,100000,76477.1,23522.9,2025-07-29,2029-11-10,Active
CARD0000425,CUST000923,Gold,150000,22252.14,127747.86,2021-04-01,2028-12-17,Active
CARD0000426,CUST000189,Business,300000,169750.85,130249.15,2025-05-13,2030-05-21,Active
CARD0000427,CUST000950,Platinum,100000,33253.06,66746.94,2021-11-03,2030-10-06,Active
CARD0000428,CUST000701,Gold,100000,68053.67,31946.33,2020-11-16,2029-06-08,Active
CARD0000429,CUST000549,Classic,75000,55884.82,19115.18,2021-01-12,2027-12-24,Active
CARD0000430,CUST000916,Signature,200000,71128.08,128871.92,2019-09-25,2028-05-03,Closed
CARD0000431,CUST000459,Business,500000,398532.2,101467.8,2022-11-12,2029-02-28,Active
CARD0000432,CUST000087,Platinum,50000,46820.59,3179.41,2021-08-24,2030-05-18,Active
CARD0000433,CUST000352,Platinum,75000,54647.37,20352.63,2025-08-25,2031-12-25,Active
CARD0000434,CUST000018,Gold,300000,96503.73,203496.27,2024-07-15,2029-10-11,Closed
CARD0000435,CUST000014,Gold,100000,86816.87,13183.13,2020-08-15,2027-11-01,Active
CARD0000436,CUST000569,Classic,50000,39284.53,10715.47,2024-05-13,2028-10-09,Active
CARD0000437,CUST000754,Gold,200000,62503.52,137496.48,2021-08-01,2030-08-28,Closed
CARD0000438,CUST000890,Gold,75000,9650.47,65349.53,2025-09-26,2027-04-14,Closed
CARD0000439,CUST000013,Gold,150000,87000.64,62999.36,2017-07-17,2030-09-29,Active
CARD0000440,CUST000470,Classic,200000,181988.86,18011.14,2017-11-24,2030-10-04,Active
CARD0000441,CUST000702,Platinum,50000,16942.18,33057.82,2023-03-24,2028-03-22,Active
CARD0000442,CUST000730,Business,75000,11210.85,63789.15,2020-07-05,2027-11-22,Active
CARD0000443,CUST000181,Platinum,300000,274546.36,25453.64,2023-10-21,2028-01-17,Active
CARD0000444,CUST000284,Platinum,150000,105978.3,44021.7,2022-12-09,2028-01-05,Active
CARD0000445,CUST000163,Signature,200000,92874.91,107125.09,2017-03-14,2028-03-29,Active
CARD0000446,CUST000151,Gold,500000,67742.98,432257.02,2024-02-14,2028-03-16,Blocked
CARD0000447,CUST000611,Business,75000,56626.06,18373.94,2025-09-17,2031-12-19,Active
CARD0000448,CUST000765,Platinum,50000,5937.51,44062.49,2019-09-05,2027-07-04,Active
CARD0000449,CUST000269,Gold,500000,239877.39,260122.61,2025-12-18,2031-05-12,Active
CARD0000450,CUST000285,Signature,50000,36412.55,13587.45,2019-03-19,2028-06-09,Active
CARD0000451,CUST000516,Business,150000,70572.27,79427.73,2021-09-18,2029-04-14,Active
CARD0000452,CUST000256,Gold,100000,75610.63,24389.37,2023-04-18,2027-04-20,Active
CARD0000453,CUST000323,Classic,150000,33009.74,116990.26,2025-03-24,2027-11-17,Active
CARD0000454,CUST000410,Gold,200000,111227.3,88772.7,2023-11-03,2030-10-11,Active
CARD0000455,CUST000379,Signature,200000,194194.86,5805.14,2021-04-20,2031-03-02,Active
CARD0000456,CUST000640,Gold,300000,230582.47,69417.53,2021-11-11,2029-07-06,Active
CARD0000457,CUST000472,Business,500000,424739.31,75260.69,2018-12-20,2029-04-23,Active
CARD0000458,CUST000271,Signature,200000,31271.83,168728.17,2022-10-28,2028-03-12,Active
CARD0000459,CUST000925,Business,300000,61638.87,238361.13,2020-11-12,2031-01-08,Active
CARD0000460,CUST000981,Classic,150000,129423.83,20576.17,2023-07-01,2027-04-10,Active
CARD0000461,CUST000610,Classic,500000,99454.79,400545.21,2019-03-16,2030-12-25,Active
CARD0000462,CUST000300,Business,75000,9931.52,65068.48,2018-10-18,2031-02-02,Active
CARD0000463,CUST000225,Classic,50000,41706.21,8293.79,2017-01-30,2029-12-14,Active
CARD0000464,CUST000451,Business,50000,37214.65,12785.35,2024-02-03,2029-02-05,Blocked
CARD0000465,CUST000633,Signature,300000,185254.86,114745.14,2026-04-09,2028-01-27,Active
CARD0000466,CUST000208,Signature,200000,111493.86,88506.14,2023-10-27,2031-05-13,Active
CARD0000467,CUST000666,Gold,200000,164981.09,35018.91,2018-01-12,2029-01-25,Active
CARD0000468,CUST000791,Signature,500000,440623.17,59376.83,2017-09-26,2031-11-12,Blocked
CARD0000469,CUST000153,Business,500000,231254.25,268745.75,2019-08-09,2027-08-18,Blocked
CARD0000470,CUST000323,Platinum,200000,65311.33,134688.67,2022-04-23,2027-03-17,Active
CARD0000471,CUST000094,Classic,100000,46857.39,53142.61,2024-11-11,2031-08-20,Active
CARD0000472,CUST000463,Platinum,75000,39572.19,35427.81,2025-07-15,2029-07-06,Expired
CARD0000473,CUST000782,Classic,200000,144073.8,55926.2,2023-10-04,2029-09-13,Active
CARD0000474,CUST000143,Signature,500000,232430.92,267569.08,2017-12-04,2028-04-18,Active
CARD0000475,CUST000737,Signature,300000,193074.98,106925.02,2021-09-20,2029-08-11,Active
CARD0000476,CUST000775,Classic,200000,21845.32,178154.68,2018-12-10,2031-04-21,Blocked
CARD0000477,CUST000483,Business,100000,23440.68,76559.32,2023-02-10,2030-01-13,Active
CARD0000478,CUST000881,Classic,75000,33067.5,41932.5,2021-11-03,2030-09-06,Active
CARD0000479,CUST000538,Business,150000,89225.47,60774.53,2021-11-23,2031-09-22,Expired
CARD0000480,CUST000689,Business,300000,59513.23,240486.77,2021-06-18,2029-04-25,Active
CARD0000481,CUST000620,Classic,200000,36574.12,163425.88,2022-10-12,2027-07-13,Active
CARD0000482,CUST000719,Gold,200000,73181.99,126818.01,2021-04-17,2031-08-20,Active
CARD0000483,CUST000299,Gold,75000,34413.37,40586.63,2020-07-08,2030-04-21,Active
CARD0000484,CUST000052,Classic,200000,71500.98,128499.02,2022-11-18,2028-02-28,Active
CARD0000485,CUST000487,Platinum,150000,89054.32,60945.68,2021-12-22,2030-03-29,Active
CARD0000486,CUST000999,Business,500000,125638.89,374361.11,2025-07-31,2030-10-09,Active
CARD0000487,CUST000983,Gold,200000,159595.31,40404.69,2017-03-22,2030-09-21,Active
CARD0000488,CUST000195,Gold,75000,50774.73,24225.27,2023-06-04,2030-07-28,Active
CARD0000489,CUST000811,Business,50000,7169.52,42830.48,2017-11-30,2030-07-06,Active
CARD0000490,CUST000680,Platinum,150000,62432.86,87567.14,2024-07-06,2028-03-16,Active
CARD0000491,CUST000501,Business,75000,27840.57,47159.43,2024-09-11,2031-02-04,Blocked
CARD0000492,CUST000754,Business,75000,74497.35,502.65,2018-12-18,2029-10-06,Active
CARD0000493,CUST000279,Gold,500000,174016.06,325983.94,2022-07-29,2029-08-18,Active
CARD0000494,CUST000650,Signature,50000,18797.07,31202.93,2024-11-29,2028-12-15,Active
CARD0000495,CUST000064,Business,200000,43269.26,156730.74,2020-09-26,2030-07-19,Active
CARD0000496,CUST000057,Classic,75000,41737.02,33262.98,2018-12-22,2028-02-08,Active
CARD0000497,CUST000787,Platinum,150000,135296.31,14703.69,2017-12-07,2027-03-30,Active
CARD0000498,CUST000418,Business,150000,37594.21,112405.79,2021-07-28,2027-09-07,Active
CARD0000499,CUST000614,Business,50000,28570.94,21429.06,2022-03-06,2029-07-28,Active
CARD0000500,CUST000933,Business,300000,154246.99,145753.01,2023-01-10,2031-10-20,Active
CARD0000501,CUST000896,Classic,150000,61476.78,88523.22,2021-03-14,2031-12-08,Active
CARD0000502,CUST000793,Platinum,300000,230834.69,69165.31,2017-06-03,2028-10-02,Active
CARD0000503,CUST000909,Classic,100000,71813.77,28186.23,2018-01-05,2029-07-17,Active
CARD0000504,CUST000506,Business,200000,75948.82,124051.18,2021-05-05,2031-04-10,Active
CARD0000505,CUST000594,Gold,150000,70907.83,79092.17,2025-03-04,2029-02-25,Active
CARD0000506,CUST000172,Business,200000,117269.3,82730.7,2024-02-25,2029-10-28,Blocked
CARD0000507,CUST000276,Gold,150000,110207.26,39792.74,2024-06-16,2031-03-17,Active
CARD0000508,CUST000832,Business,150000,139286.85,10713.15,2023-05-15,2028-06-21,Active
CARD0000509,CUST000444,Platinum,500000,282113.98,217886.02,2025-11-06,2031-08-18,Expired
CARD0000510,CUST000472,Business,500000,469975.9,30024.1,2021-08-23,2027-07-07,Active
CARD0000511,CUST000235,Platinum,500000,92166.45,407833.55,2023-11-10,2031-09-16,Active
CARD0000512,CUST000403,Gold,150000,99407.09,50592.91,2021-01-02,2028-11-03,Closed
CARD0000513,CUST000864,Signature,500000,74378.21,425621.79,2020-08-28,2028-01-18,Active
CARD0000514,CUST000906,Business,200000,36502.87,163497.13,2022-06-02,2028-07-20,Blocked
CARD0000515,CUST000194,Platinum,75000,19595.48,55404.52,2019-04-11,2028-12-30,Active
CARD0000516,CUST000844,Gold,150000,138557.91,11442.09,2022-05-29,2030-11-05,Blocked
CARD0000517,CUST000094,Classic,300000,213310.47,86689.53,2019-01-22,2028-09-21,Active
CARD0000518,CUST000360,Platinum,300000,237804.63,62195.37,2024-12-19,2031-01-15,Active
CARD0000519,CUST000697,Platinum,100000,15508.39,84491.61,2023-05-01,2030-06-13,Active
CARD0000520,CUST000085,Classic,150000,39875.89,110124.11,2017-01-11,2027-08-10,Active
CARD0000521,CUST000526,Classic,50000,33732.15,16267.85,2025-11-30,2031-09-10,Active
CARD0000522,CUST000431,Business,200000,144347.56,55652.44,2017-10-26,2027-08-31,Active
CARD0000523,CUST000065,Gold,150000,29174.71,120825.29,2017-05-20,2027-12-31,Active
CARD0000524,CUST000497,Platinum,500000,81821.88,418178.12,2023-07-02,2031-07-15,Active
CARD0000525,CUST000129,Platinum,100000,14585.06,85414.94,2017-08-23,2028-04-16,Active
CARD0000526,CUST000623,Gold,300000,89373.0,210627.0,2017-06-29,2029-06-25,Active
CARD0000527,CUST000942,Platinum,50000,44056.9,5943.1,2019-08-16,2031-08-23,Active
CARD0000528,CUST000376,Classic,150000,141947.39,8052.61,2023-04-12,2030-06-02,Active
CARD0000529,CUST000746,Gold,150000,45607.99,104392.01,2019-09-21,2031-09-15,Active
CARD0000530,CUST000593,Gold,75000,14577.42,60422.58,2023-08-09,2027-02-17,Active
CARD0000531,CUST000381,Classic,500000,247091.47,252908.53,2024-05-30,2027-02-27,Active
CARD0000532,CUST000307,Platinum,50000,17082.56,32917.44,2024-09-29,2030-03-16,Active
CARD0000533,CUST000862,Gold,300000,116431.3,183568.7,2025-08-12,2030-11-16,Blocked
CARD0000534,CUST000220,Gold,75000,72347.77,2652.23,2022-04-18,2029-12-18,Blocked
CARD0000535,CUST000252,Gold,50000,44961.0,5039.0,2025-05-28,2027-06-03,Active
CARD0000536,CUST000957,Gold,150000,85468.31,64531.69,2020-01-06,2030-11-21,Active
CARD0000537,CUST000518,Business,300000,229536.68,70463.32,2020-09-17,2028-07-11,Active
CARD0000538,CUST000524,Platinum,50000,27951.96,22048.04,2018-11-20,2028-07-21,Active
CARD0000539,CUST000383,Signature,50000,38580.54,11419.46,2024-03-09,2028-07-08,Active
CARD0000540,CUST000661,Platinum,50000,49698.73,301.27,2017-02-13,2030-03-13,Active
CARD0000541,CUST000829,Business,75000,74019.37,980.63,2025-10-16,2029-02-16,Expired
CARD0000542,CUST000463,Signature,100000,86488.8,13511.2,2024-02-24,2030-07-12,Active
CARD0000543,CUST000028,Classic,50000,24517.98,25482.02,2019-10-01,2029-02-24,Active
CARD0000544,CUST000674,Platinum,50000,41692.78,8307.22,2024-03-05,2029-03-05,Active
CARD0000545,CUST000588,Business,500000,468176.1,31823.9,2022-07-17,2029-05-19,Active
CARD0000546,CUST000947,Signature,100000,31017.04,68982.96,2018-01-29,2030-12-25,Expired
CARD0000547,CUST000654,Business,200000,161871.98,38128.02,2019-11-03,2031-12-29,Active
CARD0000548,CUST000386,Signature,75000,43128.93,31871.07,2021-04-06,2030-01-18,Active
CARD0000549,CUST000884,Gold,500000,325742.11,174257.89,2023-12-29,2027-09-02,Active
CARD0000550,CUST000122,Platinum,100000,26981.45,73018.55,2022-02-14,2029-07-30,Active
CARD0000551,CUST000673,Platinum,50000,37340.4,12659.6,2025-03-03,2029-07-18,Active
CARD0000552,CUST000189,Platinum,100000,88611.63,11388.37,2025-01-15,2030-10-23,Active
CARD0000553,CUST000534,Signature,150000,22970.98,127029.02,2025-08-21,2030-10-17,Closed
CARD0000554,CUST000857,Signature,300000,198146.66,101853.34,2021-08-02,2031-09-16,Active
CARD0000555,CUST000406,Platinum,75000,12015.88,62984.12,2017-12-06,2031-08-04,Active
CARD0000556,CUST000066,Signature,75000,57488.15,17511.85,2021-03-26,2030-10-09,Active
CARD0000557,CUST000255,Gold,100000,51846.36,48153.64,2022-11-19,2030-04-26,Closed
CARD0000558,CUST000015,Platinum,300000,259379.87,40620.13,2025-12-09,2027-05-04,Active
CARD0000559,CUST000209,Business,500000,280449.22,219550.78,2025-09-14,2028-09-29,Active
CARD0000560,CUST000450,Business,150000,144238.89,5761.11,2022-02-15,2029-12-03,Active
CARD0000561,CUST000414,Signature,75000,11732.8,63267.2,2020-01-07,2030-08-01,Active
CARD0000562,CUST000754,Gold,100000,30569.94,69430.06,2021-05-10,2028-05-24,Active
CARD0000563,CUST000517,Gold,75000,29534.3,45465.7,2020-11-09,2031-04-04,Expired
CARD0000564,CUST000544,Platinum,300000,286795.1,13204.9,2020-09-13,2027-10-26,Active
CARD0000565,CUST000076,Gold,50000,38683.77,11316.23,2023-09-30,2029-08-20,Active
CARD0000566,CUST000990,Platinum,500000,95368.27,404631.73,2018-11-14,2030-09-11,Active
CARD0000567,CUST000414,Business,50000,9668.68,40331.32,2022-05-05,2030-10-09,Active
CARD0000568,CUST000709,Gold,75000,52970.9,22029.1,2022-03-16,2028-04-11,Active
CARD0000569,CUST000857,Business,50000,47909.38,2090.62,2021-02-14,2028-12-18,Active
CARD0000570,CUST000379,Gold,50000,23194.89,26805.11,2025-07-11,2027-08-06,Active
CARD0000571,CUST000132,Gold,50000,26424.27,23575.73,2022-12-25,2030-07-26,Active
CARD0000572,CUST000875,Platinum,100000,65272.76,34727.24,2020-02-11,2027-10-23,Active
CARD0000573,CUST000609,Signature,100000,58215.36,41784.64,2024-08-21,2031-03-08,Active
CARD0000574,CUST000877,Platinum,100000,48929.96,51070.04,2023-06-28,2028-10-08,Active
CARD0000575,CUST000044,Platinum,50000,8528.81,41471.19,2025-09-05,2031-06-17,Active
CARD0000576,CUST000542,Gold,500000,87126.6,412873.4,2022-05-29,2029-03-05,Active
CARD0000577,CUST000625,Signature,150000,106576.49,43423.51,2019-04-14,2031-01-09,Active
CARD0000578,CUST000476,Business,200000,147597.14,52402.86,2025-01-19,2031-12-06,Closed
CARD0000579,CUST000820,Classic,300000,292151.62,7848.38,2023-01-25,2028-03-16,Active
CARD0000580,CUST000771,Platinum,500000,279195.62,220804.38,2019-03-21,2031-07-04,Active
CARD0000581,CUST000375,Gold,75000,34022.48,40977.52,2022-01-04,2029-09-28,Active
CARD0000582,CUST000577,Business,500000,337913.73,162086.27,2019-10-17,2028-05-09,Active
CARD0000583,CUST000930,Gold,150000,21972.13,128027.87,2021-05-25,2027-07-06,Blocked
CARD0000584,CUST000277,Signature,150000,70754.35,79245.65,2023-03-10,2027-07-16,Active
CARD0000585,CUST000786,Gold,100000,66169.38,33830.62,2022-01-18,2027-03-28,Active
CARD0000586,CUST000684,Platinum,75000,17877.99,57122.01,2017-04-12,2031-12-15,Active
CARD0000587,CUST000105,Business,200000,175889.74,24110.26,2017-08-20,2029-12-26,Active
CARD0000588,CUST000259,Signature,500000,431468.13,68531.87,2022-03-12,2030-01-27,Active
CARD0000589,CUST000112,Signature,150000,124425.93,25574.07,2017-10-19,2030-12-06,Closed
CARD0000590,CUST000780,Gold,300000,115945.21,184054.79,2022-12-24,2030-09-12,Active
CARD0000591,CUST000106,Business,500000,268145.36,231854.64,2017-09-01,2028-07-12,Active
CARD0000592,CUST000104,Business,200000,87103.46,112896.54,2017-07-17,2028-11-05,Active
CARD0000593,CUST000644,Gold,50000,6211.29,43788.71,2026-01-19,2031-12-25,Active
CARD0000594,CUST000403,Signature,100000,83663.96,16336.04,2020-01-26,2031-08-02,Active
CARD0000595,CUST000077,Gold,500000,343554.37,156445.63,2018-09-19,2030-03-30,Active
CARD0000596,CUST000465,Signature,75000,70729.34,4270.66,2017-07-27,2027-06-11,Active
CARD0000597,CUST000173,Classic,50000,45233.53,4766.47,2019-06-19,2028-10-19,Active
CARD0000598,CUST000515,Gold,500000,435134.7,64865.3,2025-03-12,2031-07-25,Blocked
CARD0000599,CUST000739,Classic,75000,71799.41,3200.59,2025-07-11,2030-03-20,Active
CARD0000600,CUST000148,Business,500000,343980.65,156019.35,2019-06-18,2031-07-01,Blocked
CARD0000601,CUST000313,Platinum,75000,41748.54,33251.46,2021-04-13,2028-02-20,Active
CARD0000602,CUST000347,Business,100000,96072.91,3927.09,2018-06-16,2028-07-29,Active
CARD0000603,CUST000263,Signature,100000,72317.9,27682.1,2020-07-29,2031-08-25,Blocked
CARD0000604,CUST000307,Business,150000,80996.88,69003.12,2022-09-19,2030-01-27,Active
CARD0000605,CUST000961,Gold,200000,137989.47,62010.53,2019-04-07,2031-01-15,Closed
CARD0000606,CUST000306,Classic,300000,54958.11,245041.89,2019-01-14,2028-12-01,Active
CARD0000607,CUST000633,Business,50000,45521.49,4478.51,2025-10-22,2028-03-08,Active
CARD0000608,CUST000021,Platinum,200000,79029.45,120970.55,2024-04-13,2027-04-29,Active
CARD0000609,CUST000775,Signature,100000,48701.48,51298.52,2017-07-12,2029-06-04,Active
CARD0000610,CUST000005,Business,200000,141703.02,58296.98,2024-05-17,2031-05-22,Blocked
CARD0000611,CUST000562,Business,300000,213980.13,86019.87,2020-06-23,2027-07-04,Active
CARD0000612,CUST000271,Signature,300000,213239.79,86760.21,2019-07-26,2031-02-04,Active
CARD0000613,CUST000189,Gold,300000,115722.96,184277.04,2022-12-14,2031-12-30,Active
CARD0000614,CUST000287,Gold,100000,27800.92,72199.08,2018-01-22,2027-06-19,Active
CARD0000615,CUST000269,Signature,150000,77700.19,72299.81,2018-12-18,2029-03-05,Active
CARD0000616,CUST000608,Gold,300000,282400.33,17599.67,2021-07-07,2028-12-01,Active
CARD0000617,CUST000531,Gold,100000,86689.89,13310.11,2024-03-16,2027-08-25,Active
CARD0000618,CUST000313,Classic,50000,45727.73,4272.27,2022-07-14,2027-09-08,Blocked
CARD0000619,CUST000850,Business,200000,113670.4,86329.6,2018-09-06,2031-07-23,Active
CARD0000620,CUST000447,Gold,50000,26280.61,23719.39,2021-12-09,2031-11-03,Active
CARD0000621,CUST000826,Signature,200000,109131.81,90868.19,2020-06-17,2027-09-29,Active
CARD0000622,CUST000116,Business,75000,24284.55,50715.45,2023-06-16,2028-01-22,Active
CARD0000623,CUST000457,Business,100000,62924.17,37075.83,2024-11-25,2031-01-06,Active
CARD0000624,CUST000111,Signature,150000,24581.81,125418.19,2023-08-07,2027-08-07,Active
CARD0000625,CUST000117,Signature,75000,9661.84,65338.16,2022-09-01,2028-07-26,Active
CARD0000626,CUST000039,Signature,300000,216663.82,83336.18,2022-03-13,2030-08-27,Active
CARD0000627,CUST000344,Gold,500000,334999.39,165000.61,2018-01-06,2031-09-20,Active
CARD0000628,CUST000067,Gold,200000,188127.93,11872.07,2019-08-11,2029-02-17,Blocked
CARD0000629,CUST000176,Signature,500000,477769.2,22230.8,2024-04-16,2031-11-14,Active
CARD0000630,CUST000291,Platinum,50000,21741.9,28258.1,2023-05-25,2031-04-03,Blocked
CARD0000631,CUST000414,Signature,100000,29717.88,70282.12,2019-07-20,2030-07-28,Active
CARD0000632,CUST000121,Classic,150000,43672.98,106327.02,2018-12-04,2028-11-26,Active
CARD0000633,CUST000662,Classic,200000,179797.24,20202.76,2023-09-06,2030-04-25,Active
CARD0000634,CUST000865,Signature,200000,119266.64,80733.36,2023-01-25,2030-05-23,Active
CARD0000635,CUST000809,Signature,200000,180613.6,19386.4,2018-07-09,2031-01-24,Closed
CARD0000636,CUST000241,Signature,50000,41488.13,8511.87,2018-12-04,2027-07-15,Active
CARD0000637,CUST000485,Classic,150000,133965.51,16034.49,2024-10-30,2027-01-04,Active
CARD0000638,CUST000160,Classic,300000,275745.82,24254.18,2017-10-28,2030-03-24,Active
CARD0000639,CUST000571,Platinum,75000,33646.27,41353.73,2019-02-06,2028-02-15,Active
CARD0000640,CUST000972,Signature,500000,106537.93,393462.07,2025-06-14,2031-12-11,Active
CARD0000641,CUST000840,Platinum,100000,87141.42,12858.58,2020-06-09,2029-10-13,Active
CARD0000642,CUST000959,Signature,200000,132027.57,67972.43,2021-04-23,2027-05-02,Blocked
CARD0000643,CUST000576,Classic,200000,130316.96,69683.04,2018-02-25,2031-12-03,Active
CARD0000644,CUST000852,Signature,500000,61526.98,438473.02,2019-09-15,2029-08-14,Active
CARD0000645,CUST000629,Classic,150000,113587.25,36412.75,2018-10-05,2028-05-27,Active
CARD0000646,CUST000984,Business,300000,132463.33,167536.67,2024-01-01,2031-09-04,Blocked
CARD0000647,CUST000176,Gold,500000,262644.37,237355.63,2022-12-29,2029-08-02,Blocked
CARD0000648,CUST000383,Gold,150000,22689.36,127310.64,2024-01-04,2028-05-11,Active
CARD0000649,CUST000011,Business,100000,46623.26,53376.74,2017-09-30,2027-10-01,Active
CARD0000650,CUST000115,Gold,100000,46411.08,53588.92,2025-03-02,2031-06-27,Active
CARD0000651,CUST000157,Business,200000,70542.45,129457.55,2018-01-10,2031-07-20,Blocked
CARD0000652,CUST000952,Platinum,200000,87132.4,112867.6,2017-12-13,2027-12-13,Active
CARD0000653,CUST000984,Signature,200000,66663.27,133336.73,2018-11-15,2027-01-04,Active
CARD0000654,CUST000017,Platinum,100000,40479.17,59520.83,2017-12-24,2031-01-18,Active
CARD0000655,CUST000274,Signature,100000,12405.77,87594.23,2019-09-19,2029-05-15,Active
CARD0000656,CUST000601,Platinum,500000,420836.13,79163.87,2020-09-10,2027-11-20,Active
CARD0000657,CUST000519,Business,500000,247941.64,252058.36,2020-11-19,2028-11-26,Active
CARD0000658,CUST000841,Platinum,200000,160288.72,39711.28,2019-01-14,2027-11-30,Active
CARD0000659,CUST000181,Platinum,50000,11005.42,38994.58,2017-10-06,2029-09-24,Active
CARD0000660,CUST000092,Gold,50000,33713.09,16286.91,2020-05-18,2030-03-26,Active
CARD0000661,CUST000217,Platinum,300000,143625.59,156374.41,2022-05-24,2030-05-13,Active
CARD0000662,CUST000953,Business,200000,169343.92,30656.08,2023-04-06,2029-02-20,Closed
CARD0000663,CUST000659,Signature,500000,361889.1,138110.9,2022-08-11,2031-01-10,Active
CARD0000664,CUST000274,Business,75000,23284.89,51715.11,2025-03-15,2030-01-24,Active
CARD0000665,CUST000703,Business,100000,22282.59,77717.41,2025-08-03,2027-07-19,Active
CARD0000666,CUST000155,Gold,200000,163347.59,36652.41,2023-05-07,2027-04-06,Active
CARD0000667,CUST000665,Gold,150000,131046.53,18953.47,2021-12-02,2029-11-06,Closed
CARD0000668,CUST000508,Gold,50000,19900.62,30099.38,2018-05-13,2028-02-09,Active
CARD0000669,CUST000675,Signature,200000,58707.12,141292.88,2026-04-21,2029-10-17,Active
CARD0000670,CUST000265,Platinum,75000,15712.84,59287.16,2024-11-26,2030-07-30,Active
CARD0000671,CUST000828,Classic,50000,24950.11,25049.89,2025-04-12,2028-08-29,Active
CARD0000672,CUST000720,Platinum,100000,53466.07,46533.93,2018-05-23,2031-04-30,Active
CARD0000673,CUST000448,Gold,300000,214696.84,85303.16,2017-05-20,2029-11-02,Active
CARD0000674,CUST000346,Business,200000,65970.63,134029.37,2019-02-04,2027-09-26,Active
CARD0000675,CUST000946,Classic,300000,149978.03,150021.97,2022-10-31,2028-06-21,Active
CARD0000676,CUST000002,Signature,500000,347298.46,152701.54,2017-04-05,2029-03-21,Active
CARD0000677,CUST000268,Platinum,500000,419602.97,80397.03,2024-01-31,2029-11-12,Active
CARD0000678,CUST000695,Gold,300000,103995.53,196004.47,2019-03-12,2031-05-31,Active
CARD0000679,CUST000324,Signature,200000,42411.03,157588.97,2021-06-02,2030-09-17,Active
CARD0000680,CUST000267,Classic,75000,66759.62,8240.38,2022-09-24,2027-07-13,Active
CARD0000681,CUST000987,Business,500000,170614.47,329385.53,2021-11-09,2029-03-04,Blocked
CARD0000682,CUST000385,Platinum,150000,58304.58,91695.42,2018-04-15,2028-04-16,Active
CARD0000683,CUST000502,Business,500000,437185.56,62814.44,2018-10-04,2031-06-11,Active
CARD0000684,CUST000657,Gold,500000,398185.88,101814.12,2025-09-17,2031-04-09,Closed
CARD0000685,CUST000041,Signature,300000,34365.88,265634.12,2020-09-05,2030-11-11,Active
CARD0000686,CUST000359,Signature,200000,127062.11,72937.89,2018-06-25,2029-07-05,Active
CARD0000687,CUST000590,Gold,50000,23290.95,26709.05,2023-08-18,2030-05-23,Active
CARD0000688,CUST000182,Business,200000,43799.45,156200.55,2022-09-21,2029-11-25,Closed
CARD0000689,CUST000241,Business,150000,70053.41,79946.59,2025-04-23,2028-11-24,Active
CARD0000690,CUST000702,Gold,100000,98194.18,1805.82,2018-10-31,2031-06-10,Active
CARD0000691,CUST000832,Signature,300000,197852.43,102147.57,2017-05-20,2028-09-09,Active
CARD0000692,CUST000790,Platinum,300000,221552.01,78447.99,2023-06-30,2030-07-24,Blocked
CARD0000693,CUST000895,Classic,500000,167291.84,332708.16,2025-11-27,2031-09-06,Active
CARD0000694,CUST000758,Business,100000,56660.39,43339.61,2018-10-20,2030-08-03,Active
CARD0000695,CUST000717,Gold,150000,63049.08,86950.92,2023-08-15,2027-12-19,Active
CARD0000696,CUST000439,Platinum,75000,38003.23,36996.77,2022-12-31,2028-11-12,Active
CARD0000697,CUST000619,Business,300000,219346.09,80653.91,2025-08-23,2028-07-21,Active
CARD0000698,CUST000200,Signature,100000,86779.1,13220.9,2021-09-14,2028-07-16,Active
CARD0000699,CUST000291,Classic,150000,87418.26,62581.74,2018-02-03,2030-01-18,Active
CARD0000700,CUST000696,Business,500000,340593.49,159406.51,2021-06-29,2031-09-09,Active
CARD0000701,CUST000678,Platinum,75000,54253.39,20746.61,2024-05-06,2030-11-21,Active
CARD0000702,CUST000749,Business,100000,78324.35,21675.65,2021-12-24,2027-09-17,Closed
CARD0000703,CUST000630,Signature,75000,14797.21,60202.79,2021-12-12,2029-06-06,Active
CARD0000704,CUST000281,Signature,50000,40843.74,9156.26,2017-11-27,2028-07-07,Active
CARD0000705,CUST000726,Signature,300000,37274.89,262725.11,2023-05-05,2030-11-19,Active
CARD0000706,CUST000194,Business,500000,104448.67,395551.33,2021-06-13,2027-10-22,Active
CARD0000707,CUST000698,Signature,200000,105872.6,94127.4,2017-06-27,2031-11-15,Active
CARD0000708,CUST000441,Gold,50000,49286.03,713.97,2023-10-09,2031-01-16,Expired
CARD0000709,CUST000560,Signature,75000,17813.1,57186.9,2021-11-29,2029-09-15,Blocked
CARD0000710,CUST000443,Signature,200000,141545.22,58454.78,2020-02-08,2031-02-10,Expired
CARD0000711,CUST000710,Gold,150000,60262.52,89737.48,2026-04-04,2030-04-26,Active
CARD0000712,CUST000773,Signature,150000,118542.45,31457.55,2025-03-05,2031-02-05,Active
CARD0000713,CUST000421,Classic,300000,230536.56,69463.44,2019-12-08,2027-08-13,Active
CARD0000714,CUST000221,Business,150000,102450.65,47549.35,2017-04-14,2028-08-27,Active
CARD0000715,CUST000024,Classic,150000,66470.54,83529.46,2021-02-07,2028-09-15,Active
CARD0000716,CUST000752,Business,50000,14083.58,35916.42,2021-12-02,2027-08-22,Expired
CARD0000717,CUST000615,Signature,150000,86960.96,63039.04,2023-08-17,2027-10-12,Active
CARD0000718,CUST000390,Classic,50000,39231.11,10768.89,2019-09-06,2029-10-14,Active
CARD0000719,CUST000789,Classic,200000,53035.01,146964.99,2022-04-25,2028-10-25,Active
CARD0000720,CUST000651,Signature,75000,56975.48,18024.52,2020-11-20,2027-03-16,Active
CARD0000721,CUST000608,Classic,500000,258327.94,241672.06,2018-09-10,2027-01-06,Active
CARD0000722,CUST000542,Gold,300000,117338.58,182661.42,2021-12-17,2030-05-15,Active
CARD0000723,CUST000425,Signature,100000,39506.98,60493.02,2020-07-02,2027-06-17,Active
CARD0000724,CUST000182,Gold,50000,31746.82,18253.18,2019-08-15,2029-04-22,Active
CARD0000725,CUST000638,Platinum,100000,55730.55,44269.45,2019-11-16,2031-05-07,Closed
CARD0000726,CUST000251,Classic,200000,105887.05,94112.95,2019-05-08,2027-03-31,Blocked
CARD0000727,CUST000702,Gold,75000,7958.96,67041.04,2019-08-06,2030-02-16,Active
CARD0000728,CUST000920,Gold,300000,143987.28,156012.72,2025-04-09,2027-07-09,Blocked
CARD0000729,CUST000014,Classic,100000,46743.27,53256.73,2019-08-19,2027-09-17,Active
CARD0000730,CUST000286,Business,200000,79247.75,120752.25,2024-07-26,2027-01-08,Active
CARD0000731,CUST000407,Platinum,300000,249448.53,50551.47,2025-05-08,2029-04-12,Active
CARD0000732,CUST000024,Gold,200000,115489.09,84510.91,2018-12-17,2031-07-02,Active
CARD0000733,CUST000822,Classic,150000,19091.14,130908.86,2021-08-12,2031-07-24,Active
CARD0000734,CUST000454,Signature,100000,62410.29,37589.71,2022-07-21,2028-03-19,Expired
CARD0000735,CUST000140,Classic,75000,12680.37,62319.63,2024-10-22,2031-09-03,Active
CARD0000736,CUST000318,Classic,200000,144584.07,55415.93,2019-02-27,2030-11-21,Active
CARD0000737,CUST000144,Gold,500000,396159.94,103840.06,2023-10-21,2029-01-22,Active
CARD0000738,CUST000676,Business,75000,28764.93,46235.07,2024-08-29,2029-11-20,Active
CARD0000739,CUST000636,Platinum,50000,44429.38,5570.62,2018-03-01,2030-05-27,Active
CARD0000740,CUST000354,Business,50000,11885.9,38114.1,2018-01-28,2029-09-29,Active
CARD0000741,CUST000421,Classic,150000,73509.71,76490.29,2022-01-04,2028-05-15,Active
CARD0000742,CUST000178,Signature,150000,131579.18,18420.82,2024-10-13,2031-03-01,Active
CARD0000743,CUST000107,Platinum,50000,47732.36,2267.64,2020-08-25,2031-02-25,Active
CARD0000744,CUST000946,Platinum,500000,165699.03,334300.97,2023-11-08,2027-02-15,Closed
CARD0000745,CUST000514,Platinum,50000,23171.84,26828.16,2021-08-16,2029-06-22,Blocked
CARD0000746,CUST000207,Signature,150000,129250.68,20749.32,2018-02-11,2029-09-06,Active
CARD0000747,CUST000589,Platinum,75000,69884.86,5115.14,2025-06-06,2027-08-22,Active
CARD0000748,CUST000403,Platinum,100000,98031.62,1968.38,2017-12-20,2030-10-17,Expired
CARD0000749,CUST000204,Signature,75000,46903.74,28096.26,2023-12-11,2030-10-06,Active
CARD0000750,CUST000188,Platinum,300000,168961.55,131038.45,2019-06-01,2028-12-29,Closed
CARD0000751,CUST000867,Classic,500000,461545.39,38454.61,2023-05-16,2027-02-19,Active
CARD0000752,CUST000159,Platinum,100000,72104.71,27895.29,2019-08-28,2030-08-10,Active
CARD0000753,CUST000552,Business,50000,27782.27,22217.73,2019-09-27,2029-08-10,Active
CARD0000754,CUST000455,Platinum,300000,285746.8,14253.2,2022-07-16,2027-10-18,Closed
CARD0000755,CUST000986,Classic,50000,48759.46,1240.54,2020-01-12,2030-06-28,Active
CARD0000756,CUST000013,Classic,50000,25002.29,24997.71,2024-12-03,2030-11-17,Expired
CARD0000757,CUST000837,Signature,150000,149906.09,93.91,2026-03-09,2028-12-22,Blocked
CARD0000758,CUST000699,Platinum,50000,26353.12,23646.88,2018-03-24,2030-11-21,Active
CARD0000759,CUST000832,Platinum,150000,136760.3,13239.7,2023-12-20,2031-12-25,Active
CARD0000760,CUST000649,Classic,50000,43552.78,6447.22,2018-09-03,2028-06-29,Active
CARD0000761,CUST000597,Business,100000,89015.57,10984.43,2023-12-10,2027-08-29,Active
CARD0000762,CUST000967,Signature,150000,86533.01,63466.99,2025-11-19,2028-10-15,Active
CARD0000763,CUST000214,Business,150000,50340.65,99659.35,2020-11-21,2031-07-13,Active
CARD0000764,CUST000163,Signature,100000,88042.4,11957.6,2021-05-07,2030-05-12,Blocked
CARD0000765,CUST000161,Classic,500000,464859.95,35140.05,2021-05-31,2030-09-13,Blocked
CARD0000766,CUST000285,Platinum,75000,45545.72,29454.28,2022-04-23,2028-02-17,Active
CARD0000767,CUST000342,Classic,50000,38209.4,11790.6,2017-08-31,2028-04-25,Active
CARD0000768,CUST000202,Gold,100000,29703.64,70296.36,2026-03-04,2028-03-16,Active
CARD0000769,CUST000686,Signature,300000,275001.62,24998.38,2021-10-31,2030-02-07,Active
CARD0000770,CUST000913,Classic,300000,33844.22,266155.78,2019-08-29,2028-10-06,Active
CARD0000771,CUST000970,Gold,50000,35499.66,14500.34,2025-12-23,2028-11-12,Active
CARD0000772,CUST000358,Classic,200000,119821.17,80178.83,2017-08-22,2028-07-29,Active
CARD0000773,CUST000836,Platinum,150000,73175.38,76824.62,2023-05-03,2030-08-14,Active
CARD0000774,CUST000359,Platinum,500000,192407.34,307592.66,2021-01-21,2028-02-06,Active
CARD0000775,CUST000052,Signature,200000,76435.5,123564.5,2021-04-24,2030-05-18,Active
CARD0000776,CUST000032,Gold,500000,154187.54,345812.46,2020-09-08,2030-02-20,Active
CARD0000777,CUST000448,Platinum,50000,35372.47,14627.53,2024-02-25,2031-08-25,Blocked
CARD0000778,CUST000380,Platinum,150000,113457.86,36542.14,2020-10-19,2031-10-12,Active
CARD0000779,CUST000547,Signature,200000,55914.55,144085.45,2023-07-06,2029-08-07,Active
CARD0000780,CUST000606,Business,500000,53533.57,446466.43,2019-03-01,2028-07-03,Active
CARD0000781,CUST000684,Signature,75000,71978.63,3021.37,2026-04-03,2029-11-19,Active
CARD0000782,CUST000639,Gold,300000,284384.4,15615.6,2020-03-27,2030-03-21,Active
CARD0000783,CUST000791,Business,50000,42223.07,7776.93,2017-02-17,2030-03-29,Active
CARD0000784,CUST000096,Gold,200000,124637.52,75362.48,2021-06-23,2029-07-10,Active
CARD0000785,CUST000449,Platinum,150000,72559.42,77440.58,2025-12-14,2028-08-15,Active
CARD0000786,CUST000255,Business,50000,27997.31,22002.69,2017-02-07,2031-08-19,Active
CARD0000787,CUST000911,Classic,500000,363293.65,136706.35,2018-12-09,2028-06-29,Active
CARD0000788,CUST000654,Business,200000,191470.2,8529.8,2024-05-05,2031-02-26,Active
CARD0000789,CUST000908,Gold,150000,79396.88,70603.12,2018-05-18,2029-03-18,Active
CARD0000790,CUST000587,Gold,500000,140200.96,359799.04,2018-11-22,2028-05-20,Active
CARD0000791,CUST000511,Signature,100000,86217.83,13782.17,2020-10-27,2029-11-04,Active
CARD0000792,CUST000137,Signature,300000,159506.32,140493.68,2024-12-02,2028-08-06,Blocked
CARD0000793,CUST000165,Gold,50000,36013.36,13986.64,2019-10-19,2031-08-29,Active
CARD0000794,CUST000155,Business,75000,68105.45,6894.55,2025-12-12,2031-03-11,Active
CARD0000795,CUST000444,Business,200000,101070.24,98929.76,2019-07-11,2028-12-09,Active
CARD0000796,CUST000025,Business,300000,62620.25,237379.75,2021-04-04,2029-11-25,Active
CARD0000797,CUST000779,Classic,75000,17197.26,57802.74,2019-07-15,2027-12-10,Expired
CARD0000798,CUST000098,Platinum,100000,25305.11,74694.89,2024-01-21,2028-11-14,Blocked
CARD0000799,CUST000079,Gold,200000,98870.91,101129.09,2017-09-15,2030-11-04,Active
CARD0000800,CUST000913,Signature,150000,42997.64,107002.36,2019-03-08,2030-09-25,Active
CARD0000801,CUST000329,Gold,50000,7958.24,42041.76,2020-07-04,2027-02-21,Active
CARD0000802,CUST000935,Classic,150000,140006.57,9993.43,2025-07-31,2030-04-21,Active
CARD0000803,CUST000858,Business,500000,311268.63,188731.37,2024-09-06,2031-01-06,Active
CARD0000804,CUST000947,Business,200000,163478.34,36521.66,2025-08-03,2027-10-27,Blocked
CARD0000805,CUST000732,Gold,500000,142667.09,357332.91,2020-09-08,2029-04-28,Active
CARD0000806,CUST000410,Signature,75000,59627.38,15372.62,2021-06-14,2027-11-17,Closed
CARD0000807,CUST000692,Platinum,150000,37551.97,112448.03,2022-11-17,2027-06-19,Expired
CARD0000808,CUST000296,Gold,300000,75025.54,224974.46,2020-01-25,2031-02-19,Active
CARD0000809,CUST000412,Signature,100000,11778.93,88221.07,2019-10-08,2031-02-10,Active
CARD0000810,CUST000764,Business,300000,167652.63,132347.37,2019-10-12,2028-01-05,Active
CARD0000811,CUST000175,Classic,100000,45722.2,54277.8,2020-06-04,2028-05-31,Active
CARD0000812,CUST000079,Business,100000,26305.2,73694.8,2022-07-18,2031-10-04,Active
CARD0000813,CUST000796,Platinum,500000,320117.26,179882.74,2022-02-25,2029-05-12,Active
CARD0000814,CUST000247,Platinum,500000,241426.81,258573.19,2022-07-08,2028-10-01,Active
CARD0000815,CUST000288,Gold,100000,49313.78,50686.22,2019-02-23,2030-10-31,Active
CARD0000816,CUST000447,Classic,300000,232052.35,67947.65,2023-08-19,2027-03-19,Active
CARD0000817,CUST000468,Platinum,50000,38867.54,11132.46,2017-02-09,2027-06-20,Active
CARD0000818,CUST000402,Business,50000,45582.1,4417.9,2023-11-05,2028-11-14,Closed
CARD0000819,CUST000386,Business,200000,50252.58,149747.42,2025-02-06,2027-07-18,Active
CARD0000820,CUST000424,Classic,100000,58008.51,41991.49,2023-02-12,2027-06-07,Active
CARD0000821,CUST000130,Gold,75000,24419.55,50580.45,2018-01-14,2029-01-20,Active
CARD0000822,CUST000530,Gold,500000,287445.84,212554.16,2019-04-08,2031-05-22,Blocked
CARD0000823,CUST000557,Gold,50000,44061.8,5938.2,2025-11-09,2027-08-02,Active
CARD0000824,CUST000271,Signature,100000,71650.58,28349.42,2026-01-08,2030-03-06,Closed
CARD0000825,CUST000984,Platinum,500000,373226.37,126773.63,2025-10-02,2029-11-01,Closed
CARD0000826,CUST000129,Business,300000,197759.16,102240.84,2022-03-30,2031-10-18,Active
CARD0000827,CUST000720,Classic,50000,11510.31,38489.69,2024-07-17,2031-06-06,Active
CARD0000828,CUST000458,Classic,50000,36582.54,13417.46,2022-03-30,2030-07-26,Active
CARD0000829,CUST000526,Platinum,300000,271708.26,28291.74,2018-09-07,2027-05-07,Active
CARD0000830,CUST000619,Business,100000,93349.44,6650.56,2017-10-07,2029-11-17,Active
CARD0000831,CUST000569,Business,150000,130802.51,19197.49,2017-05-05,2028-03-01,Active
CARD0000832,CUST000205,Gold,50000,31526.76,18473.24,2021-02-16,2029-09-09,Active
CARD0000833,CUST000232,Platinum,75000,9491.88,65508.12,2025-03-18,2030-01-23,Active
CARD0000834,CUST000582,Signature,300000,45334.16,254665.84,2024-10-22,2027-11-08,Active
CARD0000835,CUST000032,Gold,50000,44397.68,5602.32,2022-06-10,2028-08-23,Active
CARD0000836,CUST000630,Gold,200000,89459.33,110540.67,2025-02-12,2029-09-24,Active
CARD0000837,CUST000004,Platinum,300000,107708.8,192291.2,2023-05-20,2028-03-11,Active
CARD0000838,CUST000806,Gold,300000,264452.76,35547.24,2022-10-28,2030-07-03,Active
CARD0000839,CUST000889,Platinum,200000,138831.31,61168.69,2020-02-17,2028-02-28,Active
CARD0000840,CUST000589,Signature,50000,33810.04,16189.96,2025-10-30,2027-05-04,Active
CARD0000841,CUST000181,Platinum,100000,56329.8,43670.2,2017-04-30,2028-06-24,Active
CARD0000842,CUST000797,Platinum,50000,20986.18,29013.82,2020-11-07,2027-12-23,Blocked
CARD0000843,CUST000311,Business,75000,44081.47,30918.53,2020-04-24,2030-02-15,Active
CARD0000844,CUST000172,Platinum,200000,65912.81,134087.19,2026-04-13,2031-09-24,Active
CARD0000845,CUST000343,Business,75000,27495.94,47504.06,2023-06-11,2029-07-05,Active
CARD0000846,CUST000577,Business,75000,42417.6,32582.4,2023-11-05,2031-12-05,Active
CARD0000847,CUST000296,Platinum,75000,72633.69,2366.31,2025-08-03,2030-03-12,Active
CARD0000848,CUST000360,Gold,100000,58007.88,41992.12,2019-10-13,2027-11-20,Expired
CARD0000849,CUST000367,Signature,50000,20597.62,29402.38,2020-10-22,2028-02-29,Active
CARD0000850,CUST000753,Business,75000,55083.48,19916.52,2020-04-17,2031-02-05,Closed
CARD0000851,CUST000784,Signature,50000,21336.51,28663.49,2018-10-30,2028-10-28,Active
CARD0000852,CUST000912,Gold,150000,15093.4,134906.6,2020-09-25,2031-11-03,Active
CARD0000853,CUST000891,Classic,50000,40681.67,9318.33,2025-03-25,2029-01-21,Active
CARD0000854,CUST000570,Signature,500000,319380.63,180619.37,2021-12-04,2028-05-30,Active
CARD0000855,CUST000069,Signature,200000,64442.18,135557.82,2021-06-18,2028-02-08,Active
CARD0000856,CUST000846,Business,75000,65989.18,9010.82,2022-08-28,2030-12-07,Active
CARD0000857,CUST000362,Classic,200000,144965.61,55034.39,2025-10-14,2027-12-29,Active
CARD0000858,CUST000131,Gold,100000,24753.72,75246.28,2018-10-22,2030-12-11,Active
CARD0000859,CUST000618,Signature,50000,8646.64,41353.36,2018-05-28,2028-08-15,Blocked
CARD0000860,CUST000027,Signature,50000,9270.97,40729.03,2018-09-08,2030-08-14,Active
CARD0000861,CUST000140,Business,75000,25966.34,49033.66,2019-06-29,2030-07-14,Active
CARD0000862,CUST000943,Business,100000,46518.87,53481.13,2025-07-10,2027-07-22,Active
CARD0000863,CUST000098,Platinum,100000,94564.03,5435.97,2024-05-11,2030-04-28,Active
CARD0000864,CUST000546,Signature,50000,38959.26,11040.74,2024-05-03,2027-05-27,Active
CARD0000865,CUST000495,Business,75000,16471.9,58528.1,2021-11-28,2027-12-22,Active
CARD0000866,CUST000573,Business,100000,58478.78,41521.22,2020-02-22,2027-12-12,Active
CARD0000867,CUST000903,Classic,500000,85231.47,414768.53,2018-01-08,2029-04-13,Active
CARD0000868,CUST000369,Classic,200000,96333.51,103666.49,2024-12-08,2031-10-16,Active
CARD0000869,CUST000038,Business,150000,101688.9,48311.1,2018-01-01,2029-03-20,Active
CARD0000870,CUST000897,Business,100000,29262.54,70737.46,2023-12-15,2029-10-09,Active
CARD0000871,CUST000524,Platinum,200000,75919.91,124080.09,2018-01-25,2027-02-01,Active
CARD0000872,CUST000777,Signature,500000,368361.08,131638.92,2018-02-04,2029-03-03,Active
CARD0000873,CUST000453,Platinum,300000,296407.62,3592.38,2026-02-14,2027-05-12,Active
CARD0000874,CUST000735,Business,100000,58794.28,41205.72,2023-05-01,2030-10-23,Active
CARD0000875,CUST000223,Platinum,300000,136691.62,163308.38,2021-08-27,2027-09-06,Active
CARD0000876,CUST000488,Platinum,150000,105558.72,44441.28,2023-11-10,2030-11-24,Active
CARD0000877,CUST000340,Business,200000,163354.12,36645.88,2017-03-16,2030-06-08,Active
CARD0000878,CUST000274,Business,75000,59322.85,15677.15,2022-03-18,2028-11-19,Active
CARD0000879,CUST000484,Signature,50000,42559.63,7440.37,2021-11-28,2029-10-27,Blocked
CARD0000880,CUST000189,Gold,100000,33317.74,66682.26,2020-05-14,2029-07-07,Active
CARD0000881,CUST000987,Signature,150000,90733.16,59266.84,2018-04-04,2029-06-09,Active
CARD0000882,CUST000895,Business,150000,18371.51,131628.49,2025-12-29,2031-12-03,Active
CARD0000883,CUST000099,Platinum,150000,87724.66,62275.34,2017-01-08,2031-12-31,Active
CARD0000884,CUST000509,Classic,100000,88394.57,11605.43,2020-09-16,2031-08-10,Active
CARD0000885,CUST000251,Platinum,500000,221253.06,278746.94,2018-09-07,2031-03-29,Expired
CARD0000886,CUST000442,Gold,50000,25820.89,24179.11,2017-04-17,2030-11-14,Active
CARD0000887,CUST000309,Gold,300000,195990.42,104009.58,2023-10-11,2027-12-18,Active
CARD0000888,CUST000010,Platinum,300000,192823.95,107176.05,2018-06-13,2031-10-03,Active
CARD0000889,CUST000120,Signature,500000,382681.72,117318.28,2020-12-13,2031-06-05,Active
CARD0000890,CUST000560,Gold,500000,253139.11,246860.89,2025-01-25,2027-10-12,Active
CARD0000891,CUST000784,Platinum,75000,46335.97,28664.03,2024-03-08,2031-01-03,Active
CARD0000892,CUST000603,Business,150000,146387.92,3612.08,2024-01-05,2028-12-31,Active
CARD0000893,CUST000157,Signature,100000,76448.52,23551.48,2024-01-21,2027-02-28,Closed
CARD0000894,CUST000798,Classic,300000,220353.86,79646.14,2023-04-13,2028-06-13,Active
CARD0000895,CUST000148,Platinum,75000,27690.73,47309.27,2019-02-04,2031-10-07,Blocked
CARD0000896,CUST000641,Gold,300000,43325.49,256674.51,2017-10-21,2030-05-27,Active
CARD0000897,CUST000201,Gold,50000,22076.18,27923.82,2025-09-08,2027-07-26,Active
CARD0000898,CUST000430,Signature,200000,144343.77,55656.23,2020-10-20,2029-10-23,Active
CARD0000899,CUST000884,Business,150000,134034.2,15965.8,2022-05-18,2029-07-15,Active
CARD0000900,CUST000044,Classic,100000,37110.72,62889.28,2019-12-01,2031-09-25,Active
