loan_id,customer_id,loan_type,loan_amount,interest_rate,tenure_months,emi_amount,loan_start_date,loan_status,collateral_required
LOAN0000001,CUST000319,Home Loan,5335511,10.98,84,91300.85,2019-05-05,Active,No
LOAN0000002,CUST000170,Personal Loan,6796705,13.7,120,104307.49,2021-01-25,Active,Yes
LOAN0000003,CUST000121,Education Loan,2842422,7.97,120,34441.38,2018-03-30,Closed,Yes
LOAN0000004,CUST000462,Car Loan,790130,15.32,12,71435.16,2023-03-04,Defaulted,Yes
LOAN0000005,CUST000536,Gold Loan,5536124,13.87,60,128443.11,2019-11-10,Active,No
LOAN0000006,CUST000767,Business Loan,1227951,13.64,48,33334.24,2018-03-20,Closed,No
LOAN0000007,CUST000984,Gold Loan,1305556,15.85,12,118361.56,2023-08-02,Under Review,Yes
LOAN0000008,CUST000013,Personal Loan,1067881,17.69,36,38440.59,2019-05-25,Defaulted,No
LOAN0000009,CUST000356,Personal Loan,6544792,14.25,48,179667.95,2024-09-07,Active,No
LOAN0000010,CUST000634,Education Loan,7006193,7.8,48,170384.66,2024-01-17,Active,No
LOAN0000011,CUST000502,Gold Loan,369427,17.05,84,7560.22,2021-07-05,Active,Yes
LOAN0000012,CUST000767,Car Loan,672850,12.08,84,11906.45,2018-03-19,Active,No
LOAN0000013,CUST000932,Education Loan,752607,11.49,120,10577.01,2021-02-13,Active,Yes
LOAN0000014,CUST000700,Car Loan,6266596,9.67,60,132131.4,2024-10-07,Active,Yes
LOAN0000015,CUST000980,Business Loan,4393166,17.01,36,156650.22,2022-01-07,Active,Yes
LOAN0000016,CUST000715,Home Loan,7307382,7.32,120,86054.96,2020-05-25,Active,No
LOAN0000017,CUST000081,Gold Loan,2343102,11.02,180,26661.06,2023-09-15,Active,No
LOAN0000018,CUST000234,Personal Loan,7090280,7.77,180,66820.34,2023-05-16,Active,Yes
LOAN0000019,CUST000281,Home Loan,3553618,15.25,120,57877.54,2024-10-19,Active,Yes
LOAN0000020,CUST000166,Gold Loan,2724823,17.3,48,79048.44,2024-11-02,Active,Yes
LOAN0000021,CUST000691,Car Loan,116597,17.94,180,1872.67,2025-01-23,Active,No
LOAN0000022,CUST000219,Home Loan,1412428,7.5,36,43935.29,2022-04-07,Active,No
LOAN0000023,CUST000848,Education Loan,2032593,12.26,120,29468.12,2023-09-28,Active,No
LOAN0000024,CUST000623,Education Loan,1192528,11.25,36,39183.17,2018-09-16,Active,Yes
LOAN0000025,CUST000150,Car Loan,66294,10.75,24,3082.13,2022-09-26,Defaulted,No
LOAN0000026,CUST000902,Personal Loan,6954295,8.87,24,317290.54,2024-09-03,Active,Yes
LOAN0000027,CUST000129,Business Loan,1067310,13.67,60,24652.22,2022-05-23,Active,Yes
LOAN0000028,CUST000920,Personal Loan,6319403,15.49,180,90575.95,2024-07-05,Under Review,Yes
LOAN0000029,CUST000236,Home Loan,2232182,13.68,84,41437.52,2019-01-30,Closed,No
LOAN0000030,CUST000366,Gold Loan,3299726,17.6,180,52192.61,2026-01-15,Under Review,Yes
LOAN0000031,CUST000245,Home Loan,3383318,8.98,48,84161.89,2025-07-24,Active,Yes
LOAN0000032,CUST000110,Gold Loan,1513959,16.78,84,30746.79,2024-03-09,Active,No
LOAN0000033,CUST000140,Home Loan,7291885,13.33,24,347800.84,2018-10-11,Active,No
LOAN0000034,CUST000825,Car Loan,240924,12.74,84,4348.9,2024-03-02,Closed,No
LOAN0000035,CUST000620,Gold Loan,5035184,12.67,48,134258.14,2022-02-12,Closed,Yes
LOAN0000036,CUST000722,Car Loan,5420489,10.53,24,251456.11,2022-11-16,Active,Yes
LOAN0000037,CUST000605,Gold Loan,7479352,12.89,24,355195.71,2020-07-17,Closed,No
LOAN0000038,CUST000040,Car Loan,1956705,11.18,180,22461.51,2020-01-14,Active,No
LOAN0000039,CUST000818,Car Loan,1262320,9.46,180,13151.01,2022-02-03,Closed,Yes
LOAN0000040,CUST000364,Car Loan,7454626,9.1,60,155107.82,2025-12-16,Closed,No
LOAN0000041,CUST001000,Business Loan,6452728,12.83,180,80922.17,2022-09-11,Under Review,Yes
LOAN0000042,CUST000991,Home Loan,673391,14.59,240,8663.83,2022-02-08,Active,Yes
LOAN0000043,CUST000586,Gold Loan,6689728,10.44,84,112584.2,2024-09-29,Active,Yes
LOAN0000044,CUST000752,Home Loan,6665652,15.38,24,324399.86,2021-02-03,Active,No
LOAN0000045,CUST000825,Home Loan,4889598,18.41,36,177777.98,2022-02-26,Active,No
LOAN0000046,CUST000151,Car Loan,5291751,12.01,24,249125.81,2023-07-17,Active,No
LOAN0000047,CUST000505,Car Loan,798857,15.67,240,10916.84,2020-08-11,Active,No
LOAN0000048,CUST000860,Business Loan,756469,16.52,84,15249.94,2026-03-27,Under Review,No
LOAN0000049,CUST000061,Education Loan,2669478,10.05,12,234751.61,2018-07-11,Active,Yes
LOAN0000050,CUST000043,Education Loan,5284709,16.14,60,128907.3,2020-11-30,Active,No
LOAN0000051,CUST000712,Business Loan,3708242,18.25,24,185578.9,2021-06-01,Closed,No
LOAN0000052,CUST000554,Home Loan,5579999,10.57,120,75512.59,2026-03-23,Active,Yes
LOAN0000053,CUST000159,Personal Loan,2130000,7.31,84,32471.15,2019-11-16,Active,No
LOAN0000054,CUST000650,Business Loan,1788742,17.74,36,64434.24,2019-07-26,Active,No
LOAN0000055,CUST000820,Education Loan,6191218,10.44,240,61562.55,2025-05-29,Active,Yes
LOAN0000056,CUST000384,Education Loan,6271279,7.59,36,195335.1,2022-05-03,Closed,Yes
LOAN0000057,CUST000673,Gold Loan,922636,12.33,240,10372.08,2022-08-05,Active,No
LOAN0000058,CUST000538,Car Loan,7380047,9.33,240,67974.52,2025-01-12,Active,No
LOAN0000059,CUST000989,Business Loan,1169863,16.1,60,28510.99,2024-01-21,Active,No
LOAN0000060,CUST000421,Business Loan,2614294,15.3,36,91009.9,2020-09-07,Active,Yes
LOAN0000061,CUST000840,Personal Loan,1476860,9.33,84,24009.4,2022-07-22,Active,Yes
LOAN0000062,CUST000637,Education Loan,3048824,14.71,84,58337.45,2024-09-13,Closed,Yes
LOAN0000063,CUST000403,Personal Loan,4316799,15.62,120,71293.11,2018-11-03,Active,Yes
LOAN0000064,CUST000872,Business Loan,834820,8.52,240,7255.33,2025-06-25,Closed,Yes
LOAN0000065,CUST000973,Personal Loan,2594446,15.41,240,34951.93,2026-01-01,Under Review,Yes
LOAN0000066,CUST000229,Education Loan,6373448,13.45,48,172410.57,2018-10-09,Active,Yes
LOAN0000067,CUST000684,Gold Loan,5725693,13.8,240,70370.01,2020-09-30,Active,Yes
LOAN0000068,CUST000276,Car Loan,7391205,18.11,240,114695.4,2020-04-24,Closed,No
LOAN0000069,CUST000499,Car Loan,2199235,13.21,240,26095.42,2024-11-03,Active,Yes
LOAN0000070,CUST000988,Business Loan,1488710,13.68,36,50649.51,2022-05-17,Active,No
LOAN0000071,CUST000124,Gold Loan,1665307,16.55,60,40985.3,2023-09-05,Active,No
LOAN0000072,CUST000799,Business Loan,6000592,15.96,60,145795.24,2019-12-18,Closed,Yes
LOAN0000073,CUST000271,Gold Loan,1444475,18.46,48,42779.45,2023-12-22,Active,No
LOAN0000074,CUST000896,Education Loan,565216,16.32,48,16111.16,2022-08-27,Active,No
LOAN0000075,CUST000973,Gold Loan,1467603,11.48,84,25500.86,2018-06-02,Active,Yes
LOAN0000076,CUST000338,Home Loan,6670450,11.81,60,147740.82,2020-11-23,Closed,Yes
LOAN0000077,CUST000078,Car Loan,7435076,11.96,240,81659.35,2019-11-16,Closed,No
LOAN0000078,CUST000799,Gold Loan,501814,12.05,120,7214.09,2020-09-24,Active,Yes
LOAN0000079,CUST000222,Education Loan,2510167,17.3,84,51733.41,2019-08-11,Closed,Yes
LOAN0000080,CUST000785,Car Loan,4174765,13.88,12,374604.44,2024-03-25,Active,Yes
LOAN0000081,CUST000822,Business Loan,1227867,14.88,36,42492.29,2019-10-29,Closed,No
LOAN0000082,CUST000084,Education Loan,1465922,10.64,36,47742.88,2019-07-10,Active,Yes
LOAN0000083,CUST000378,Gold Loan,5271072,9.12,24,241097.89,2022-04-28,Active,No
LOAN0000084,CUST000932,Personal Loan,1649198,7.84,12,143339.17,2022-01-27,Active,No
LOAN0000085,CUST000240,Gold Loan,521505,9.24,240,4772.91,2025-11-11,Closed,Yes
LOAN0000086,CUST000601,Business Loan,1173800,17.06,12,107089.56,2018-10-18,Active,No
LOAN0000087,CUST000598,Education Loan,5811839,14.62,180,79834.45,2024-01-02,Active,No
LOAN0000088,CUST000148,Car Loan,7381410,9.18,24,337827.75,2023-09-10,Active,No
LOAN0000089,CUST000216,Car Loan,1381327,16.47,12,125636.42,2020-06-05,Active,Yes
LOAN0000090,CUST000255,Personal Loan,4858718,11.25,180,55989.17,2018-02-13,Closed,No
LOAN0000091,CUST000453,Gold Loan,3901602,11.16,84,67133.61,2023-08-07,Active,No
LOAN0000092,CUST000539,Gold Loan,2073225,17.46,24,102963.77,2022-01-28,Active,Yes
LOAN0000093,CUST000143,Gold Loan,2145098,18.31,48,63360.27,2025-07-13,Active,Yes
LOAN0000094,CUST000744,Education Loan,3710798,8.89,12,324325.51,2023-06-02,Closed,No
LOAN0000095,CUST000797,Personal Loan,7198170,17.77,12,659140.52,2025-02-27,Active,Yes
LOAN0000096,CUST000673,Car Loan,6307567,10.71,60,136231.32,2025-06-21,Active,No
LOAN0000097,CUST000754,Car Loan,5614776,11.16,36,184246.29,2025-04-27,Active,Yes
LOAN0000098,CUST000452,Gold Loan,3653897,17.27,120,64130.38,2024-03-22,Active,No
LOAN0000099,CUST000122,Personal Loan,2981016,16.28,120,50457.34,2022-03-16,Closed,No
LOAN0000100,CUST000357,Personal Loan,2588900,16.33,60,63411.86,2020-12-11,Closed,Yes
LOAN0000101,CUST000805,Personal Loan,142805,17.1,48,4128.04,2019-11-06,Closed,No
LOAN0000102,CUST000967,Home Loan,4256599,15.44,48,119415.89,2018-05-30,Closed,Yes
LOAN0000103,CUST000458,Home Loan,2472373,8.88,60,51178.53,2025-05-24,Active,No
LOAN0000104,CUST000101,Education Loan,7383786,12.46,60,165969.78,2021-08-02,Active,No
LOAN0000105,CUST000379,Business Loan,5381754,15.58,60,129675.85,2025-01-29,Active,No
LOAN0000106,CUST000056,Personal Loan,3426279,7.52,48,82875.65,2018-01-31,Active,Yes
LOAN0000107,CUST000090,Personal Loan,1761654,10.03,12,154901.96,2024-02-05,Active,No
LOAN0000108,CUST000285,Business Loan,6424083,9.94,60,136303.2,2024-05-16,Active,No
LOAN0000109,CUST000262,Gold Loan,3815088,10.32,180,41747.21,2020-12-25,Closed,Yes
LOAN0000110,CUST000446,Gold Loan,3834491,8.45,48,94423.21,2020-01-05,Active,No
LOAN0000111,CUST000122,Car Loan,4049941,8.06,240,34026.72,2020-06-24,Active,No
LOAN0000112,CUST000092,Home Loan,430827,16.06,84,8571.84,2024-02-28,Active,Yes
LOAN0000113,CUST000883,Business Loan,7098668,13.43,180,91833.11,2019-08-02,Active,Yes
LOAN0000114,CUST000845,Education Loan,5647890,17.29,120,99199.31,2025-06-01,Active,No
LOAN0000115,CUST000563,Car Loan,5785474,7.5,48,139886.41,2024-01-28,Active,Yes
LOAN0000116,CUST000444,Education Loan,177658,15.66,240,2426.47,2020-05-15,Active,No
LOAN0000117,CUST000061,Business Loan,6997378,9.48,84,114293.36,2018-10-12,Active,Yes
LOAN0000118,CUST000138,Home Loan,5087007,7.54,84,78126.38,2021-03-01,Active,Yes
LOAN0000119,CUST000117,Home Loan,3891425,7.88,24,175785.71,2020-12-13,Closed,Yes
LOAN0000120,CUST000667,Education Loan,4294500,7.49,180,39786.15,2019-10-24,Active,Yes
LOAN0000121,CUST000623,Home Loan,6562065,11.61,36,216734.15,2018-01-09,Active,Yes
LOAN0000122,CUST000489,Personal Loan,473396,18.3,48,13980.33,2020-10-30,Closed,Yes
LOAN0000123,CUST000437,Personal Loan,4812091,13.8,48,131015.22,2024-07-22,Active,Yes
LOAN0000124,CUST000100,Gold Loan,762781,8.98,180,7727.56,2022-09-26,Active,No
LOAN0000125,CUST000133,Home Loan,5515006,11.02,84,94488.34,2023-12-31,Active,Yes
LOAN0000126,CUST000870,Home Loan,7418566,14.85,60,175903.59,2018-12-20,Active,No
LOAN0000127,CUST000419,Business Loan,6357966,17.46,24,315759.33,2020-03-18,Closed,Yes
LOAN0000128,CUST000009,Home Loan,6928404,13.13,12,619248.82,2023-12-07,Under Review,Yes
LOAN0000129,CUST000907,Personal Loan,3481957,9.5,180,36359.45,2018-04-25,Under Review,No
LOAN0000130,CUST000801,Home Loan,3655543,8.94,48,90864.23,2021-10-16,Active,No
LOAN0000131,CUST000818,Education Loan,1357435,13.68,240,16565.43,2023-07-17,Active,Yes
LOAN0000132,CUST000652,Business Loan,219734,8.66,12,19181.44,2023-09-14,Closed,Yes
LOAN0000133,CUST000381,Car Loan,2693894,16.81,240,39125.29,2021-04-16,Active,Yes
LOAN0000134,CUST000761,Education Loan,1410367,12.44,240,15964.14,2025-11-28,Active,No
LOAN0000135,CUST000825,Personal Loan,2167622,8.05,240,18198.37,2025-10-14,Active,No
LOAN0000136,CUST000148,Personal Loan,2897344,12.13,48,76483.25,2021-06-06,Active,No
LOAN0000137,CUST000160,Education Loan,4051231,12.81,240,46915.95,2025-06-01,Active,Yes
LOAN0000138,CUST000679,Home Loan,2676877,12.63,48,71323.3,2018-03-19,Closed,No
LOAN0000139,CUST000562,Personal Loan,2299485,16.18,12,208830.17,2021-07-13,Active,Yes
LOAN0000140,CUST000530,Education Loan,1666285,12.9,84,30222.48,2021-02-27,Active,No
LOAN0000141,CUST000958,Business Loan,4078368,11.36,12,361138.14,2023-05-09,Active,Yes
LOAN0000142,CUST000406,Business Loan,1471294,8.68,240,12936.34,2021-06-26,Active,Yes
LOAN0000143,CUST000181,Gold Loan,797963,9.79,12,70075.71,2021-10-12,Active,No
LOAN0000144,CUST000627,Gold Loan,1407614,12.61,36,47164.09,2020-08-07,Active,Yes
LOAN0000145,CUST000640,Car Loan,1694316,10.16,48,43102.54,2025-10-21,Active,Yes
LOAN0000146,CUST000266,Education Loan,3485318,9.69,60,73522.2,2021-02-13,Active,Yes
LOAN0000147,CUST000833,Business Loan,1378072,11.58,24,64600.67,2023-09-11,Active,No
LOAN0000148,CUST000506,Business Loan,1479116,12.75,84,26707.4,2024-05-21,Active,No
LOAN0000149,CUST000617,Business Loan,3239519,7.24,180,29554.11,2023-04-28,Active,No
LOAN0000150,CUST000446,Personal Loan,1411109,15.51,180,20244.92,2018-10-17,Active,No
LOAN0000151,CUST000269,Gold Loan,7358637,8.56,240,64139.68,2018-04-06,Active,No
LOAN0000152,CUST000544,Personal Loan,4575295,13.99,24,219651.49,2021-02-04,Active,Yes
LOAN0000153,CUST000671,Business Loan,5240067,10.45,24,242892.3,2023-05-17,Active,No
LOAN0000154,CUST000380,Business Loan,795701,14.43,240,10144.17,2022-06-16,Active,Yes
LOAN0000155,CUST000470,Education Loan,3482614,14.46,48,95973.13,2025-06-21,Active,Yes
LOAN0000156,CUST000792,Education Loan,6181984,16.92,36,220158.54,2025-02-13,Active,No
LOAN0000157,CUST000366,Business Loan,6652333,15.23,24,323276.75,2024-01-24,Defaulted,No
LOAN0000158,CUST000238,Personal Loan,6812086,10.87,60,147670.0,2021-08-06,Closed,No
LOAN0000159,CUST000914,Home Loan,3651701,14.74,180,50460.01,2022-11-02,Active,Yes
LOAN0000160,CUST000227,Gold Loan,4014590,13.6,24,191994.29,2023-10-20,Active,No
LOAN0000161,CUST000615,Business Loan,4204717,7.62,12,365023.38,2021-06-21,Closed,No
LOAN0000162,CUST000573,Personal Loan,1078199,9.86,60,22834.34,2025-09-09,Defaulted,No
LOAN0000163,CUST000800,Gold Loan,3029206,13.57,48,82125.61,2022-03-06,Active,No
LOAN0000164,CUST000577,Education Loan,6409508,8.14,84,100347.61,2021-09-04,Active,Yes
LOAN0000165,CUST000191,Home Loan,5894310,10.6,48,151199.08,2025-03-13,Defaulted,Yes
LOAN0000166,CUST000835,Business Loan,3988318,16.39,24,196024.48,2018-11-03,Active,No
LOAN0000167,CUST000652,Business Loan,7310825,13.32,48,197294.25,2025-04-21,Closed,Yes
LOAN0000168,CUST000224,Car Loan,531337,12.9,48,14228.08,2019-10-04,Defaulted,Yes
LOAN0000169,CUST000802,Personal Loan,1961609,14.82,24,94944.17,2026-03-08,Active,No
LOAN0000170,CUST000676,Home Loan,509130,12.48,60,11449.2,2022-04-18,Active,No
LOAN0000171,CUST000217,Business Loan,6649855,14.24,36,228052.2,2018-02-12,Closed,No
LOAN0000172,CUST000125,Home Loan,518021,10.24,240,5081.66,2022-07-20,Active,Yes
LOAN0000173,CUST000635,Gold Loan,2687220,12.36,180,32876.14,2023-05-18,Active,Yes
LOAN0000174,CUST000468,Home Loan,4367457,8.07,12,380059.59,2019-12-30,Active,Yes
LOAN0000175,CUST000556,Car Loan,6404206,18.47,36,233040.14,2020-03-21,Active,No
LOAN0000176,CUST000802,Personal Loan,4167258,16.47,84,83889.74,2021-08-25,Active,Yes
LOAN0000177,CUST000496,Home Loan,4971259,8.15,120,60709.83,2018-11-08,Active,No
LOAN0000178,CUST000983,Education Loan,302543,14.07,84,5681.36,2022-06-08,Active,Yes
LOAN0000179,CUST000821,Gold Loan,4931420,15.66,240,67353.86,2020-06-11,Active,Yes
LOAN0000180,CUST000207,Personal Loan,5066754,16.83,12,461703.37,2023-03-23,Active,No
LOAN0000181,CUST000894,Gold Loan,6147922,8.17,240,52076.04,2020-02-20,Active,Yes
LOAN0000182,CUST000021,Gold Loan,1149882,15.78,120,19104.68,2021-04-17,Active,Yes
LOAN0000183,CUST000299,Business Loan,4446861,16.44,12,404394.01,2025-04-11,Active,Yes
LOAN0000184,CUST000623,Home Loan,6099464,8.79,24,278065.11,2019-02-14,Active,Yes
LOAN0000185,CUST000303,Car Loan,6981393,17.34,24,346317.5,2020-02-13,Under Review,Yes
LOAN0000186,CUST000432,Education Loan,1202244,17.0,240,17634.52,2025-05-01,Defaulted,No
LOAN0000187,CUST000873,Personal Loan,7341369,7.2,180,66809.89,2026-01-07,Closed,Yes
LOAN0000188,CUST000648,Personal Loan,2488367,17.5,48,72447.25,2021-12-25,Active,Yes
LOAN0000189,CUST000103,Education Loan,6126414,15.01,24,297078.39,2023-01-17,Active,No
LOAN0000190,CUST000963,Gold Loan,809005,13.58,240,9814.32,2020-09-09,Active,No
LOAN0000191,CUST000564,Personal Loan,1623860,9.13,240,14746.33,2023-05-01,Closed,No
LOAN0000192,CUST000822,Personal Loan,3827435,12.46,12,340887.15,2022-06-19,Active,Yes
LOAN0000193,CUST000406,Gold Loan,1046221,12.66,36,35080.23,2023-10-26,Active,No
LOAN0000194,CUST000457,Education Loan,2044799,17.5,180,32196.96,2025-12-08,Active,Yes
LOAN0000195,CUST000791,Home Loan,5028292,11.1,180,57467.56,2021-06-09,Closed,Yes
LOAN0000196,CUST000339,Business Loan,406462,13.61,180,5306.94,2018-09-01,Active,Yes
LOAN0000197,CUST000903,Business Loan,6458606,8.22,84,101374.58,2023-11-28,Active,No
LOAN0000198,CUST000367,Personal Loan,2234476,16.65,60,55112.84,2022-07-27,Active,No
LOAN0000199,CUST000345,Personal Loan,827234,7.37,36,25682.76,2019-02-27,Active,No
LOAN0000200,CUST000220,Gold Loan,4635988,14.44,36,159439.61,2018-04-14,Under Review,No
LOAN0000201,CUST000494,Home Loan,6921202,14.18,24,332895.71,2022-07-28,Active,Yes
LOAN0000202,CUST000805,Personal Loan,3304347,13.5,180,42900.95,2021-10-21,Active,No
LOAN0000203,CUST000223,Personal Loan,7170557,17.18,36,256292.74,2023-06-04,Active,No
LOAN0000204,CUST000846,Car Loan,4298286,9.13,24,196622.56,2026-02-11,Active,Yes
LOAN0000205,CUST000993,Education Loan,4089622,12.07,84,72346.19,2019-05-27,Active,Yes
LOAN0000206,CUST000996,Business Loan,6925250,13.57,120,105742.66,2025-10-15,Active,Yes
LOAN0000207,CUST000800,Business Loan,1040330,14.36,84,19703.27,2024-10-04,Closed,No
LOAN0000208,CUST000998,Business Loan,729681,17.78,60,18441.88,2022-06-10,Active,No
LOAN0000209,CUST000781,Personal Loan,3871894,11.26,12,342674.16,2023-02-21,Active,Yes
LOAN0000210,CUST000494,Gold Loan,4426125,9.16,24,202531.46,2024-08-09,Closed,No
LOAN0000211,CUST000616,Business Loan,1141978,14.37,12,102733.83,2020-10-21,Active,No
LOAN0000212,CUST000223,Business Loan,2124664,8.22,60,43304.58,2024-01-23,Active,Yes
LOAN0000213,CUST000734,Business Loan,4003730,15.54,12,362390.89,2022-07-05,Closed,Yes
LOAN0000214,CUST000687,Car Loan,3937028,13.98,240,48900.58,2021-03-31,Closed,Yes
LOAN0000215,CUST000670,Personal Loan,6602184,11.69,60,145829.78,2023-05-25,Closed,No
LOAN0000216,CUST000980,Business Loan,4355715,7.26,24,195530.4,2019-05-30,Active,Yes
LOAN0000217,CUST000532,Gold Loan,78764,12.4,12,7012.83,2018-07-06,Active,No
LOAN0000218,CUST000531,Car Loan,939179,16.38,12,85381.49,2018-11-10,Active,No
LOAN0000219,CUST000110,Education Loan,7233821,12.36,240,81473.53,2020-10-10,Active,Yes
LOAN0000220,CUST000881,Education Loan,5213903,15.38,12,471533.5,2020-09-26,Active,Yes
LOAN0000221,CUST000078,Home Loan,817886,17.91,24,40796.67,2021-08-10,Active,Yes
LOAN0000222,CUST000524,Business Loan,1302803,13.64,36,44299.26,2022-08-08,Active,Yes
LOAN0000223,CUST000945,Education Loan,1264274,8.08,12,110023.98,2020-12-06,Closed,No
LOAN0000224,CUST000920,Home Loan,2428801,13.02,180,30762.18,2021-04-04,Active,No
LOAN0000225,CUST000101,Home Loan,5497477,10.84,24,255817.34,2019-12-11,Active,No
LOAN0000226,CUST000422,Education Loan,4035234,8.73,12,352382.13,2021-08-26,Active,No
LOAN0000227,CUST000355,Car Loan,6980923,15.02,36,242064.37,2018-01-18,Active,Yes
LOAN0000228,CUST000471,Car Loan,3406411,17.53,12,311538.3,2022-10-07,Closed,No
LOAN0000229,CUST000794,Education Loan,2162501,7.88,12,187992.6,2025-02-25,Active,No
LOAN0000230,CUST000014,Gold Loan,4675539,16.35,48,133345.69,2026-03-29,Closed,Yes
LOAN0000231,CUST000077,Car Loan,7091016,14.86,120,113795.7,2018-06-17,Closed,No
LOAN0000232,CUST000817,Car Loan,2634476,14.78,120,42149.08,2019-07-26,Active,Yes
LOAN0000233,CUST000268,Education Loan,4571127,14.43,48,125901.03,2023-11-13,Defaulted,No
LOAN0000234,CUST000258,Education Loan,3799839,15.36,120,62145.09,2018-05-13,Active,Yes
LOAN0000235,CUST000377,Education Loan,7146116,17.37,48,207571.96,2021-09-02,Active,No
LOAN0000236,CUST000272,Car Loan,2271718,13.48,36,77069.43,2021-06-30,Active,No
LOAN0000237,CUST000471,Home Loan,4958611,13.23,180,63490.73,2019-06-24,Active,Yes
LOAN0000238,CUST000603,Home Loan,1820002,8.55,240,15852.04,2024-01-06,Active,No
LOAN0000239,CUST000374,Business Loan,5521913,16.71,12,502865.07,2025-09-09,Active,Yes
LOAN0000240,CUST000787,Business Loan,516256,16.95,240,7552.82,2023-12-09,Active,Yes
LOAN0000241,CUST000175,Gold Loan,3062277,17.24,36,109544.65,2023-08-30,Active,No
LOAN0000242,CUST000655,Gold Loan,7389890,10.2,60,157741.54,2023-06-01,Closed,No
LOAN0000243,CUST000672,Home Loan,7498944,10.55,84,126632.77,2023-12-13,Active,Yes
LOAN0000244,CUST000311,Education Loan,493076,13.71,84,9161.44,2019-01-15,Under Review,No
LOAN0000245,CUST000076,Gold Loan,7107186,12.19,60,158778.66,2019-12-27,Closed,No
LOAN0000246,CUST000042,Business Loan,1217941,7.73,12,105794.79,2018-12-20,Closed,No
LOAN0000247,CUST000174,Personal Loan,4578973,17.66,12,419059.64,2026-03-13,Active,No
LOAN0000248,CUST000470,Home Loan,3093864,9.09,120,39342.62,2020-09-28,Closed,No
LOAN0000249,CUST000964,Business Loan,6908179,12.66,240,79267.15,2024-07-22,Active,No
LOAN0000250,CUST000043,Business Loan,1694567,16.37,60,41542.46,2023-04-19,Active,Yes
LOAN0000251,CUST000475,Education Loan,4874537,11.32,48,126743.81,2022-06-21,Active,Yes
LOAN0000252,CUST000191,Personal Loan,4477724,13.65,240,54546.86,2023-03-31,Active,Yes
LOAN0000253,CUST000862,Education Loan,4907302,12.63,48,130751.23,2022-07-22,Active,Yes
LOAN0000254,CUST000218,Car Loan,1497181,16.43,84,30104.94,2024-12-11,Active,No
LOAN0000255,CUST000428,Car Loan,5055720,15.79,84,99813.29,2021-07-22,Under Review,Yes
LOAN0000256,CUST000059,Business Loan,3017329,9.62,240,28362.33,2021-04-18,Active,No
LOAN0000257,CUST000009,Car Loan,4015641,17.58,48,117079.98,2026-01-28,Active,No
LOAN0000258,CUST000138,Gold Loan,4927238,16.12,24,241535.51,2024-07-08,Active,No
LOAN0000259,CUST000954,Car Loan,4545426,16.31,36,160500.23,2025-01-03,Active,Yes
LOAN0000260,CUST000659,Gold Loan,324294,17.06,240,4771.55,2018-05-23,Active,No
LOAN0000261,CUST000791,Personal Loan,3327735,17.77,36,119921.99,2025-12-25,Active,Yes
LOAN0000262,CUST000724,Home Loan,1981756,7.66,24,89322.46,2022-07-26,Active,Yes
LOAN0000263,CUST000073,Car Loan,3386872,14.95,84,65260.66,2022-04-13,Active,No
LOAN0000264,CUST000236,Car Loan,5632502,8.76,12,491943.97,2024-05-07,Closed,Yes
LOAN0000265,CUST000311,Business Loan,5244470,18.41,180,86009.63,2022-01-18,Active,No
LOAN0000266,CUST000086,Home Loan,4969195,13.66,180,65045.6,2021-09-26,Closed,Yes
LOAN0000267,CUST000728,Personal Loan,4370685,17.6,180,69132.24,2024-08-07,Active,Yes
LOAN0000268,CUST000188,Personal Loan,2959394,11.78,24,139005.1,2026-03-19,Closed,No
LOAN0000269,CUST000108,Home Loan,4216466,8.91,120,53207.25,2020-10-31,Active,Yes
LOAN0000270,CUST000610,Personal Loan,6390816,17.59,36,229731.0,2019-07-18,Active,No
LOAN0000271,CUST000633,Car Loan,1775135,12.42,120,25900.88,2019-07-27,Active,No
LOAN0000272,CUST000420,Car Loan,4413289,12.73,36,148127.85,2023-02-24,Active,No
LOAN0000273,CUST000237,Car Loan,6982896,16.35,120,118500.29,2021-12-28,Active,Yes
LOAN0000274,CUST000215,Gold Loan,3205939,17.82,12,293645.9,2022-08-31,Active,No
LOAN0000275,CUST000465,Gold Loan,7067151,12.95,36,237950.08,2024-02-24,Active,Yes
LOAN0000276,CUST000158,Business Loan,4540341,17.04,120,79025.18,2019-07-24,Active,Yes
LOAN0000277,CUST000385,Car Loan,7421130,12.07,84,131281.2,2018-08-16,Active,No
LOAN0000278,CUST000499,Business Loan,3426665,16.14,24,168009.49,2023-01-17,Active,No
LOAN0000279,CUST000751,Car Loan,7297988,11.75,60,161419.24,2024-01-12,Active,Yes
LOAN0000280,CUST000090,Personal Loan,2768825,11.73,180,32751.12,2020-08-25,Active,No
LOAN0000281,CUST000133,Education Loan,4113768,10.56,84,69489.62,2023-02-02,Active,Yes
LOAN0000282,CUST000582,Gold Loan,5365857,11.84,24,252188.78,2023-09-30,Active,Yes
LOAN0000283,CUST000758,Car Loan,4904147,8.06,24,221935.51,2022-05-01,Active,Yes
LOAN0000284,CUST000840,Education Loan,3539369,13.09,240,41693.52,2019-06-16,Active,Yes
LOAN0000285,CUST000931,Car Loan,3019190,12.43,60,67818.1,2024-07-18,Active,Yes
LOAN0000286,CUST000622,Personal Loan,409187,17.01,120,7114.17,2022-12-21,Active,Yes
LOAN0000287,CUST000882,Business Loan,3133906,12.83,84,56722.66,2024-09-30,Active,No
LOAN0000288,CUST000036,Car Loan,1911513,13.56,240,23161.69,2025-05-13,Defaulted,No
LOAN0000289,CUST000792,Car Loan,3053143,11.01,12,269856.08,2022-05-30,Active,No
LOAN0000290,CUST000244,Business Loan,4851962,18.43,60,124345.72,2024-06-26,Closed,No
LOAN0000291,CUST000119,Personal Loan,5505555,7.22,36,170549.89,2021-03-25,Closed,Yes
LOAN0000292,CUST000473,Gold Loan,1189738,17.23,120,20851.09,2019-02-05,Active,Yes
LOAN0000293,CUST000167,Education Loan,6615336,10.86,36,216139.29,2025-12-09,Active,No
LOAN0000294,CUST000724,Personal Loan,3351782,17.0,36,119500.17,2018-05-09,Closed,No
LOAN0000295,CUST000594,Home Loan,6195115,15.47,120,101739.42,2021-05-11,Active,No
LOAN0000296,CUST000137,Gold Loan,1372581,10.65,60,29604.21,2023-11-04,Active,No
LOAN0000297,CUST000197,Home Loan,4582237,10.65,48,117652.97,2018-06-09,Active,Yes
LOAN0000298,CUST000202,Personal Loan,705729,10.24,48,17980.56,2020-08-27,Active,No
LOAN0000299,CUST000687,Personal Loan,5895012,12.67,84,106187.07,2018-02-25,Active,Yes
LOAN0000300,CUST000870,Business Loan,56857,9.85,60,1203.85,2020-10-21,Active,Yes
LOAN0000301,CUST000236,Personal Loan,6711819,14.35,60,157392.84,2025-10-21,Active,No
LOAN0000302,CUST000570,Personal Loan,1825591,17.54,48,53188.92,2023-05-13,Active,No
LOAN0000303,CUST000203,Business Loan,6270680,8.79,240,55574.82,2024-02-13,Under Review,Yes
LOAN0000304,CUST000921,Car Loan,5479751,13.68,120,84030.99,2023-02-03,Defaulted,Yes
LOAN0000305,CUST000091,Home Loan,841367,9.49,36,26947.53,2018-01-07,Active,No
LOAN0000306,CUST000259,Personal Loan,3412947,13.74,84,63469.47,2018-03-22,Active,Yes
LOAN0000307,CUST000820,Business Loan,5840055,12.06,60,130085.94,2022-10-17,Active,No
LOAN0000308,CUST000239,Education Loan,6350782,10.97,24,295907.77,2022-09-12,Under Review,Yes
LOAN0000309,CUST000317,Gold Loan,1687037,15.29,180,23947.54,2025-05-02,Active,No
LOAN0000310,CUST000282,Home Loan,1086206,15.21,12,98146.79,2022-03-05,Active,Yes
LOAN0000311,CUST000919,Car Loan,2256722,9.7,120,29449.11,2020-08-13,Active,Yes
LOAN0000312,CUST000901,Business Loan,1504507,12.07,120,21646.23,2024-08-20,Active,Yes
LOAN0000313,CUST000959,Education Loan,4641672,16.88,180,71041.14,2023-05-07,Closed,No
LOAN0000314,CUST000242,Home Loan,6459267,15.08,36,224165.75,2023-07-16,Active,No
LOAN0000315,CUST000218,Business Loan,6126277,9.94,180,65608.6,2021-11-17,Active,No
LOAN0000316,CUST000666,Home Loan,4660235,16.35,12,423599.37,2021-04-02,Active,Yes
LOAN0000317,CUST000638,Education Loan,3427798,7.26,48,82497.01,2020-11-06,Active,Yes
LOAN0000318,CUST000512,Personal Loan,4607254,11.73,84,80666.88,2021-10-09,Active,Yes
LOAN0000319,CUST000098,Car Loan,2705417,16.83,48,77827.18,2018-04-19,Active,No
LOAN0000320,CUST000093,Home Loan,6879596,12.65,120,101304.44,2023-03-09,Active,Yes
LOAN0000321,CUST000628,Gold Loan,7301430,17.33,12,667069.11,2021-02-25,Closed,Yes
LOAN0000322,CUST000463,Home Loan,638652,14.87,12,57604.48,2025-12-02,Closed,Yes
LOAN0000323,CUST000127,Car Loan,5427988,12.39,24,256503.95,2021-06-20,Active,No
LOAN0000324,CUST000147,Car Loan,6227473,18.49,180,102491.68,2025-05-05,Active,Yes
LOAN0000325,CUST000223,Business Loan,7410462,18.39,36,269357.99,2025-07-24,Closed,No
LOAN0000326,CUST000294,Car Loan,1403102,14.26,48,38525.08,2020-10-23,Closed,No
LOAN0000327,CUST000269,Education Loan,1421661,18.49,120,26066.39,2025-08-01,Closed,No
LOAN0000328,CUST000988,Car Loan,6682615,12.5,60,150345.06,2018-02-16,Active,Yes
LOAN0000329,CUST000045,Business Loan,2642811,10.42,48,67562.83,2018-07-16,Active,Yes
LOAN0000330,CUST000331,Car Loan,5101835,10.41,36,165605.68,2019-03-27,Active,Yes
LOAN0000331,CUST000425,Education Loan,5802089,15.46,60,139436.22,2020-07-16,Active,Yes
LOAN0000332,CUST000998,Personal Loan,1075273,14.29,12,96692.45,2026-02-26,Closed,No
LOAN0000333,CUST000159,Personal Loan,1328428,7.94,48,32393.41,2019-10-29,Active,Yes
LOAN0000334,CUST000292,Gold Loan,1444969,10.66,24,67119.02,2021-02-15,Active,No
LOAN0000335,CUST000115,Education Loan,4932384,9.3,48,123446.41,2020-09-13,Active,Yes
LOAN0000336,CUST000630,Business Loan,1152775,15.34,84,22465.29,2020-04-03,Active,Yes
LOAN0000337,CUST000403,Home Loan,6885388,13.85,36,234824.93,2018-03-06,Closed,No
LOAN0000338,CUST000370,Business Loan,2347961,8.49,12,204777.78,2023-02-23,Active,Yes
LOAN0000339,CUST000752,Gold Loan,7007983,7.94,120,84804.15,2019-08-26,Active,Yes
LOAN0000340,CUST000494,Home Loan,5685855,9.69,36,182640.12,2025-11-30,Active,Yes
LOAN0000341,CUST000437,Business Loan,4609066,13.1,24,219339.95,2025-08-01,Active,Yes
LOAN0000342,CUST000151,Education Loan,883182,11.35,36,29060.85,2023-05-09,Active,No
LOAN0000343,CUST000117,Education Loan,6547991,7.66,84,100952.75,2018-04-23,Active,No
LOAN0000344,CUST000592,Education Loan,2613511,10.56,36,85019.45,2022-02-28,Active,Yes
LOAN0000345,CUST000137,Gold Loan,315715,9.67,60,6656.86,2020-06-01,Active,No
LOAN0000346,CUST000275,Home Loan,4790342,12.18,48,126571.86,2021-03-10,Active,No
LOAN0000347,CUST000993,Business Loan,4297264,15.65,12,389183.06,2018-07-16,Closed,Yes
LOAN0000348,CUST000899,Gold Loan,5161704,17.37,36,184980.72,2018-10-14,Active,No
LOAN0000349,CUST000105,Car Loan,7067200,14.22,240,89013.57,2019-09-05,Closed,No
LOAN0000350,CUST000674,Home Loan,6125449,16.97,36,218297.52,2025-08-20,Active,Yes
LOAN0000351,CUST000940,Gold Loan,4840370,7.8,12,420608.71,2022-08-30,Under Review,No
LOAN0000352,CUST000766,Car Loan,4196370,16.07,48,119076.8,2024-09-09,Active,Yes
LOAN0000353,CUST000390,Home Loan,3690147,10.6,24,171305.28,2023-09-29,Active,No
LOAN0000354,CUST000281,Personal Loan,915665,10.73,180,10252.7,2025-05-28,Active,Yes
LOAN0000355,CUST000566,Car Loan,1223357,15.71,48,34488.85,2019-12-22,Active,Yes
LOAN0000356,CUST000879,Education Loan,3404577,14.14,60,79465.88,2023-05-01,Active,Yes
LOAN0000357,CUST000753,Education Loan,4000360,14.54,84,76165.18,2023-02-14,Active,No
LOAN0000358,CUST000594,Education Loan,6515851,8.79,24,297047.55,2025-09-27,Closed,Yes
LOAN0000359,CUST000900,Car Loan,4095916,17.71,24,203911.46,2022-10-23,Under Review,No
LOAN0000360,CUST000915,Personal Loan,3482414,15.37,48,97572.59,2019-07-18,Closed,No
LOAN0000361,CUST000556,Personal Loan,4114165,8.68,12,359179.58,2021-09-29,Active,No
LOAN0000362,CUST000554,Personal Loan,460614,12.86,120,6839.48,2025-12-07,Active,No
LOAN0000363,CUST000359,Car Loan,334304,8.2,84,5243.91,2020-05-17,Active,No
LOAN0000364,CUST000213,Home Loan,5312791,14.16,60,124060.49,2023-09-23,Active,No
LOAN0000365,CUST000954,Gold Loan,4177759,14.74,120,66738.22,2025-09-03,Active,No
LOAN0000366,CUST000722,Home Loan,3766679,9.29,24,172581.38,2021-10-02,Closed,No
LOAN0000367,CUST000718,Business Loan,1570194,17.92,12,143895.6,2018-02-27,Defaulted,No
LOAN0000368,CUST000514,Education Loan,1422205,11.66,24,66722.54,2024-09-27,Closed,Yes
LOAN0000369,CUST000593,Education Loan,6000677,10.67,120,81542.4,2025-05-13,Active,No
LOAN0000370,CUST000804,Home Loan,6350626,8.91,48,157764.34,2023-04-21,Active,No
LOAN0000371,CUST000614,Gold Loan,791230,16.74,48,22724.68,2019-08-06,Active,No
LOAN0000372,CUST000600,Car Loan,671942,11.78,24,31561.65,2019-11-27,Closed,Yes
LOAN0000373,CUST000725,Car Loan,5639845,11.84,24,265065.88,2018-06-28,Active,No
LOAN0000374,CUST000104,Gold Loan,748922,14.18,180,10064.44,2022-09-30,Active,No
LOAN0000375,CUST000962,Business Loan,3423272,12.61,24,162122.2,2024-06-10,Active,No
LOAN0000376,CUST000040,Gold Loan,460361,10.64,120,6248.02,2023-09-07,Closed,No
LOAN0000377,CUST000453,Gold Loan,2552003,15.71,120,42289.33,2023-02-04,Under Review,Yes
LOAN0000378,CUST000340,Personal Loan,4388737,15.53,36,153278.54,2022-10-11,Active,Yes
LOAN0000379,CUST000443,Business Loan,1334674,9.27,120,17102.73,2021-05-06,Active,Yes
LOAN0000380,CUST000268,Home Loan,4065531,11.75,84,71225.33,2022-11-10,Closed,Yes
LOAN0000381,CUST000160,Home Loan,816718,13.83,24,39147.43,2024-06-30,Active,No
LOAN0000382,CUST000337,Business Loan,3232151,12.73,84,58325.77,2024-07-16,Active,No
LOAN0000383,CUST000415,Education Loan,945733,10.25,120,12629.22,2020-02-15,Active,No
LOAN0000384,CUST000526,Car Loan,2827384,12.67,60,63855.05,2019-05-18,Active,No
LOAN0000385,CUST000115,Gold Loan,3905933,9.68,180,41212.02,2025-07-02,Active,No
LOAN0000386,CUST000231,Car Loan,5377575,11.62,48,140610.92,2018-02-17,Active,Yes
LOAN0000387,CUST000015,Personal Loan,6480299,15.73,84,127717.58,2018-05-23,Active,Yes
LOAN0000388,CUST000634,Gold Loan,4793705,7.83,84,74310.35,2024-04-09,Active,No
LOAN0000389,CUST000639,Gold Loan,3552902,17.96,84,74591.04,2021-12-17,Closed,No
LOAN0000390,CUST000655,Personal Loan,849058,10.42,180,9343.41,2018-03-10,Active,Yes
LOAN0000391,CUST000529,Gold Loan,3474667,17.91,12,318408.64,2018-04-03,Active,Yes
LOAN0000392,CUST000420,Gold Loan,6696878,12.05,180,80589.34,2021-01-08,Active,Yes
LOAN0000393,CUST000079,Personal Loan,7462231,8.85,180,75022.5,2022-10-01,Closed,Yes
LOAN0000394,CUST000041,Home Loan,4114969,12.55,12,366669.62,2025-08-28,Active,Yes
LOAN0000395,CUST000273,Car Loan,6131364,12.53,120,89856.01,2021-07-25,Active,Yes
LOAN0000396,CUST000800,Personal Loan,345309,13.29,12,30889.06,2019-12-29,Active,No
LOAN0000397,CUST000123,Personal Loan,1888788,9.44,120,24378.45,2022-02-24,Closed,No
LOAN0000398,CUST000080,Home Loan,2349474,16.94,84,47931.96,2024-01-19,Active,No
LOAN0000399,CUST000672,Home Loan,6372727,9.7,36,204733.56,2020-03-22,Active,No
LOAN0000400,CUST000555,Education Loan,6298503,17.38,60,157823.84,2020-01-27,Active,Yes
LOAN0000401,CUST000323,Education Loan,6693216,14.3,24,322310.0,2022-11-08,Closed,No
LOAN0000402,CUST000057,Car Loan,7339082,12.16,60,163847.83,2020-07-01,Closed,No
LOAN0000403,CUST000528,Personal Loan,1531980,8.96,84,24617.06,2021-01-28,Closed,Yes
LOAN0000404,CUST000523,Gold Loan,60269,7.26,60,1200.81,2022-08-08,Active,No
LOAN0000405,CUST000686,Home Loan,2572357,7.34,84,39252.7,2025-10-11,Active,No
LOAN0000406,CUST000416,Business Loan,5066672,17.65,36,182283.97,2025-01-28,Active,No
LOAN0000407,CUST000094,Education Loan,6269457,9.07,84,101092.65,2019-07-02,Active,Yes
LOAN0000408,CUST000197,Education Loan,3643121,8.35,24,165350.65,2025-08-15,Active,No
LOAN0000409,CUST000926,Education Loan,5060446,16.73,240,73189.42,2019-12-06,Closed,No
LOAN0000410,CUST000199,Gold Loan,7123305,14.81,36,246269.44,2020-05-08,Active,Yes
LOAN0000411,CUST000096,Education Loan,7378958,18.33,24,369565.49,2019-12-09,Active,Yes
LOAN0000412,CUST000399,Car Loan,3949117,16.78,36,140364.78,2020-08-13,Active,Yes
LOAN0000413,CUST000766,Gold Loan,5113699,9.0,240,46009.28,2019-06-14,Active,Yes
LOAN0000414,CUST000295,Business Loan,2745010,15.2,240,36552.31,2023-04-29,Active,Yes
LOAN0000415,CUST000847,Personal Loan,1225400,16.95,24,60557.11,2020-11-14,Active,Yes
LOAN0000416,CUST000151,Gold Loan,2385638,17.29,48,69196.14,2024-12-15,Closed,Yes
LOAN0000417,CUST000514,Business Loan,3238395,11.56,84,56407.32,2026-03-30,Active,Yes
LOAN0000418,CUST000209,Personal Loan,2314154,16.39,48,66046.92,2020-07-23,Closed,No
LOAN0000419,CUST000876,Car Loan,4179978,8.04,180,40042.63,2020-05-20,Active,Yes
LOAN0000420,CUST000175,Education Loan,1969924,9.98,180,21144.81,2023-12-20,Closed,Yes
LOAN0000421,CUST000773,Gold Loan,4593600,16.09,120,77206.67,2018-03-18,Active,No
LOAN0000422,CUST000776,Business Loan,5957634,8.38,48,146508.28,2019-01-27,Active,Yes
LOAN0000423,CUST000530,Business Loan,7274008,17.29,120,127760.37,2021-09-13,Active,No
LOAN0000424,CUST000423,Education Loan,7498975,13.95,12,673134.94,2022-04-20,Defaulted,Yes
LOAN0000425,CUST000823,Home Loan,2113669,16.98,60,52507.39,2022-06-25,Closed,Yes
LOAN0000426,CUST000038,Business Loan,6063308,13.37,180,78197.57,2023-02-25,Closed,No
LOAN0000427,CUST000417,Car Loan,2214050,13.52,240,26763.75,2023-01-11,Active,No
LOAN0000428,CUST000514,Gold Loan,4423182,11.91,48,116283.99,2024-06-03,Closed,No
LOAN0000429,CUST000633,Home Loan,3705394,15.29,60,88716.12,2025-08-15,Active,No
LOAN0000430,CUST000913,Education Loan,3382969,17.25,120,59332.21,2020-11-08,Defaulted,No
LOAN0000431,CUST000841,Education Loan,2390974,15.72,24,116749.9,2022-03-16,Active,Yes
LOAN0000432,CUST000734,Gold Loan,539706,13.87,180,7140.41,2021-07-17,Active,Yes
LOAN0000433,CUST000472,Gold Loan,2118641,13.23,48,57079.98,2021-12-23,Active,Yes
LOAN0000434,CUST000715,Gold Loan,7178696,10.83,180,80828.16,2024-03-10,Active,No
LOAN0000435,CUST000552,Home Loan,262472,12.64,180,3258.98,2025-06-24,Active,Yes
LOAN0000436,CUST000745,Business Loan,3247586,17.13,24,160770.94,2018-03-18,Active,No
LOAN0000437,CUST000622,Education Loan,2521817,13.36,60,57844.9,2021-06-18,Active,No
LOAN0000438,CUST000906,Personal Loan,2017173,12.54,120,29573.74,2022-10-05,Closed,Yes
LOAN0000439,CUST000439,Education Loan,1173223,16.91,60,29100.87,2020-02-23,Active,No
LOAN0000440,CUST000166,Gold Loan,2042081,13.96,240,25334.4,2020-10-01,Defaulted,Yes
LOAN0000441,CUST000849,Home Loan,2758117,17.93,36,99615.71,2020-09-19,Active,Yes
LOAN0000442,CUST000527,Car Loan,2477652,15.11,120,40140.25,2023-01-21,Closed,Yes
LOAN0000443,CUST000209,Car Loan,6715966,7.58,60,134829.64,2018-08-20,Closed,Yes
LOAN0000444,CUST000173,Gold Loan,4759034,10.89,180,53762.77,2024-04-23,Defaulted,No
LOAN0000445,CUST000605,Home Loan,2303782,12.23,12,204936.2,2025-03-25,Active,Yes
LOAN0000446,CUST000680,Business Loan,5793756,10.47,24,268611.02,2023-06-08,Active,Yes
LOAN0000447,CUST000320,Home Loan,2043883,17.5,48,59506.37,2023-04-21,Closed,Yes
LOAN0000448,CUST000115,Car Loan,1646357,15.29,84,32037.81,2021-09-30,Active,No
LOAN0000449,CUST000276,Car Loan,2892318,10.6,84,48917.32,2019-08-30,Active,No
LOAN0000450,CUST000593,Business Loan,3296339,10.47,36,107092.45,2021-02-13,Active,Yes
LOAN0000451,CUST000701,Business Loan,1147872,15.07,36,39830.72,2024-07-14,Active,No
LOAN0000452,CUST000270,Education Loan,7246992,11.84,240,78988.73,2026-02-14,Under Review,No
LOAN0000453,CUST000324,Gold Loan,6393616,7.63,36,199263.17,2022-02-10,Active,Yes
LOAN0000454,CUST000843,Car Loan,404556,16.26,180,6015.21,2021-11-30,Active,No
LOAN0000455,CUST000727,Car Loan,5035329,11.62,84,87867.3,2019-03-13,Active,Yes
LOAN0000456,CUST000839,Business Loan,342300,17.53,84,7100.42,2026-02-15,Active,No
LOAN0000457,CUST000216,Business Loan,3102659,15.87,120,51722.53,2018-06-18,Active,No
LOAN0000458,CUST000426,Education Loan,3138832,14.57,180,43009.96,2021-02-03,Closed,Yes
LOAN0000459,CUST000593,Personal Loan,2252206,11.51,84,39169.84,2024-11-10,Active,No
LOAN0000460,CUST000079,Business Loan,701741,17.49,36,25190.45,2025-11-25,Closed,Yes
LOAN0000461,CUST000721,Business Loan,566410,14.03,180,7554.54,2022-02-28,Active,Yes
LOAN0000462,CUST000987,Education Loan,6349140,16.3,180,94581.26,2021-09-07,Closed,Yes
LOAN0000463,CUST000637,Personal Loan,1684616,12.32,48,44627.54,2019-12-14,Active,No
LOAN0000464,CUST000451,Business Loan,5351997,18.03,36,193568.07,2024-05-02,Closed,No
LOAN0000465,CUST000772,Home Loan,1556801,12.9,12,138976.2,2021-09-05,Closed,No
LOAN0000466,CUST000271,Personal Loan,2047738,8.66,180,20357.4,2019-10-04,Defaulted,No
LOAN0000467,CUST000011,Personal Loan,4010124,13.22,120,60396.94,2021-01-13,Active,Yes
LOAN0000468,CUST000676,Personal Loan,1022656,15.97,120,17111.72,2018-10-21,Closed,No
LOAN0000469,CUST000368,Personal Loan,6081927,15.54,240,82523.26,2025-04-16,Active,No
LOAN0000470,CUST000952,Home Loan,2733327,10.94,36,89407.98,2021-12-15,Active,Yes
LOAN0000471,CUST000191,Education Loan,2410468,15.56,180,34665.89,2025-08-17,Active,No
LOAN0000472,CUST000271,Home Loan,2425314,17.38,84,50097.31,2020-10-15,Closed,Yes
LOAN0000473,CUST000232,Education Loan,4477069,11.46,36,147550.7,2018-05-22,Active,No
LOAN0000474,CUST000001,Gold Loan,6836402,8.61,24,311097.38,2020-08-29,Active,No
LOAN0000475,CUST000477,Gold Loan,4930453,16.34,60,120791.56,2024-02-05,Active,No
LOAN0000476,CUST000109,Business Loan,5144902,8.35,60,105183.99,2019-03-27,Under Review,Yes
LOAN0000477,CUST000988,Gold Loan,812701,15.7,84,16003.37,2018-02-28,Active,No
LOAN0000478,CUST000829,Gold Loan,5534167,8.05,12,481536.44,2023-08-03,Active,Yes
LOAN0000479,CUST000913,Business Loan,3572111,7.9,120,43151.04,2019-03-24,Active,No
LOAN0000480,CUST000622,Car Loan,5919307,13.01,36,199473.36,2018-02-22,Active,No
LOAN0000481,CUST000472,Car Loan,2164351,10.22,24,100093.73,2018-05-10,Active,Yes
LOAN0000482,CUST000921,Car Loan,4444770,11.29,36,146127.24,2023-01-21,Active,Yes
LOAN0000483,CUST000862,Education Loan,2162164,16.9,24,106798.42,2024-05-03,Closed,Yes
LOAN0000484,CUST000083,Personal Loan,6043760,13.02,240,70893.35,2025-07-25,Under Review,No
LOAN0000485,CUST000512,Home Loan,3283536,17.63,24,163341.17,2018-06-23,Active,Yes
LOAN0000486,CUST000042,Personal Loan,1678568,14.57,180,23000.64,2018-01-06,Active,No
LOAN0000487,CUST000780,Home Loan,3179825,11.33,84,54999.65,2020-08-10,Active,No
LOAN0000488,CUST000270,Gold Loan,1311588,16.96,48,37818.79,2025-08-12,Active,Yes
LOAN0000489,CUST000113,Gold Loan,6801292,18.28,120,123777.88,2024-07-02,Active,No
LOAN0000490,CUST000949,Home Loan,3065708,17.76,12,280714.04,2024-04-20,Defaulted,No
LOAN0000491,CUST000035,Education Loan,3461176,11.94,180,41406.42,2024-10-23,Closed,Yes
LOAN0000492,CUST000945,Education Loan,4506210,9.75,60,95190.28,2022-06-09,Active,No
LOAN0000493,CUST000965,Personal Loan,4262053,15.44,12,385571.17,2020-06-04,Defaulted,No
LOAN0000494,CUST000660,Personal Loan,1655678,7.89,180,15717.56,2024-11-16,Active,No
LOAN0000495,CUST000386,Gold Loan,6778959,7.34,12,587624.33,2019-01-29,Active,Yes
LOAN0000496,CUST000461,Personal Loan,1580526,7.31,120,18604.76,2025-09-07,Active,No
LOAN0000497,CUST000807,Business Loan,2414962,13.21,12,215935.83,2018-08-24,Active,No
LOAN0000498,CUST000891,Car Loan,3649754,12.62,36,122307.68,2024-02-28,Active,No
LOAN0000499,CUST000291,Personal Loan,7315569,7.53,24,329297.43,2025-11-21,Active,No
LOAN0000500,CUST000584,Business Loan,4489827,13.35,180,57845.08,2025-02-14,Active,Yes
LOAN0000501,CUST000553,Gold Loan,6807223,9.72,24,313239.81,2020-07-30,Active,Yes
LOAN0000502,CUST000632,Home Loan,2454965,7.5,60,49192.46,2021-12-17,Active,Yes
LOAN0000503,CUST000164,Gold Loan,6672235,10.89,60,144704.8,2018-07-16,Active,Yes
LOAN0000504,CUST000990,Car Loan,1820447,12.98,240,21301.98,2019-08-10,Closed,No
LOAN0000505,CUST000139,Personal Loan,3517562,8.12,240,29685.54,2021-09-06,Active,No
LOAN0000506,CUST000809,Education Loan,5012425,17.3,24,248548.78,2019-10-07,Under Review,No
LOAN0000507,CUST000979,Home Loan,4106684,17.56,240,61991.81,2020-12-18,Active,Yes
LOAN0000508,CUST000674,Business Loan,4759006,9.21,12,416645.69,2021-05-17,Closed,Yes
LOAN0000509,CUST000589,Personal Loan,6989790,16.54,60,171990.12,2026-02-17,Active,No
LOAN0000510,CUST000261,Car Loan,1584586,9.91,60,33597.64,2019-05-18,Active,No
LOAN0000511,CUST000981,Home Loan,1468416,12.87,24,69721.54,2022-05-24,Closed,No
LOAN0000512,CUST000988,Gold Loan,5708873,18.14,12,523769.88,2019-06-12,Active,Yes
LOAN0000513,CUST000264,Education Loan,486764,12.42,120,7102.34,2020-01-14,Closed,Yes
LOAN0000514,CUST000835,Personal Loan,3818675,10.04,36,123289.63,2021-11-13,Active,Yes
LOAN0000515,CUST000552,Car Loan,2022651,13.82,48,55089.47,2020-04-20,Active,Yes
LOAN0000516,CUST000178,Home Loan,388996,13.56,12,34846.35,2026-03-22,Closed,No
LOAN0000517,CUST000561,Home Loan,287698,14.83,180,3993.14,2022-03-18,Active,Yes
LOAN0000518,CUST000698,Personal Loan,3251215,7.86,36,101671.41,2024-10-03,Active,No
LOAN0000519,CUST000117,Education Loan,892909,13.17,180,11397.52,2022-05-04,Active,No
LOAN0000520,CUST000815,Personal Loan,5956233,15.1,84,115270.4,2025-06-25,Under Review,Yes
LOAN0000521,CUST000906,Business Loan,6626512,7.63,240,53910.71,2025-10-06,Active,No
LOAN0000522,CUST000530,Car Loan,6641270,16.05,12,602725.27,2020-05-01,Active,Yes
LOAN0000523,CUST000450,Gold Loan,3795945,9.97,120,50100.65,2021-03-18,Closed,No
LOAN0000524,CUST000336,Car Loan,6959592,18.19,48,205129.63,2021-05-01,Closed,Yes
LOAN0000525,CUST000952,Home Loan,1716928,10.4,60,36818.48,2023-09-19,Defaulted,No
LOAN0000526,CUST000316,Gold Loan,4527208,13.89,60,105082.21,2025-02-26,Active,Yes
LOAN0000527,CUST000582,Education Loan,4378614,12.96,180,55284.88,2024-03-17,Closed,Yes
LOAN0000528,CUST000204,Business Loan,2938694,12.09,240,32542.13,2020-01-26,Active,Yes
LOAN0000529,CUST000077,Gold Loan,6681725,15.2,84,129686.51,2025-09-24,Active,Yes
LOAN0000530,CUST000663,Business Loan,3086189,9.58,36,98975.19,2026-03-23,Active,No
LOAN0000531,CUST000750,Gold Loan,6091767,8.26,12,530645.84,2019-08-14,Closed,No
LOAN0000532,CUST000752,Education Loan,7435570,11.62,240,79910.81,2024-06-21,Active,No
LOAN0000533,CUST000429,Personal Loan,4354044,12.36,24,205692.73,2020-12-11,Active,Yes
LOAN0000534,CUST000528,Gold Loan,3678245,15.45,24,179133.19,2024-11-08,Active,Yes
LOAN0000535,CUST000011,Personal Loan,6803708,14.21,84,128292.15,2023-07-08,Active,Yes
LOAN0000536,CUST000335,Car Loan,1746337,17.66,120,31085.16,2025-07-24,Active,No
LOAN0000537,CUST000225,Education Loan,5300762,16.9,240,77348.76,2021-11-29,Defaulted,Yes
LOAN0000538,CUST000904,Car Loan,2093941,7.24,36,64884.84,2025-03-02,Closed,No
LOAN0000539,CUST000952,Car Loan,2725115,7.95,240,22709.23,2018-09-26,Active,Yes
LOAN0000540,CUST000296,Education Loan,6162306,13.63,36,209507.31,2019-05-09,Active,Yes
LOAN0000541,CUST000954,Gold Loan,6599811,7.56,12,572765.39,2026-01-04,Closed,Yes
LOAN0000542,CUST000942,Gold Loan,1834767,12.46,48,48731.88,2025-12-01,Active,No
LOAN0000543,CUST000069,Home Loan,2334697,17.74,36,84100.69,2022-01-15,Active,Yes
LOAN0000544,CUST000596,Gold Loan,4179032,10.37,84,70178.43,2024-09-10,Active,Yes
LOAN0000545,CUST000507,Car Loan,3066815,13.18,36,103599.21,2019-11-04,Active,Yes
LOAN0000546,CUST000314,Personal Loan,3198110,10.19,48,81404.46,2018-03-16,Active,No
LOAN0000547,CUST000249,Business Loan,381663,13.7,48,10372.16,2018-03-06,Active,Yes
LOAN0000548,CUST000868,Gold Loan,3749047,17.47,60,94123.54,2023-01-01,Active,Yes
LOAN0000549,CUST000513,Business Loan,282904,17.92,36,10216.31,2021-04-10,Closed,No
LOAN0000550,CUST000590,Personal Loan,4131568,18.35,180,67578.65,2025-09-23,Closed,No
LOAN0000551,CUST000284,Car Loan,1207247,14.73,12,108810.33,2024-02-15,Active,No
LOAN0000552,CUST000276,Home Loan,5587690,9.44,180,58145.91,2018-12-15,Active,Yes
LOAN0000553,CUST000789,Education Loan,4829552,17.52,84,100152.53,2025-01-16,Defaulted,Yes
LOAN0000554,CUST000676,Personal Loan,4576096,8.93,180,46223.45,2020-04-20,Closed,Yes
LOAN0000555,CUST000863,Car Loan,7298728,15.65,84,143516.64,2023-12-07,Closed,Yes
LOAN0000556,CUST000837,Education Loan,3531044,15.7,84,69531.83,2023-02-04,Active,Yes
LOAN0000557,CUST000497,Home Loan,4509074,8.54,120,56002.57,2021-05-25,Defaulted,No
LOAN0000558,CUST000629,Car Loan,920014,8.69,48,22759.4,2022-08-08,Active,Yes
LOAN0000559,CUST000236,Education Loan,2322161,7.83,12,201818.66,2022-07-04,Active,No
LOAN0000560,CUST000332,Education Loan,2907701,14.39,24,140143.43,2022-01-02,Active,No
LOAN0000561,CUST000981,Education Loan,201046,16.19,12,18259.16,2022-03-18,Under Review,Yes
LOAN0000562,CUST000353,Home Loan,3909129,10.11,24,180585.0,2020-01-05,Active,Yes
LOAN0000563,CUST000069,Business Loan,5306193,18.23,36,192444.37,2020-09-06,Active,No
LOAN0000564,CUST000126,Personal Loan,6022558,13.2,48,162168.62,2021-12-25,Closed,Yes
LOAN0000565,CUST000572,Car Loan,2912315,12.84,84,52727.73,2018-10-23,Closed,No
LOAN0000566,CUST000299,Education Loan,1771361,12.89,36,59590.34,2020-11-21,Closed,No
LOAN0000567,CUST000216,Car Loan,4459582,14.72,180,61562.71,2019-08-15,Under Review,Yes
LOAN0000568,CUST000666,Education Loan,2954585,7.33,12,256100.33,2025-07-11,Active,Yes
LOAN0000569,CUST000531,Home Loan,5232473,10.59,48,134196.53,2025-08-16,Closed,No
LOAN0000570,CUST000871,Personal Loan,6575320,7.25,24,295139.81,2025-04-04,Active,No
LOAN0000571,CUST000889,Personal Loan,3271955,9.48,48,82170.53,2018-09-07,Active,No
LOAN0000572,CUST000350,Personal Loan,1640778,12.77,48,43830.89,2018-12-02,Active,Yes
LOAN0000573,CUST000190,Business Loan,4304317,10.1,84,71679.36,2018-01-23,Active,Yes
LOAN0000574,CUST000420,Home Loan,1052945,16.52,48,30121.92,2023-06-26,Active,Yes
LOAN0000575,CUST000002,Home Loan,3714877,7.42,60,74297.37,2018-03-30,Active,Yes
LOAN0000576,CUST000056,Car Loan,2183911,11.15,180,25028.36,2022-03-24,Active,Yes
LOAN0000577,CUST000209,Gold Loan,5895316,8.66,36,186537.99,2022-05-09,Closed,Yes
LOAN0000578,CUST000620,Home Loan,3766069,9.9,24,173611.21,2018-08-24,Under Review,Yes
LOAN0000579,CUST000604,Car Loan,3154221,7.89,84,48989.68,2020-12-25,Under Review,Yes
LOAN0000580,CUST000811,Business Loan,7240623,14.57,180,99214.89,2025-04-02,Active,Yes
LOAN0000581,CUST000384,Car Loan,7358681,14.45,48,202751.87,2022-12-20,Active,Yes
LOAN0000582,CUST000061,Personal Loan,118779,8.56,24,5402.44,2025-06-03,Active,Yes
LOAN0000583,CUST000807,Personal Loan,3981438,14.35,84,75384.11,2024-10-22,Active,No
LOAN0000584,CUST000623,Education Loan,6719669,9.48,84,109757.34,2021-03-08,Active,Yes
LOAN0000585,CUST000231,Education Loan,1610478,10.55,240,16132.81,2024-10-30,Active,Yes
LOAN0000586,CUST000235,Home Loan,1620466,16.14,24,79451.5,2025-11-25,Active,Yes
LOAN0000587,CUST000110,Home Loan,367495,12.95,36,12373.51,2021-02-05,Active,Yes
LOAN0000588,CUST000733,Car Loan,7285502,16.66,24,359022.62,2020-01-22,Active,No
LOAN0000589,CUST000729,Personal Loan,4503402,10.29,84,75438.33,2018-11-22,Active,Yes
LOAN0000590,CUST000108,Business Loan,4295653,17.88,120,77069.76,2018-12-24,Active,No
LOAN0000591,CUST000780,Home Loan,5763425,16.12,36,202966.54,2021-06-15,Active,Yes
LOAN0000592,CUST000229,Business Loan,1169138,13.02,84,21281.63,2021-02-28,Active,Yes
LOAN0000593,CUST000675,Education Loan,1599064,12.44,84,28605.5,2024-02-14,Active,No
LOAN0000594,CUST000118,Home Loan,4418500,11.12,36,144907.24,2019-03-31,Active,No
LOAN0000595,CUST000061,Gold Loan,6697799,15.83,12,607158.36,2021-11-28,Under Review,No
LOAN0000596,CUST000799,Car Loan,5527258,13.58,12,495184.94,2022-06-23,Active,No
LOAN0000597,CUST000127,Personal Loan,2785832,13.45,60,64029.83,2021-03-01,Active,Yes
LOAN0000598,CUST000183,Home Loan,2123531,10.42,12,187107.17,2026-02-23,Active,Yes
LOAN0000599,CUST000067,Gold Loan,1878472,15.8,60,45481.41,2024-10-07,Active,No
LOAN0000600,CUST000162,Personal Loan,2207341,11.14,120,30581.31,2024-03-10,Closed,Yes
LOAN0000601,CUST000673,Gold Loan,258821,10.8,12,22850.89,2021-02-26,Active,No
LOAN0000602,CUST000643,Personal Loan,4953329,9.23,48,123805.47,2024-10-31,Active,No
LOAN0000603,CUST000853,Gold Loan,1920324,13.14,12,171644.27,2020-06-10,Active,Yes
LOAN0000604,CUST000897,Gold Loan,7269361,12.32,36,242559.35,2023-06-27,Defaulted,Yes
LOAN0000605,CUST000857,Business Loan,4258189,14.67,12,383674.19,2024-05-30,Active,No
LOAN0000606,CUST000871,Education Loan,1128446,14.95,48,31376.9,2026-02-04,Active,Yes
LOAN0000607,CUST000656,Home Loan,385648,8.27,12,33595.08,2024-10-10,Active,No
LOAN0000608,CUST000019,Business Loan,6568728,9.36,120,84495.05,2023-08-16,Active,Yes
LOAN0000609,CUST000288,Business Loan,4545237,9.04,48,113194.76,2021-01-20,Active,No
LOAN0000610,CUST000267,Education Loan,6760473,14.65,48,186951.78,2026-02-27,Active,No
LOAN0000611,CUST000290,Business Loan,6077187,15.31,180,86349.56,2023-11-22,Active,No
LOAN0000612,CUST000560,Home Loan,7179713,7.32,12,622296.86,2021-11-23,Closed,No
LOAN0000613,CUST000305,Education Loan,1996717,11.9,24,93899.18,2024-10-05,Active,No
LOAN0000614,CUST000420,Gold Loan,2536575,17.36,84,52366.04,2025-03-17,Active,Yes
LOAN0000615,CUST000430,Gold Loan,7183306,16.02,24,351785.65,2018-07-23,Closed,No
LOAN0000616,CUST000009,Home Loan,4055939,12.26,24,191419.97,2023-09-22,Active,Yes
LOAN0000617,CUST000232,Car Loan,5803896,10.61,120,78672.78,2022-04-15,Active,Yes
LOAN0000618,CUST000184,Personal Loan,5468712,13.37,24,260943.97,2024-08-17,Active,No
LOAN0000619,CUST000407,Business Loan,3948608,11.72,240,42709.26,2021-02-24,Closed,Yes
LOAN0000620,CUST000817,Personal Loan,992562,18.08,84,20908.07,2022-03-17,Active,Yes
LOAN0000621,CUST000225,Car Loan,4533527,10.66,48,116424.23,2023-01-15,Active,Yes
LOAN0000622,CUST000279,Gold Loan,2246249,15.15,60,53615.13,2026-02-16,Active,Yes
LOAN0000623,CUST000542,Home Loan,7409738,11.29,120,103289.29,2021-06-28,Active,Yes
LOAN0000624,CUST000100,Home Loan,4975663,9.28,48,124482.17,2020-06-27,Active,Yes
LOAN0000625,CUST000959,Business Loan,5863581,7.79,180,55326.9,2022-12-20,Active,Yes
LOAN0000626,CUST000208,Business Loan,55637,12.57,84,999.19,2022-07-31,Defaulted,Yes
LOAN0000627,CUST000094,Personal Loan,4369956,14.65,12,393703.5,2025-06-24,Closed,No
LOAN0000628,CUST000753,Home Loan,3487071,8.85,180,35057.72,2021-05-23,Closed,Yes
LOAN0000629,CUST000454,Car Loan,5861595,16.6,84,118435.32,2021-03-27,Active,Yes
LOAN0000630,CUST000802,Car Loan,5071758,16.22,180,75268.34,2022-06-14,Active,Yes
LOAN0000631,CUST000362,Business Loan,3211062,11.95,120,45976.65,2020-03-03,Closed,No
LOAN0000632,CUST000748,Business Loan,3677403,16.14,120,61922.55,2026-02-07,Active,Yes
LOAN0000633,CUST000234,Personal Loan,288152,16.41,48,8226.94,2026-02-24,Active,No
LOAN0000634,CUST000579,Home Loan,4254905,11.07,180,48548.31,2024-06-06,Active,Yes
LOAN0000635,CUST000771,Car Loan,4310509,7.66,240,35148.1,2020-06-01,Active,No
LOAN0000636,CUST000957,Business Loan,5857262,17.64,180,92813.44,2022-09-19,Active,No
LOAN0000637,CUST000096,Home Loan,1983156,9.05,240,17906.79,2024-03-13,Active,Yes
LOAN0000638,CUST000960,Education Loan,7455463,8.59,180,73810.74,2024-08-07,Active,No
LOAN0000639,CUST000971,Gold Loan,6303038,7.92,24,284839.42,2023-05-17,Active,No
LOAN0000640,CUST000847,Business Loan,273144,16.96,24,13499.61,2024-01-02,Closed,Yes
LOAN0000641,CUST000279,Personal Loan,5619862,17.93,12,515041.71,2020-05-24,Active,No
LOAN0000642,CUST000595,Car Loan,6722445,8.23,24,304743.64,2024-10-30,Active,Yes
LOAN0000643,CUST000504,Education Loan,5089638,17.68,24,253309.36,2019-04-14,Active,Yes
LOAN0000644,CUST000912,Gold Loan,172656,7.41,120,2041.36,2023-04-28,Active,Yes
LOAN0000645,CUST000323,Gold Loan,3934349,7.55,180,36583.78,2022-11-13,Under Review,Yes
LOAN0000646,CUST000083,Gold Loan,4933291,12.56,120,72384.59,2018-10-23,Active,No
LOAN0000647,CUST000831,Gold Loan,4835756,17.09,120,84320.29,2018-03-23,Active,No
LOAN0000648,CUST000167,Business Loan,388239,17.91,120,6973.01,2019-06-16,Active,Yes
LOAN0000649,CUST000261,Car Loan,828368,7.68,120,9910.87,2019-06-09,Active,No
LOAN0000650,CUST000926,Business Loan,297444,13.4,180,3842.01,2024-03-30,Active,No
LOAN0000651,CUST000515,Business Loan,2250808,18.41,12,206793.5,2019-03-06,Active,Yes
LOAN0000652,CUST000606,Business Loan,6511638,17.38,36,233391.0,2025-07-14,Under Review,Yes
LOAN0000653,CUST000232,Education Loan,2836664,10.56,12,250127.25,2022-02-25,Active,Yes
LOAN0000654,CUST000110,Car Loan,3150245,14.73,84,60313.28,2025-02-17,Active,Yes
LOAN0000655,CUST000651,Personal Loan,2190307,12.74,60,49545.18,2023-05-01,Active,No
LOAN0000656,CUST000414,Personal Loan,4200567,12.62,36,140766.09,2019-07-13,Active,No
LOAN0000657,CUST000327,Home Loan,5516986,16.24,180,81953.06,2022-05-22,Active,Yes
LOAN0000658,CUST000993,Car Loan,5132038,9.88,84,84880.04,2020-03-07,Active,No
LOAN0000659,CUST000107,Personal Loan,5481117,9.96,48,138910.02,2019-03-26,Active,Yes
LOAN0000660,CUST000547,Gold Loan,1871449,11.7,60,41346.19,2019-06-02,Active,No
LOAN0000661,CUST000998,Car Loan,6635791,8.1,48,162310.72,2025-05-04,Closed,No
LOAN0000662,CUST000197,Personal Loan,6746396,15.36,180,96090.68,2020-09-06,Closed,Yes
LOAN0000663,CUST000901,Business Loan,1704141,14.8,36,58907.84,2024-01-02,Active,Yes
LOAN0000664,CUST000517,Gold Loan,6969810,10.63,12,614801.12,2020-06-07,Active,No
LOAN0000665,CUST000314,Personal Loan,3023937,14.65,24,146118.22,2023-01-14,Active,Yes
LOAN0000666,CUST000951,Gold Loan,4453015,16.32,180,66397.66,2021-09-04,Defaulted,No
LOAN0000667,CUST000473,Education Loan,5405676,12.45,60,121479.14,2022-05-02,Active,Yes
LOAN0000668,CUST000394,Home Loan,5475462,13.85,24,262504.88,2018-01-16,Closed,No
LOAN0000669,CUST000557,Car Loan,92003,13.69,24,4403.87,2021-08-27,Closed,Yes
LOAN0000670,CUST000155,Gold Loan,1232103,12.62,12,109828.54,2020-05-04,Active,No
LOAN0000671,CUST000463,Gold Loan,4505313,15.84,240,62140.24,2018-07-15,Closed,Yes
LOAN0000672,CUST000269,Education Loan,1517145,14.78,60,35917.81,2022-02-23,Active,Yes
LOAN0000673,CUST000648,Education Loan,4188225,12.48,240,47525.09,2018-01-29,Active,Yes
LOAN0000674,CUST000054,Home Loan,6977963,13.97,24,334933.24,2021-11-23,Under Review,No
LOAN0000675,CUST000388,Gold Loan,4670347,7.61,180,43587.15,2024-02-05,Active,No
LOAN0000676,CUST000324,Personal Loan,6877936,13.73,120,105677.52,2018-12-26,Active,No
LOAN0000677,CUST000862,Education Loan,5952495,12.98,60,135376.62,2018-01-30,Active,Yes
LOAN0000678,CUST000902,Car Loan,6602826,15.97,84,131032.96,2023-11-13,Active,No
LOAN0000679,CUST000763,Home Loan,5056327,11.69,60,111684.72,2021-09-25,Active,No
LOAN0000680,CUST000500,Personal Loan,5104952,16.42,60,125284.61,2019-07-14,Closed,No
LOAN0000681,CUST000070,Home Loan,5076643,14.06,84,95304.69,2024-01-09,Closed,Yes
LOAN0000682,CUST000006,Car Loan,5744789,9.88,240,54982.49,2018-12-28,Active,Yes
LOAN0000683,CUST000462,Home Loan,4069229,11.18,36,133568.47,2025-08-11,Active,Yes
LOAN0000684,CUST000745,Home Loan,2579989,12.28,48,68296.24,2021-04-02,Active,Yes
LOAN0000685,CUST000402,Gold Loan,3513035,16.26,60,85916.26,2019-10-25,Active,Yes
LOAN0000686,CUST000248,Education Loan,602341,14.56,180,8249.51,2023-10-09,Active,No
LOAN0000687,CUST000871,Gold Loan,794851,10.04,60,16903.88,2021-03-08,Active,No
LOAN0000688,CUST000296,Car Loan,2835223,18.32,180,46313.29,2018-04-14,Active,No
LOAN0000689,CUST000172,Personal Loan,981603,13.25,12,87789.28,2024-06-10,Active,Yes
LOAN0000690,CUST000021,Education Loan,2844119,11.54,12,252084.9,2025-03-10,Active,Yes
LOAN0000691,CUST000825,Education Loan,6865296,11.71,24,322244.35,2020-12-02,Active,Yes
LOAN0000692,CUST000167,Business Loan,796977,12.66,240,9144.83,2024-07-28,Active,Yes
LOAN0000693,CUST000681,Gold Loan,5169605,7.83,120,62258.16,2025-09-21,Active,No
LOAN0000694,CUST000796,Education Loan,1545835,12.79,120,22889.9,2019-11-15,Defaulted,No
LOAN0000695,CUST000697,Gold Loan,834113,11.6,24,39108.97,2018-06-30,Active,Yes
LOAN0000696,CUST000275,Gold Loan,2733323,14.29,12,245790.31,2022-01-30,Closed,No
LOAN0000697,CUST000867,Business Loan,5122400,17.72,36,184468.32,2025-09-26,Active,Yes
LOAN0000698,CUST000081,Car Loan,756045,11.34,240,7979.5,2021-05-19,Defaulted,Yes
LOAN0000699,CUST000805,Car Loan,1711192,8.42,180,16770.64,2021-01-23,Defaulted,Yes
LOAN0000700,CUST000685,Car Loan,7273138,18.4,12,668186.58,2023-10-05,Closed,No
LOAN0000701,CUST000957,Car Loan,683750,12.18,12,60807.95,2021-03-20,Closed,No
LOAN0000702,CUST000884,Business Loan,2344345,12.4,24,110794.89,2021-06-05,Defaulted,Yes
LOAN0000703,CUST000011,Personal Loan,892568,17.59,36,32085.19,2025-05-16,Active,Yes
LOAN0000704,CUST000819,Education Loan,5958647,10.8,120,81407.24,2019-02-16,Active,No
LOAN0000705,CUST000369,Gold Loan,3886494,12.64,36,130278.45,2019-11-12,Active,Yes
LOAN0000706,CUST000875,Gold Loan,3986083,17.54,12,364571.99,2018-08-28,Active,No
LOAN0000707,CUST000809,Car Loan,5396888,12.88,48,144463.76,2019-11-21,Active,No
LOAN0000708,CUST000955,Home Loan,3407272,7.83,24,153837.64,2024-06-23,Defaulted,Yes
LOAN0000709,CUST000902,Personal Loan,1189221,15.14,24,57740.47,2022-12-29,Defaulted,No
LOAN0000710,CUST000803,Education Loan,3243561,10.35,24,150198.4,2022-10-22,Active,Yes
LOAN0000711,CUST000893,Personal Loan,315666,14.29,180,4265.54,2023-11-09,Active,Yes
LOAN0000712,CUST000960,Business Loan,6288274,15.73,60,152017.96,2022-01-04,Active,No
LOAN0000713,CUST000525,Business Loan,397343,13.31,180,5108.67,2020-07-31,Closed,Yes
LOAN0000714,CUST000186,Gold Loan,3576698,16.79,36,127145.54,2026-02-06,Active,Yes
LOAN0000715,CUST000589,Business Loan,1661728,9.43,12,145652.13,2020-12-03,Closed,Yes
LOAN0000716,CUST000397,Education Loan,3786609,12.44,48,100535.94,2024-10-24,Active,No
LOAN0000717,CUST000852,Personal Loan,3711891,8.9,12,324438.24,2022-03-15,Active,No
LOAN0000718,CUST000121,Business Loan,5214227,8.89,60,107960.62,2018-09-25,Active,Yes
LOAN0000719,CUST000091,Business Loan,6481524,14.37,36,222689.68,2024-05-09,Active,Yes
LOAN0000720,CUST000544,Gold Loan,2658106,17.0,84,54320.54,2018-07-21,Active,No
LOAN0000721,CUST000429,Personal Loan,5112546,12.26,24,241286.52,2024-11-14,Closed,Yes
LOAN0000722,CUST000034,Personal Loan,6886652,9.7,36,221244.18,2024-01-17,Closed,No
LOAN0000723,CUST000621,Business Loan,2387883,18.2,180,38799.07,2018-11-23,Active,Yes
LOAN0000724,CUST000875,Gold Loan,2485461,16.9,84,50648.86,2018-10-16,Active,Yes
LOAN0000725,CUST000490,Personal Loan,5048307,9.93,120,66518.22,2024-06-21,Active,No
LOAN0000726,CUST000673,Education Loan,7154302,15.24,180,101309.33,2024-05-26,Active,No
LOAN0000727,CUST000474,Gold Loan,5194480,7.61,24,234009.39,2025-11-28,Active,Yes
LOAN0000728,CUST000955,Car Loan,5736750,13.73,12,514357.73,2022-04-30,Active,No
LOAN0000729,CUST000212,Personal Loan,6659851,11.73,48,174497.84,2018-04-04,Active,No
LOAN0000730,CUST000370,Education Loan,1561323,10.6,120,21155.23,2023-03-18,Active,No
LOAN0000731,CUST000543,Business Loan,3110163,7.59,24,140083.38,2022-11-13,Active,No
LOAN0000732,CUST000069,Gold Loan,2368520,16.18,240,33272.44,2019-04-09,Active,Yes
LOAN0000733,CUST000256,Business Loan,475564,9.18,84,7694.9,2025-04-18,Active,No
LOAN0000734,CUST000773,Home Loan,5201621,18.3,36,188834.8,2019-07-04,Active,Yes
LOAN0000735,CUST000346,Gold Loan,4218901,10.06,60,89763.78,2021-10-05,Active,Yes
LOAN0000736,CUST000636,Business Loan,3216566,8.31,24,145931.77,2024-02-21,Active,Yes
LOAN0000737,CUST000322,Car Loan,243941,10.97,180,2768.03,2023-06-04,Defaulted,Yes
LOAN0000738,CUST000802,Car Loan,2766121,10.73,120,37681.79,2018-05-11,Closed,No
LOAN0000739,CUST000323,Business Loan,6852777,12.95,36,230732.14,2023-07-22,Defaulted,Yes
LOAN0000740,CUST000365,Business Loan,4719957,17.05,60,117430.02,2020-09-22,Active,Yes
LOAN0000741,CUST000373,Gold Loan,3535412,10.79,84,60145.21,2024-06-10,Active,No
LOAN0000742,CUST000498,Car Loan,2833070,11.35,60,62093.47,2019-02-02,Active,Yes
LOAN0000743,CUST000866,Education Loan,6917801,7.38,60,138224.4,2024-09-17,Closed,Yes
LOAN0000744,CUST000900,Car Loan,1340318,14.21,48,36767.52,2018-08-27,Active,No
LOAN0000745,CUST000068,Gold Loan,5358367,18.16,24,267926.09,2021-12-14,Active,Yes
LOAN0000746,CUST000499,Education Loan,1816789,13.05,12,162313.27,2019-08-16,Closed,No
LOAN0000747,CUST000868,Car Loan,273866,12.47,120,4003.95,2021-12-24,Under Review,No
LOAN0000748,CUST000894,Business Loan,6472482,7.61,240,52578.08,2021-09-09,Closed,No
LOAN0000749,CUST000171,Gold Loan,124159,17.38,12,11346.29,2018-01-26,Closed,Yes
LOAN0000750,CUST000782,Gold Loan,2452905,8.19,48,60101.59,2019-08-27,Active,Yes
LOAN0000751,CUST000870,Car Loan,3008252,14.34,84,56941.2,2021-12-21,Active,No
LOAN0000752,CUST000760,Personal Loan,6053163,7.39,48,146048.3,2020-09-15,Active,Yes
LOAN0000753,CUST000233,Education Loan,5065567,7.35,60,101142.89,2022-04-02,Active,Yes
LOAN0000754,CUST000746,Education Loan,6324141,15.18,84,122674.94,2023-09-21,Active,No
LOAN0000755,CUST000328,Gold Loan,4186520,16.91,120,72522.15,2024-07-03,Active,No
LOAN0000756,CUST000561,Education Loan,7259470,12.43,120,105964.79,2021-12-22,Active,Yes
LOAN0000757,CUST000649,Education Loan,689176,8.42,24,31301.75,2019-12-07,Closed,No
LOAN0000758,CUST000071,Education Loan,5100912,10.37,84,85659.55,2022-01-16,Closed,No
LOAN0000759,CUST000545,Home Loan,7102797,8.72,60,146479.04,2021-03-04,Active,Yes
LOAN0000760,CUST000170,Gold Loan,5627861,17.35,12,514222.91,2025-11-08,Under Review,No
LOAN0000761,CUST000463,Gold Loan,2936422,10.49,36,95427.04,2024-07-13,Active,Yes
LOAN0000762,CUST000838,Car Loan,3819102,9.16,84,61756.39,2018-04-30,Active,Yes
LOAN0000763,CUST000114,Car Loan,2944033,8.01,12,256110.42,2018-05-26,Active,Yes
LOAN0000764,CUST000333,Personal Loan,171640,7.62,120,2048.16,2020-03-04,Defaulted,Yes
LOAN0000765,CUST000572,Gold Loan,4587057,12.5,12,408628.17,2018-08-23,Closed,Yes
LOAN0000766,CUST000986,Education Loan,6968617,13.87,12,625265.86,2018-12-10,Closed,Yes
LOAN0000767,CUST000982,Home Loan,5228023,16.85,84,106386.15,2018-09-10,Active,Yes
LOAN0000768,CUST000820,Home Loan,6763318,11.11,120,93586.34,2019-02-06,Active,No
LOAN0000769,CUST000957,Home Loan,4618268,11.2,24,215676.57,2024-12-16,Closed,No
LOAN0000770,CUST000512,Car Loan,3290660,13.16,180,41981.86,2020-10-14,Closed,Yes
LOAN0000771,CUST000509,Car Loan,289796,17.3,240,4316.97,2023-05-15,Closed,Yes
LOAN0000772,CUST000059,Car Loan,1204105,13.0,240,14107.0,2020-04-16,Active,Yes
LOAN0000773,CUST000756,Education Loan,6745565,10.38,180,74064.36,2025-11-24,Active,Yes
LOAN0000774,CUST000229,Car Loan,4255660,15.53,240,57711.66,2024-11-20,Active,Yes
LOAN0000775,CUST000708,Gold Loan,4535187,16.35,180,67718.31,2022-11-24,Active,No
LOAN0000776,CUST000990,Personal Loan,1436268,16.63,120,24626.28,2018-04-04,Closed,Yes
LOAN0000777,CUST000674,Business Loan,2136245,16.47,240,30476.41,2020-11-09,Active,No
LOAN0000778,CUST000969,Gold Loan,127529,13.72,84,2370.21,2019-07-26,Closed,No
LOAN0000779,CUST000239,Education Loan,6908171,8.49,60,141698.41,2023-07-21,Active,No
LOAN0000780,CUST000169,Business Loan,1848790,15.39,240,24879.09,2024-03-05,Active,Yes
LOAN0000781,CUST000383,Car Loan,2064233,9.69,180,21792.52,2018-01-17,Active,No
LOAN0000782,CUST000227,Car Loan,2834579,17.55,36,101838.07,2025-09-26,Active,No
LOAN0000783,CUST000575,Education Loan,6798914,17.9,36,245456.1,2018-09-20,Active,No
LOAN0000784,CUST000072,Gold Loan,2021233,14.48,48,55721.09,2024-05-17,Active,No
LOAN0000785,CUST000874,Personal Loan,5786538,12.62,60,130538.63,2021-07-24,Active,No
LOAN0000786,CUST000955,Business Loan,1866260,15.91,60,45294.62,2023-09-03,Active,No
LOAN0000787,CUST000723,Business Loan,4972120,14.37,24,239595.83,2024-12-04,Active,Yes
LOAN0000788,CUST000251,Business Loan,3723590,15.58,48,104728.35,2018-08-31,Closed,Yes
LOAN0000789,CUST000106,Home Loan,1407945,12.0,240,15502.69,2024-10-20,Active,No
LOAN0000790,CUST000008,Education Loan,4045161,11.39,84,70095.29,2025-11-15,Active,No
LOAN0000791,CUST000439,Business Loan,6901080,10.9,60,149702.27,2021-04-26,Active,No
LOAN0000792,CUST000399,Education Loan,2164386,13.43,12,193753.98,2019-10-02,Defaulted,Yes
LOAN0000793,CUST000354,Business Loan,7229195,11.44,36,238183.74,2021-10-11,Under Review,Yes
LOAN0000794,CUST000309,Education Loan,3354043,15.76,240,46060.45,2022-05-09,Closed,Yes
LOAN0000795,CUST000262,Business Loan,6355504,16.93,36,226369.7,2022-09-12,Defaulted,No
LOAN0000796,CUST000496,Car Loan,1818487,13.79,48,49501.49,2018-03-01,Closed,Yes
LOAN0000797,CUST000830,Gold Loan,2605170,17.1,120,45442.46,2021-01-16,Active,Yes
LOAN0000798,CUST000646,Home Loan,5340829,10.55,36,173715.94,2021-02-15,Active,No
LOAN0000799,CUST000480,Gold Loan,2181812,7.63,12,189419.35,2022-02-13,Active,No
LOAN0000800,CUST000110,Business Loan,2459264,11.47,240,26175.5,2022-12-11,Active,No
